[20:16:32.981][info] [#0:/Users/florian/.config/nvim/mason/packages/lua-language-server/libexec/main.lua:68]: Lua Lsp startup, root: 	/Users/florian/.config/nvim/mason/packages/lua-language-server/libexec
[20:16:32.982][info] [#0:/Users/florian/.config/nvim/mason/packages/lua-language-server/libexec/main.lua:69]: ROOT:	/Users/florian/.config/nvim/mason/packages/lua-language-server/libexec
[20:16:32.982][info] [#0:/Users/florian/.config/nvim/mason/packages/lua-language-server/libexec/main.lua:70]: LOGPATH:	/Users/florian/.config/nvim/mason/packages/lua-language-server/libexec/log
[20:16:32.982][info] [#0:/Users/florian/.config/nvim/mason/packages/lua-language-server/libexec/main.lua:71]: METAPATH:	/Users/florian/.config/nvim/mason/packages/lua-language-server/libexec/meta
[20:16:32.983][info] [#0:/Users/florian/.config/nvim/mason/packages/lua-language-server/libexec/main.lua:72]: VERSION:	3.15.0
[20:16:33.013][info] [#0:script/proto/proto.lua:260]: Listen Mode: stdio
[20:16:33.013][info] [#0:script/service/service.lua:145]: 
========= Medical Examination Report =========
    --------------- Memory ---------------
        Total: 2.265 MB
        # 00 : 2.265 MB
        # 01 : 0.000 MB
        # 02 : 0.000 MB
        # 03 : 0.000 MB
        # 04 : 0.000 MB
    --------------- Coroutine ---------------
        Total:     0
        Running:   0
        Suspended: 0
        Normal:    0
        Dead:      0
    --------------- Cache ---------------
        Total: 1
        Dead:  0
    ---------------  RPC  ---------------
        Holdon:   0
        Waiting:  0
==============================================
[20:16:33.124][info] [#0:script/client.lua:657]: Client init	{
  capabilities = {
    fileOperations = {
      didRename = true,
      willRename = true
    },
    general = {
      positionEncodings = { "utf-8", "utf-16", "utf-32" }
    },
    textDocument = {
      callHierarchy = {
        dynamicRegistration = false
      },
      codeAction = {
        codeActionLiteralSupport = {
          codeActionKind = {
            valueSet = { "", "quickfix", "refactor", "refactor.extract", "refactor.inline", "refactor.rewrite", "source", "source.organizeImports" }
          }
        },
        dataSupport = true,
        dynamicRegistration = true,
        isPreferredSupport = true,
        resolveSupport = {
          properties = { "edit", "command" }
        }
      },
      codeLens = {
        dynamicRegistration = false,
        resolveSupport = {
          properties = { "command" }
        }
      },
      completion = {
        completionItem = {
          commitCharactersSupport = false,
          deprecatedSupport = true,
          documentationFormat = { "markdown", "plaintext" },
          insertReplaceSupport = true,
          insertTextModeSupport = {
            valueSet = { 1 }
          },
          labelDetailsSupport = true,
          preselectSupport = false,
          resolveSupport = {
            properties = { "documentation", "detail", "additionalTextEdits", "command", "data" }
          },
          snippetSupport = true,
          tagSupport = {
            valueSet = { 1 }
          }
        },
        completionItemKind = {
          valueSet = { 1, 2, 3, 4, 5, 6, 7, 8, 9, 10, 11, 12, 13, 14, 15, 16, 17, 18, 19, 20, 21, 22, 23, 24, 25 }
        },
        completionList = {
          itemDefaults = { "commitCharacters", "editRange", "insertTextFormat", "insertTextMode", "data" }
        },
        contextSupport = true,
        dynamicRegistration = false,
        insertTextMode = 1
      },
      declaration = {
        linkSupport = true
      },
      definition = {
        dynamicRegistration = true,
        linkSupport = true
      },
      diagnostic = {
        dynamicRegistration = false
      },
      documentHighlight = {
        dynamicRegistration = false
      },
      documentSymbol = {
        dynamicRegistration = false,
        hierarchicalDocumentSymbolSupport = true,
        symbolKind = {
          valueSet = { 1, 2, 3, 4, 5, 6, 7, 8, 9, 10, 11, 12, 13, 14, 15, 16, 17, 18, 19, 20, 21, 22, 23, 24, 25, 26 }
        }
      },
      foldingRange = {
        dynamicRegistration = false,
        foldingRange = {
          collapsedText = true
        },
        lineFoldingOnly = true
      },
      formatting = {
        dynamicRegistration = true
      },
      hover = {
        contentFormat = { "markdown", "plaintext" },
        dynamicRegistration = true
      },
      implementation = {
        linkSupport = true
      },
      inlayHint = {
        dynamicRegistration = true,
        resolveSupport = {
          properties = { "textEdits", "tooltip", "location", "command" }
        }
      },
      publishDiagnostics = {
        dataSupport = true,
        relatedInformation = true,
        tagSupport = {
          valueSet = { 1, 2 }
        }
      },
      rangeFormatting = {
        dynamicRegistration = true,
        rangesSupport = true
      },
      references = {
        dynamicRegistration = false
      },
      rename = {
        dynamicRegistration = true,
        prepareSupport = true
      },
      semanticTokens = {
        augmentsSyntaxTokens = true,
        dynamicRegistration = false,
        formats = { "relative" },
        multilineTokenSupport = false,
        overlappingTokenSupport = true,
        requests = {
          full = {
            delta = true
          },
          range = false
        },
        serverCancelSupport = false,
        tokenModifiers = { "declaration", "definition", "readonly", "static", "deprecated", "abstract", "async", "modification", "documentation", "defaultLibrary" },
        tokenTypes = { "namespace", "type", "class", "enum", "interface", "struct", "typeParameter", "parameter", "variable", "property", "enumMember", "event", "function", "method", "macro", "keyword", "modifier", "comment", "string", "number", "regexp", "operator", "decorator" }
      },
      signatureHelp = {
        dynamicRegistration = false,
        signatureInformation = {
          activeParameterSupport = true,
          documentationFormat = { "markdown", "plaintext" },
          parameterInformation = {
            labelOffsetSupport = true
          }
        }
      },
      synchronization = {
        didSave = true,
        dynamicRegistration = false,
        willSave = true,
        willSaveWaitUntil = true
      },
      typeDefinition = {
        linkSupport = true
      }
    },
    window = {
      showDocument = {
        support = true
      },
      showMessage = {
        messageActionItem = {
          additionalPropertiesSupport = true
        }
      },
      workDoneProgress = true
    },
    workspace = {
      applyEdit = true,
      configuration = true,
      didChangeConfiguration = {
        dynamicRegistration = false
      },
      didChangeWatchedFiles = {
        dynamicRegistration = true,
        relativePatternSupport = true
      },
      inlayHint = {
        refreshSupport = true
      },
      semanticTokens = {
        refreshSupport = true
      },
      symbol = {
        dynamicRegistration = false,
        symbolKind = {
          valueSet = { 1, 2, 3, 4, 5, 6, 7, 8, 9, 10, 11, 12, 13, 14, 15, 16, 17, 18, 19, 20, 21, 22, 23, 24, 25, 26 }
        }
      },
      workspaceEdit = {
        resourceOperations = { "rename", "create", "delete" }
      },
      workspaceFolders = true
    }
  },
  clientInfo = {
    name = "Neovim",
    version = "0.11.2"
  },
  processId = 47033,
  rootPath = "/Users/florian/.dotfiles/.config/nvim",
  rootUri = "file:///Users/florian/.dotfiles/.config/nvim",
  trace = "off",
  workDoneToken = "1",
  workspaceFolders = { {
      name = "/Users/florian/.dotfiles/.config/nvim",
      uri = "file:///Users/florian/.dotfiles/.config/nvim"
    } }
}
[20:16:33.124][info] [#0:script/language.lua:137]: VSC language: nil
[20:16:33.124][info] [#0:script/language.lua:138]: LS  language: en-us
[20:16:33.124][info] [#0:script/workspace/workspace.lua:38]: Workspace init root: 	file:///Users/florian/.dotfiles/.config/nvim
[20:16:33.124][info] [#0:script/workspace/workspace.lua:42]: Log path: 	/Users/florian/.config/nvim/mason/packages/lua-language-server/libexec/log/file_Users_florian_.dotfiles_.config_nvim.log
[20:16:33.125][info] [#0:script/workspace/workspace.lua:48]: Workspace create: 	file:///Users/florian/.dotfiles/.config/nvim
[20:16:33.337][info] [#0:script/provider/provider.lua:49]: Load config from client	file:///Users/florian/.dotfiles/.config/nvim
[20:16:33.337][info] [#0:script/provider/provider.lua:50]: {
  Lua = {
    autocomplete = false,
    completion = {
      callSnippet = "Disable"
    },
    diagnostics = {
      globals = { "vim", "Snacks" }
    },
    hint = {
      arrayIndex = "Enable",
      enable = true,
      paramName = "Enable",
      paramType = true,
      semicolon = "Disable",
      setType = false
    }
  }
}
[20:16:33.338][info] [#0:script/provider/provider.lua:49]: Load config from client	file:///Users/florian/.dotfiles/.config/nvim
[20:16:33.338][info] [#0:script/provider/provider.lua:50]: {
  Lua = {
    autocomplete = false,
    completion = {
      callSnippet = "Disable"
    },
    diagnostics = {
      globals = { "vim", "Snacks" }
    },
    hint = {
      arrayIndex = "Enable",
      enable = true,
      paramName = "Enable",
      paramType = true,
      semicolon = "Disable",
      setType = false
    }
  }
}
[20:16:33.338][info] [#0:script/provider/provider.lua:65]: Load config from client	fallback
[20:16:33.338][info] [#0:script/provider/provider.lua:66]: {
  Lua = {
    autocomplete = false,
    completion = {
      callSnippet = "Disable"
    },
    diagnostics = {
      globals = { "vim", "Snacks" }
    },
    hint = {
      arrayIndex = "Enable",
      enable = true,
      paramName = "Enable",
      paramType = true,
      semicolon = "Disable",
      setType = false
    }
  }
}
[20:16:33.453][info] [#0:script/library.lua:212]: Init builtin library at:	file:///Users/florian/.dotfiles/.config/nvim
[20:16:33.465][info] [#0:script/library.lua:212]: Init builtin library at:	nil
[20:16:33.469][info] [#0:script/provider/provider.lua:65]: Load config from client	fallback
[20:16:33.469][info] [#0:script/provider/provider.lua:66]: {
  Lua = {
    autocomplete = false,
    completion = {
      callSnippet = "Disable"
    },
    diagnostics = {
      globals = { "vim", "Snacks" }
    },
    hint = {
      arrayIndex = "Enable",
      enable = true,
      paramName = "Enable",
      paramType = true,
      semicolon = "Disable",
      setType = false
    }
  }
}
[20:16:33.574][info] [#0:script/workspace/workspace.lua:330]: Preload start:	file:///Users/florian/.dotfiles/.config/nvim
[20:16:33.577][info] [#0:script/workspace/workspace.lua:336]: Scan files at:	file:///Users/florian/.dotfiles/.config/nvim
[20:16:33.578][info] [#0:script/workspace/workspace.lua:330]: Preload start:	<fallback>
[20:16:33.579][info] [#0:script/workspace/workspace.lua:359]: Scan library at:	file:///Users/florian/.config/nvim/mason/packages/lua-language-server/libexec/meta/Lua%205.4%20en-us%20utf8/basic.lua
[20:16:33.579][info] [#0:script/workspace/workspace.lua:359]: Scan library at:	file:///Users/florian/.config/nvim/mason/packages/lua-language-server/libexec/meta/Lua%205.4%20en-us%20utf8/os.lua
[20:16:33.579][info] [#0:script/workspace/workspace.lua:359]: Scan library at:	file:///Users/florian/.config/nvim/mason/packages/lua-language-server/libexec/meta/Lua%205.4%20en-us%20utf8/table.lua
[20:16:33.580][info] [#0:script/workspace/workspace.lua:359]: Scan library at:	file:///Users/florian/.config/nvim/mason/packages/lua-language-server/libexec/meta/Lua%205.4%20en-us%20utf8/io.lua
[20:16:33.580][info] [#0:script/workspace/workspace.lua:359]: Scan library at:	file:///Users/florian/.config/nvim/mason/packages/lua-language-server/libexec/meta/Lua%205.4%20en-us%20utf8/utf8.lua
[20:16:33.580][info] [#0:script/workspace/workspace.lua:359]: Scan library at:	file:///Users/florian/.config/nvim/mason/packages/lua-language-server/libexec/meta/Lua%205.4%20en-us%20utf8/string.lua
[20:16:33.581][info] [#0:script/workspace/workspace.lua:359]: Scan library at:	file:///Users/florian/.config/nvim/mason/packages/lua-language-server/libexec/meta/Lua%205.4%20en-us%20utf8/builtin.lua
[20:16:33.582][info] [#0:script/workspace/workspace.lua:359]: Scan library at:	file:///Users/florian/.config/nvim/mason/packages/lua-language-server/libexec/meta/Lua%205.4%20en-us%20utf8/debug.lua
[20:16:33.582][info] [#0:script/workspace/workspace.lua:359]: Scan library at:	file:///Users/florian/.config/nvim/mason/packages/lua-language-server/libexec/meta/Lua%205.4%20en-us%20utf8/math.lua
[20:16:33.582][info] [#0:script/workspace/workspace.lua:359]: Scan library at:	file:///Users/florian/.config/nvim/mason/packages/lua-language-server/libexec/meta/Lua%205.4%20en-us%20utf8/package.lua
[20:16:33.582][info] [#0:script/workspace/workspace.lua:359]: Scan library at:	file:///Users/florian/.config/nvim/mason/packages/lua-language-server/libexec/meta/Lua%205.4%20en-us%20utf8/coroutine.lua
[20:16:33.682][info] [#0:script/workspace/workspace.lua:385]: Found 11 files at:	<fallback>
[20:16:33.682][info] [#0:script/workspace/loading.lua:160]: Load files from disk:	<fallback>
[20:16:33.682][info] [#0:script/workspace/loading.lua:100]: Preload file at: file:///Users/florian/.config/nvim/mason/packages/lua-language-server/libexec/meta/Lua%205.4%20en-us%20utf8/coroutine.lua , size = 2.590 KB
[20:16:33.684][info] [#0:script/workspace/loading.lua:112]: ++++As library of:	file:///Users/florian/.config/nvim/mason/packages/lua-language-server/libexec/meta/Lua%205.4%20en-us%20utf8/coroutine.lua
[20:16:33.684][info] [#0:script/workspace/loading.lua:100]: Preload file at: file:///Users/florian/.config/nvim/mason/packages/lua-language-server/libexec/meta/Lua%205.4%20en-us%20utf8/package.lua , size = 2.944 KB
[20:16:33.685][info] [#0:script/workspace/loading.lua:112]: ++++As library of:	file:///Users/florian/.config/nvim/mason/packages/lua-language-server/libexec/meta/Lua%205.4%20en-us%20utf8/package.lua
[20:16:33.685][info] [#0:script/workspace/loading.lua:100]: Preload file at: file:///Users/florian/.config/nvim/mason/packages/lua-language-server/libexec/meta/Lua%205.4%20en-us%20utf8/math.lua , size = 8.542 KB
[20:16:33.687][info] [#0:script/workspace/loading.lua:112]: ++++As library of:	file:///Users/florian/.config/nvim/mason/packages/lua-language-server/libexec/meta/Lua%205.4%20en-us%20utf8/math.lua
[20:16:33.687][info] [#0:script/workspace/loading.lua:100]: Preload file at: file:///Users/florian/.config/nvim/mason/packages/lua-language-server/libexec/meta/Lua%205.4%20en-us%20utf8/debug.lua , size = 7.637 KB
[20:16:33.689][info] [#0:script/workspace/loading.lua:112]: ++++As library of:	file:///Users/florian/.config/nvim/mason/packages/lua-language-server/libexec/meta/Lua%205.4%20en-us%20utf8/debug.lua
[20:16:33.689][info] [#0:script/workspace/loading.lua:100]: Preload file at: file:///Users/florian/.config/nvim/mason/packages/lua-language-server/libexec/meta/Lua%205.4%20en-us%20utf8/builtin.lua , size = 0.302 KB
[20:16:33.689][info] [#0:script/workspace/loading.lua:112]: ++++As library of:	file:///Users/florian/.config/nvim/mason/packages/lua-language-server/libexec/meta/Lua%205.4%20en-us%20utf8/builtin.lua
[20:16:33.689][info] [#0:script/workspace/loading.lua:100]: Preload file at: file:///Users/florian/.config/nvim/mason/packages/lua-language-server/libexec/meta/Lua%205.4%20en-us%20utf8/string.lua , size = 5.234 KB
[20:16:33.691][info] [#0:script/workspace/loading.lua:112]: ++++As library of:	file:///Users/florian/.config/nvim/mason/packages/lua-language-server/libexec/meta/Lua%205.4%20en-us%20utf8/string.lua
[20:16:33.691][info] [#0:script/workspace/loading.lua:100]: Preload file at: file:///Users/florian/.config/nvim/mason/packages/lua-language-server/libexec/meta/Lua%205.4%20en-us%20utf8/utf8.lua , size = 2.386 KB
[20:16:33.691][info] [#0:script/workspace/loading.lua:112]: ++++As library of:	file:///Users/florian/.config/nvim/mason/packages/lua-language-server/libexec/meta/Lua%205.4%20en-us%20utf8/utf8.lua
[20:16:33.691][info] [#0:script/workspace/loading.lua:100]: Preload file at: file:///Users/florian/.config/nvim/mason/packages/lua-language-server/libexec/meta/Lua%205.4%20en-us%20utf8/io.lua , size = 6.364 KB
[20:16:33.693][info] [#0:script/workspace/loading.lua:112]: ++++As library of:	file:///Users/florian/.config/nvim/mason/packages/lua-language-server/libexec/meta/Lua%205.4%20en-us%20utf8/io.lua
[20:16:33.693][info] [#0:script/workspace/loading.lua:100]: Preload file at: file:///Users/florian/.config/nvim/mason/packages/lua-language-server/libexec/meta/Lua%205.4%20en-us%20utf8/table.lua , size = 4.445 KB
[20:16:33.694][info] [#0:script/workspace/loading.lua:112]: ++++As library of:	file:///Users/florian/.config/nvim/mason/packages/lua-language-server/libexec/meta/Lua%205.4%20en-us%20utf8/table.lua
[20:16:33.694][info] [#0:script/workspace/loading.lua:100]: Preload file at: file:///Users/florian/.config/nvim/mason/packages/lua-language-server/libexec/meta/Lua%205.4%20en-us%20utf8/os.lua , size = 5.611 KB
[20:16:33.696][info] [#0:script/workspace/loading.lua:112]: ++++As library of:	file:///Users/florian/.config/nvim/mason/packages/lua-language-server/libexec/meta/Lua%205.4%20en-us%20utf8/os.lua
[20:16:33.696][info] [#0:script/workspace/loading.lua:100]: Preload file at: file:///Users/florian/.config/nvim/mason/packages/lua-language-server/libexec/meta/Lua%205.4%20en-us%20utf8/basic.lua , size = 15.841 KB
[20:16:33.699][info] [#0:script/workspace/loading.lua:112]: ++++As library of:	file:///Users/florian/.config/nvim/mason/packages/lua-language-server/libexec/meta/Lua%205.4%20en-us%20utf8/basic.lua
[20:16:33.782][info] [#0:script/workspace/loading.lua:172]: Loaded files takes [0.072] sec: <fallback>
[20:16:33.782][info] [#0:script/workspace/loading.lua:181]: Compile files takes [0.000] sec: <fallback>
[20:16:33.782][info] [#0:script/workspace/loading.lua:182]: Loaded finish:	<fallback>
[20:16:33.782][info] [#0:script/workspace/workspace.lua:387]: Preload finish at:	<fallback>
[20:16:33.810][info] [#0:script/workspace/workspace.lua:290]: Scan files at:	file:///Users/florian/.dotfiles/.config/nvim/mason/packages/lua-language-server/libexec/log/cache/47054/.lock
[20:16:33.810][info] [#0:script/workspace/workspace.lua:290]: Scan files at:	file:///Users/florian/.dotfiles/.config/nvim/mason/packages/lua-language-server/libexec/log/cache/47054
[20:16:33.810][info] [#0:script/workspace/loading.lua:160]: Load files from disk:	file:///Users/florian/.dotfiles/.config/nvim/mason/packages/lua-language-server/libexec/log/cache/47054/.lock
[20:16:33.810][info] [#0:script/workspace/loading.lua:172]: Loaded files takes [0.000] sec: file:///Users/florian/.dotfiles/.config/nvim/mason/packages/lua-language-server/libexec/log/cache/47054/.lock
[20:16:33.810][info] [#0:script/workspace/loading.lua:181]: Compile files takes [0.000] sec: file:///Users/florian/.dotfiles/.config/nvim/mason/packages/lua-language-server/libexec/log/cache/47054/.lock
[20:16:33.810][info] [#0:script/workspace/loading.lua:182]: Loaded finish:	file:///Users/florian/.dotfiles/.config/nvim/mason/packages/lua-language-server/libexec/log/cache/47054/.lock
[20:16:33.810][info] [#0:script/workspace/loading.lua:160]: Load files from disk:	file:///Users/florian/.dotfiles/.config/nvim/mason/packages/lua-language-server/libexec/log/cache/47054
[20:16:33.810][info] [#0:script/workspace/loading.lua:172]: Loaded files takes [0.000] sec: file:///Users/florian/.dotfiles/.config/nvim/mason/packages/lua-language-server/libexec/log/cache/47054
[20:16:33.810][info] [#0:script/workspace/loading.lua:181]: Compile files takes [0.000] sec: file:///Users/florian/.dotfiles/.config/nvim/mason/packages/lua-language-server/libexec/log/cache/47054
[20:16:33.810][info] [#0:script/workspace/loading.lua:182]: Loaded finish:	file:///Users/florian/.dotfiles/.config/nvim/mason/packages/lua-language-server/libexec/log/cache/47054
[20:16:34.721][info] [#0:script/workspace/workspace.lua:359]: Scan library at:	file:///Users/florian/.config/nvim/mason/packages/lua-language-server/libexec/meta/Lua%205.4%20en-us%20utf8/basic.lua
[20:16:34.721][info] [#0:script/workspace/workspace.lua:359]: Scan library at:	file:///Users/florian/.config/nvim/mason/packages/lua-language-server/libexec/meta/Lua%205.4%20en-us%20utf8/os.lua
[20:16:34.721][info] [#0:script/workspace/workspace.lua:359]: Scan library at:	file:///Users/florian/.config/nvim/mason/packages/lua-language-server/libexec/meta/Lua%205.4%20en-us%20utf8/table.lua
[20:16:34.721][info] [#0:script/workspace/workspace.lua:359]: Scan library at:	file:///Users/florian/.config/nvim/mason/packages/lua-language-server/libexec/meta/Lua%205.4%20en-us%20utf8/io.lua
[20:16:34.721][info] [#0:script/workspace/workspace.lua:359]: Scan library at:	file:///Users/florian/.config/nvim/mason/packages/lua-language-server/libexec/meta/Lua%205.4%20en-us%20utf8/utf8.lua
[20:16:34.721][info] [#0:script/workspace/workspace.lua:359]: Scan library at:	file:///Users/florian/.config/nvim/mason/packages/lua-language-server/libexec/meta/Lua%205.4%20en-us%20utf8/string.lua
[20:16:34.721][info] [#0:script/workspace/workspace.lua:359]: Scan library at:	file:///Users/florian/.config/nvim/mason/packages/lua-language-server/libexec/meta/Lua%205.4%20en-us%20utf8/builtin.lua
[20:16:34.721][info] [#0:script/workspace/workspace.lua:359]: Scan library at:	file:///Users/florian/.config/nvim/mason/packages/lua-language-server/libexec/meta/Lua%205.4%20en-us%20utf8/debug.lua
[20:16:34.722][info] [#0:script/workspace/workspace.lua:359]: Scan library at:	file:///Users/florian/.config/nvim/mason/packages/lua-language-server/libexec/meta/Lua%205.4%20en-us%20utf8/math.lua
[20:16:34.722][info] [#0:script/workspace/workspace.lua:359]: Scan library at:	file:///Users/florian/.config/nvim/mason/packages/lua-language-server/libexec/meta/Lua%205.4%20en-us%20utf8/package.lua
[20:16:34.722][info] [#0:script/workspace/workspace.lua:359]: Scan library at:	file:///Users/florian/.config/nvim/mason/packages/lua-language-server/libexec/meta/Lua%205.4%20en-us%20utf8/coroutine.lua
[20:16:34.827][info] [#0:script/workspace/workspace.lua:385]: Found 3507 files at:	file:///Users/florian/.dotfiles/.config/nvim
[20:16:34.827][info] [#0:script/workspace/loading.lua:160]: Load files from disk:	file:///Users/florian/.dotfiles/.config/nvim
[20:16:34.827][info] [#0:script/workspace/loading.lua:88]: Skip loaded file: file:///Users/florian/.config/nvim/mason/packages/lua-language-server/libexec/meta/Lua%205.4%20en-us%20utf8/coroutine.lua
[20:16:34.827][info] [#0:script/workspace/loading.lua:112]: ++++As library of:	file:///Users/florian/.config/nvim/mason/packages/lua-language-server/libexec/meta/Lua%205.4%20en-us%20utf8/coroutine.lua
[20:16:34.827][info] [#0:script/workspace/loading.lua:88]: Skip loaded file: file:///Users/florian/.config/nvim/mason/packages/lua-language-server/libexec/meta/Lua%205.4%20en-us%20utf8/package.lua
[20:16:34.827][info] [#0:script/workspace/loading.lua:112]: ++++As library of:	file:///Users/florian/.config/nvim/mason/packages/lua-language-server/libexec/meta/Lua%205.4%20en-us%20utf8/package.lua
[20:16:34.827][info] [#0:script/workspace/loading.lua:88]: Skip loaded file: file:///Users/florian/.config/nvim/mason/packages/lua-language-server/libexec/meta/Lua%205.4%20en-us%20utf8/math.lua
[20:16:34.827][info] [#0:script/workspace/loading.lua:112]: ++++As library of:	file:///Users/florian/.config/nvim/mason/packages/lua-language-server/libexec/meta/Lua%205.4%20en-us%20utf8/math.lua
[20:16:34.827][info] [#0:script/workspace/loading.lua:88]: Skip loaded file: file:///Users/florian/.config/nvim/mason/packages/lua-language-server/libexec/meta/Lua%205.4%20en-us%20utf8/debug.lua
[20:16:34.827][info] [#0:script/workspace/loading.lua:112]: ++++As library of:	file:///Users/florian/.config/nvim/mason/packages/lua-language-server/libexec/meta/Lua%205.4%20en-us%20utf8/debug.lua
[20:16:34.827][info] [#0:script/workspace/loading.lua:88]: Skip loaded file: file:///Users/florian/.config/nvim/mason/packages/lua-language-server/libexec/meta/Lua%205.4%20en-us%20utf8/builtin.lua
[20:16:34.827][info] [#0:script/workspace/loading.lua:112]: ++++As library of:	file:///Users/florian/.config/nvim/mason/packages/lua-language-server/libexec/meta/Lua%205.4%20en-us%20utf8/builtin.lua
[20:16:34.827][info] [#0:script/workspace/loading.lua:88]: Skip loaded file: file:///Users/florian/.config/nvim/mason/packages/lua-language-server/libexec/meta/Lua%205.4%20en-us%20utf8/string.lua
[20:16:34.827][info] [#0:script/workspace/loading.lua:112]: ++++As library of:	file:///Users/florian/.config/nvim/mason/packages/lua-language-server/libexec/meta/Lua%205.4%20en-us%20utf8/string.lua
[20:16:34.838][info] [#0:script/workspace/loading.lua:88]: Skip loaded file: file:///Users/florian/.config/nvim/mason/packages/lua-language-server/libexec/meta/Lua%205.4%20en-us%20utf8/utf8.lua
[20:16:34.838][info] [#0:script/workspace/loading.lua:112]: ++++As library of:	file:///Users/florian/.config/nvim/mason/packages/lua-language-server/libexec/meta/Lua%205.4%20en-us%20utf8/utf8.lua
[20:16:34.838][info] [#0:script/workspace/loading.lua:88]: Skip loaded file: file:///Users/florian/.config/nvim/mason/packages/lua-language-server/libexec/meta/Lua%205.4%20en-us%20utf8/io.lua
[20:16:34.838][info] [#0:script/workspace/loading.lua:112]: ++++As library of:	file:///Users/florian/.config/nvim/mason/packages/lua-language-server/libexec/meta/Lua%205.4%20en-us%20utf8/io.lua
[20:16:34.838][info] [#0:script/workspace/loading.lua:88]: Skip loaded file: file:///Users/florian/.config/nvim/mason/packages/lua-language-server/libexec/meta/Lua%205.4%20en-us%20utf8/table.lua
[20:16:34.838][info] [#0:script/workspace/loading.lua:112]: ++++As library of:	file:///Users/florian/.config/nvim/mason/packages/lua-language-server/libexec/meta/Lua%205.4%20en-us%20utf8/table.lua
[20:16:34.838][info] [#0:script/workspace/loading.lua:88]: Skip loaded file: file:///Users/florian/.config/nvim/mason/packages/lua-language-server/libexec/meta/Lua%205.4%20en-us%20utf8/os.lua
[20:16:34.838][info] [#0:script/workspace/loading.lua:112]: ++++As library of:	file:///Users/florian/.config/nvim/mason/packages/lua-language-server/libexec/meta/Lua%205.4%20en-us%20utf8/os.lua
[20:16:34.838][info] [#0:script/workspace/loading.lua:88]: Skip loaded file: file:///Users/florian/.config/nvim/mason/packages/lua-language-server/libexec/meta/Lua%205.4%20en-us%20utf8/basic.lua
[20:16:34.838][info] [#0:script/workspace/loading.lua:112]: ++++As library of:	file:///Users/florian/.config/nvim/mason/packages/lua-language-server/libexec/meta/Lua%205.4%20en-us%20utf8/basic.lua
[20:16:34.839][info] [#0:script/workspace/loading.lua:100]: Preload file at: file:///Users/florian/.dotfiles/.config/nvim/init.lua , size = 0.258 KB
[20:16:34.839][info] [#0:script/workspace/loading.lua:100]: Preload file at: file:///Users/florian/.dotfiles/.config/nvim/lsp/markdownlint.lua , size = 0.280 KB
[20:16:34.839][info] [#0:script/workspace/loading.lua:88]: Skip loaded file: file:///Users/florian/.dotfiles/.config/nvim/lua/plugins/toggleterm-manager.lua
[20:16:34.839][info] [#0:script/workspace/loading.lua:88]: Skip loaded file: file:///Users/florian/.dotfiles/.config/nvim/lua/plugins/toggleterm.lua
[20:16:34.840][info] [#0:script/workspace/loading.lua:100]: Preload file at: file:///Users/florian/.dotfiles/.config/nvim/lsp/shellcheck.lua , size = 0.276 KB
[20:16:34.840][info] [#0:script/workspace/loading.lua:100]: Preload file at: file:///Users/florian/.dotfiles/.config/nvim/lsp/lua_ls.lua , size = 1.289 KB
[20:16:34.840][info] [#0:script/workspace/loading.lua:100]: Preload file at: file:///Users/florian/.dotfiles/.config/nvim/lsp/yamllint.lua , size = 0.273 KB
[20:16:34.840][info] [#0:script/workspace/loading.lua:100]: Preload file at: file:///Users/florian/.dotfiles/.config/nvim/lsp/rust-analyzer.lua , size = 0.641 KB
[20:16:34.841][info] [#0:script/workspace/loading.lua:100]: Preload file at: file:///Users/florian/.dotfiles/.config/nvim/lsp/jsonlint.lua , size = 0.272 KB
[20:16:34.841][info] [#0:script/workspace/loading.lua:100]: Preload file at: file:///Users/florian/.dotfiles/.config/nvim/lsp/basedpyright.lua , size = 1.231 KB
[20:16:34.841][info] [#0:script/workspace/loading.lua:100]: Preload file at: file:///Users/florian/.dotfiles/.config/nvim/lsp/stylua.lua , size = 0.271 KB
[20:16:34.841][info] [#0:script/workspace/loading.lua:100]: Preload file at: file:///Users/florian/.dotfiles/.config/nvim/lsp/prettier.lua , size = 0.250 KB
[20:16:34.841][info] [#0:script/workspace/loading.lua:100]: Preload file at: file:///Users/florian/.dotfiles/.config/nvim/lua/core/lazy.lua , size = 0.590 KB
[20:16:34.842][info] [#0:script/workspace/loading.lua:100]: Preload file at: file:///Users/florian/.dotfiles/.config/nvim/lua/core/lsp.lua , size = 2.224 KB
[20:16:34.843][info] [#0:script/workspace/loading.lua:100]: Preload file at: file:///Users/florian/.dotfiles/.config/nvim/lua/config/autocmds.lua , size = 3.692 KB
[20:16:34.844][info] [#0:script/workspace/loading.lua:100]: Preload file at: file:///Users/florian/.dotfiles/.config/nvim/lua/config/workspaces.lua , size = 3.637 KB
[20:16:34.845][info] [#0:script/workspace/loading.lua:100]: Preload file at: file:///Users/florian/.dotfiles/.config/nvim/lua/config/theme.lua , size = 2.707 KB
[20:16:34.846][info] [#0:script/workspace/loading.lua:100]: Preload file at: file:///Users/florian/.dotfiles/.config/nvim/lua/config/debugger.lua , size = 0.121 KB
[20:16:34.846][info] [#0:script/workspace/loading.lua:100]: Preload file at: file:///Users/florian/.dotfiles/.config/nvim/lua/config/colorscheme.lua , size = 0.309 KB
[20:16:34.846][info] [#0:script/workspace/loading.lua:100]: Preload file at: file:///Users/florian/.dotfiles/.config/nvim/lua/config/options.lua , size = 2.421 KB
[20:16:34.847][info] [#0:script/workspace/loading.lua:100]: Preload file at: file:///Users/florian/.dotfiles/.config/nvim/lua/config/mappings.lua , size = 10.681 KB
[20:16:34.849][info] [#0:script/workspace/loading.lua:100]: Preload file at: file:///Users/florian/.dotfiles/.config/nvim/lua/plugins/oil.lua , size = 7.709 KB
[20:16:34.850][info] [#0:script/workspace/loading.lua:100]: Preload file at: file:///Users/florian/.dotfiles/.config/nvim/lua/plugins/aerial.lua , size = 0.656 KB
[20:16:34.851][info] [#0:script/workspace/loading.lua:100]: Preload file at: file:///Users/florian/.dotfiles/.config/nvim/lua/config/artwork.lua , size = 29.931 KB
[20:16:34.851][info] [#0:script/workspace/loading.lua:100]: Preload file at: file:///Users/florian/.dotfiles/.config/nvim/lua/plugins/theme-embark.lua , size = 0.046 KB
[20:16:34.851][info] [#0:script/workspace/loading.lua:100]: Preload file at: file:///Users/florian/.dotfiles/.config/nvim/lua/plugins/flash.lua , size = 0.772 KB
[20:16:34.852][info] [#0:script/workspace/loading.lua:100]: Preload file at: file:///Users/florian/.dotfiles/.config/nvim/lua/plugins/fzf.lua , size = 0.913 KB
[20:16:34.852][info] [#0:script/workspace/loading.lua:100]: Preload file at: file:///Users/florian/.dotfiles/.config/nvim/lua/plugins/autopairs.lua , size = 0.175 KB
[20:16:34.852][info] [#0:script/workspace/loading.lua:100]: Preload file at: file:///Users/florian/.dotfiles/.config/nvim/lua/plugins/theme-iceberg.lua , size = 0.030 KB
[20:16:34.852][info] [#0:script/workspace/loading.lua:100]: Preload file at: file:///Users/florian/.dotfiles/.config/nvim/lua/plugins/obsidian.lua , size = 0.967 KB
[20:16:34.852][info] [#0:script/workspace/loading.lua:100]: Preload file at: file:///Users/florian/.dotfiles/.config/nvim/lua/plugins/theme-poimandres.lua , size = 0.302 KB
[20:16:34.852][info] [#0:script/workspace/loading.lua:100]: Preload file at: file:///Users/florian/.dotfiles/.config/nvim/lua/plugins/telescope.lua , size = 7.260 KB
[20:16:34.854][info] [#0:script/workspace/loading.lua:100]: Preload file at: file:///Users/florian/.dotfiles/.config/nvim/lua/plugins/twilight.lua , size = 1.074 KB
[20:16:34.854][info] [#0:script/workspace/loading.lua:100]: Preload file at: file:///Users/florian/.dotfiles/.config/nvim/lua/plugins/theme-lackluster.lua , size = 0.120 KB
[20:16:34.854][info] [#0:script/workspace/loading.lua:100]: Preload file at: file:///Users/florian/.dotfiles/.config/nvim/lua/plugins/project-cli-commands.lua , size = 1.735 KB
[20:16:34.855][info] [#0:script/workspace/loading.lua:100]: Preload file at: file:///Users/florian/.dotfiles/.config/nvim/lua/plugins/alpha.lua , size = 1.996 KB
[20:16:34.855][info] [#0:script/workspace/loading.lua:100]: Preload file at: file:///Users/florian/.dotfiles/.config/nvim/lua/plugins/lualine.lua , size = 0.134 KB
[20:16:34.855][info] [#0:script/workspace/loading.lua:100]: Preload file at: file:///Users/florian/.dotfiles/.config/nvim/lua/plugins/theme-zenbones.lua , size = 0.532 KB
[20:16:34.856][info] [#0:script/workspace/loading.lua:100]: Preload file at: file:///Users/florian/.dotfiles/.config/nvim/lua/plugins/regexplainer.lua , size = 0.202 KB
[20:16:34.856][info] [#0:script/workspace/loading.lua:100]: Preload file at: file:///Users/florian/.dotfiles/.config/nvim/lua/plugins/theme-rose-pine.lua , size = 1.417 KB
[20:16:34.856][info] [#0:script/workspace/loading.lua:100]: Preload file at: file:///Users/florian/.dotfiles/.config/nvim/lua/plugins/theme-darkvoid.lua , size = 0.035 KB
[20:16:34.856][info] [#0:script/workspace/loading.lua:100]: Preload file at: file:///Users/florian/.dotfiles/.config/nvim/lua/plugins/blink.lua , size = 4.465 KB
[20:16:34.857][info] [#0:script/workspace/loading.lua:100]: Preload file at: file:///Users/florian/.dotfiles/.config/nvim/lua/plugins/web-devicons.lua , size = 0.045 KB
[20:16:34.857][info] [#0:script/workspace/loading.lua:100]: Preload file at: file:///Users/florian/.dotfiles/.config/nvim/lua/plugins/ufo.lua , size = 1.062 KB
[20:16:34.857][info] [#0:script/workspace/loading.lua:100]: Preload file at: file:///Users/florian/.dotfiles/.config/nvim/lua/plugins/dressing.lua , size = 0.051 KB
[20:16:34.857][info] [#0:script/workspace/loading.lua:100]: Preload file at: file:///Users/florian/.dotfiles/.config/nvim/lua/plugins/persistence.lua , size = 0.658 KB
[20:16:34.857][info] [#0:script/workspace/loading.lua:100]: Preload file at: file:///Users/florian/.dotfiles/.config/nvim/lua/plugins/luasnip.lua , size = 0.306 KB
[20:16:34.857][info] [#0:script/workspace/loading.lua:100]: Preload file at: file:///Users/florian/.dotfiles/.config/nvim/lua/plugins/plenary.lua , size = 0.040 KB
[20:16:34.858][info] [#0:script/workspace/loading.lua:100]: Preload file at: file:///Users/florian/.dotfiles/.config/nvim/lua/plugins/treesitter.lua , size = 0.952 KB
[20:16:34.858][info] [#0:script/workspace/loading.lua:100]: Preload file at: file:///Users/florian/.dotfiles/.config/nvim/lua/plugins/which-key.lua , size = 0.297 KB
[20:16:34.858][info] [#0:script/workspace/loading.lua:100]: Preload file at: file:///Users/florian/.dotfiles/.config/nvim/lua/plugins/theme-flow.lua , size = 0.862 KB
[20:16:34.858][info] [#0:script/workspace/loading.lua:100]: Preload file at: file:///Users/florian/.dotfiles/.config/nvim/lua/plugins/indent-blankline.lua , size = 0.885 KB
[20:16:34.859][info] [#0:script/workspace/loading.lua:100]: Preload file at: file:///Users/florian/.dotfiles/.config/nvim/lua/plugins/avante.lua , size = 2.273 KB
[20:16:34.859][info] [#0:script/workspace/loading.lua:100]: Preload file at: file:///Users/florian/.dotfiles/.config/nvim/lua/plugins/blender.lua , size = 0.331 KB
[20:16:34.859][info] [#0:script/workspace/loading.lua:100]: Preload file at: file:///Users/florian/.dotfiles/.config/nvim/lua/plugins/multinput.lua , size = 0.094 KB
[20:16:34.859][info] [#0:script/workspace/loading.lua:100]: Preload file at: file:///Users/florian/.dotfiles/.config/nvim/lua/plugins/bookmarks.lua , size = 1.291 KB
[20:16:34.860][info] [#0:script/workspace/loading.lua:100]: Preload file at: file:///Users/florian/.dotfiles/.config/nvim/lua/plugins/harpoon.lua , size = 2.298 KB
[20:16:34.860][info] [#0:script/workspace/loading.lua:100]: Preload file at: file:///Users/florian/.dotfiles/.config/nvim/lua/plugins/mason.lua , size = 2.340 KB
[20:16:34.861][info] [#0:script/workspace/loading.lua:100]: Preload file at: file:///Users/florian/.dotfiles/.config/nvim/mason/packages/lua-language-server/libexec/locale/ja-jp/meta.lua , size = 37.868 KB
[20:16:34.863][info] [#0:script/workspace/loading.lua:100]: Preload file at: file:///Users/florian/.dotfiles/.config/nvim/mason/packages/lua-language-server/libexec/locale/ja-jp/script.lua , size = 44.849 KB
[20:16:34.866][info] [#0:script/workspace/loading.lua:100]: Preload file at: file:///Users/florian/.dotfiles/.config/nvim/mason/packages/lua-language-server/libexec/locale/ja-jp/setting.lua , size = 29.671 KB
[20:16:34.869][info] [#0:script/workspace/loading.lua:100]: Preload file at: file:///Users/florian/.dotfiles/.config/nvim/mason/packages/lua-language-server/libexec/locale/zh-cn/meta.lua , size = 30.498 KB
[20:16:34.879][info] [#0:script/workspace/loading.lua:100]: Preload file at: file:///Users/florian/.dotfiles/.config/nvim/mason/packages/lua-language-server/libexec/locale/zh-cn/script.lua , size = 34.679 KB
[20:16:34.881][info] [#0:script/workspace/loading.lua:100]: Preload file at: file:///Users/florian/.dotfiles/.config/nvim/mason/packages/lua-language-server/libexec/locale/zh-cn/setting.lua , size = 21.456 KB
[20:16:34.883][info] [#0:script/workspace/loading.lua:100]: Preload file at: file:///Users/florian/.dotfiles/.config/nvim/mason/packages/lua-language-server/libexec/locale/zh-tw/meta.lua , size = 30.775 KB
[20:16:34.885][info] [#0:script/workspace/loading.lua:100]: Preload file at: file:///Users/florian/.dotfiles/.config/nvim/mason/packages/lua-language-server/libexec/locale/zh-tw/script.lua , size = 34.881 KB
[20:16:34.888][info] [#0:script/workspace/loading.lua:100]: Preload file at: file:///Users/florian/.dotfiles/.config/nvim/mason/packages/lua-language-server/libexec/locale/zh-tw/setting.lua , size = 21.812 KB
[20:16:34.890][info] [#0:script/workspace/loading.lua:100]: Preload file at: file:///Users/florian/.dotfiles/.config/nvim/mason/packages/lua-language-server/libexec/locale/pt-br/meta.lua , size = 34.379 KB
[20:16:34.892][info] [#0:script/workspace/loading.lua:100]: Preload file at: file:///Users/florian/.dotfiles/.config/nvim/mason/packages/lua-language-server/libexec/locale/pt-br/setting.lua , size = 29.128 KB
[20:16:34.895][info] [#0:script/workspace/loading.lua:100]: Preload file at: file:///Users/florian/.dotfiles/.config/nvim/mason/packages/lua-language-server/libexec/locale/pt-br/script.lua , size = 39.364 KB
[20:16:34.898][info] [#0:script/workspace/loading.lua:100]: Preload file at: file:///Users/florian/.dotfiles/.config/nvim/mason/packages/lua-language-server/libexec/locale/es-419/script.lua , size = 39.023 KB
[20:16:34.900][info] [#0:script/workspace/loading.lua:100]: Preload file at: file:///Users/florian/.dotfiles/.config/nvim/mason/packages/lua-language-server/libexec/locale/es-419/setting.lua , size = 27.789 KB
[20:16:34.903][info] [#0:script/workspace/loading.lua:100]: Preload file at: file:///Users/florian/.dotfiles/.config/nvim/mason/packages/lua-language-server/libexec/locale/es-419/meta.lua , size = 34.567 KB
[20:16:34.905][info] [#0:script/workspace/loading.lua:100]: Preload file at: file:///Users/florian/.dotfiles/.config/nvim/mason/packages/lua-language-server/libexec/locale/en-us/meta.lua , size = 32.505 KB
[20:16:34.908][info] [#0:script/workspace/loading.lua:100]: Preload file at: file:///Users/florian/.dotfiles/.config/nvim/mason/packages/lua-language-server/libexec/locale/en-us/script.lua , size = 35.476 KB
[20:16:34.921][info] [#0:script/workspace/loading.lua:100]: Preload file at: file:///Users/florian/.dotfiles/.config/nvim/mason/packages/lua-language-server/libexec/main.lua , size = 2.128 KB
[20:16:34.921][info] [#0:script/workspace/loading.lua:100]: Preload file at: file:///Users/florian/.dotfiles/.config/nvim/mason/packages/lua-language-server/libexec/bin/main.lua , size = 2.162 KB
[20:16:34.922][info] [#0:script/workspace/loading.lua:100]: Preload file at: file:///Users/florian/.dotfiles/.config/nvim/mason/packages/lua-language-server/libexec/meta/template/builtin.lua , size = 0.302 KB
[20:16:34.922][info] [#0:script/workspace/loading.lua:100]: Preload file at: file:///Users/florian/.dotfiles/.config/nvim/mason/packages/lua-language-server/libexec/meta/template/table.new.lua , size = 0.201 KB
[20:16:34.922][info] [#0:script/workspace/loading.lua:100]: Preload file at: file:///Users/florian/.dotfiles/.config/nvim/mason/packages/lua-language-server/libexec/meta/template/package.lua , size = 1.223 KB
[20:16:34.923][info] [#0:script/workspace/loading.lua:100]: Preload file at: file:///Users/florian/.dotfiles/.config/nvim/mason/packages/lua-language-server/libexec/locale/en-us/setting.lua , size = 24.764 KB
[20:16:34.925][info] [#0:script/workspace/loading.lua:100]: Preload file at: file:///Users/florian/.dotfiles/.config/nvim/mason/packages/lua-language-server/libexec/meta/template/utf8.lua , size = 1.575 KB
[20:16:34.926][info] [#0:script/workspace/loading.lua:100]: Preload file at: file:///Users/florian/.dotfiles/.config/nvim/mason/packages/lua-language-server/libexec/meta/template/jit.profile.lua , size = 0.381 KB
[20:16:34.926][info] [#0:script/workspace/loading.lua:100]: Preload file at: file:///Users/florian/.dotfiles/.config/nvim/mason/packages/lua-language-server/libexec/meta/template/ffi.lua , size = 2.562 KB
[20:16:34.927][info] [#0:script/workspace/loading.lua:100]: Preload file at: file:///Users/florian/.dotfiles/.config/nvim/mason/packages/lua-language-server/libexec/meta/template/io.lua , size = 3.643 KB
[20:16:34.928][info] [#0:script/workspace/loading.lua:100]: Preload file at: file:///Users/florian/.dotfiles/.config/nvim/mason/packages/lua-language-server/libexec/meta/template/bit.lua , size = 1.276 KB
[20:16:34.929][info] [#0:script/workspace/loading.lua:100]: Preload file at: file:///Users/florian/.dotfiles/.config/nvim/mason/packages/lua-language-server/libexec/meta/template/debug.lua , size = 5.444 KB
[20:16:34.930][info] [#0:script/workspace/loading.lua:100]: Preload file at: file:///Users/florian/.dotfiles/.config/nvim/mason/packages/lua-language-server/libexec/meta/template/jit.util.lua , size = 2.018 KB
[20:16:34.931][info] [#0:script/workspace/loading.lua:100]: Preload file at: file:///Users/florian/.dotfiles/.config/nvim/mason/packages/lua-language-server/libexec/meta/template/jit.lua , size = 0.917 KB
[20:16:34.931][info] [#0:script/workspace/loading.lua:100]: Preload file at: file:///Users/florian/.dotfiles/.config/nvim/mason/packages/lua-language-server/libexec/meta/template/coroutine.lua , size = 1.448 KB
[20:16:34.932][info] [#0:script/workspace/loading.lua:100]: Preload file at: file:///Users/florian/.dotfiles/.config/nvim/mason/packages/lua-language-server/libexec/meta/template/math.lua , size = 4.346 KB
[20:16:34.933][info] [#0:script/workspace/loading.lua:100]: Preload file at: file:///Users/florian/.dotfiles/.config/nvim/mason/packages/lua-language-server/libexec/meta/template/string.buffer.lua , size = 18.156 KB
[20:16:34.935][info] [#0:script/workspace/loading.lua:100]: Preload file at: file:///Users/florian/.dotfiles/.config/nvim/mason/packages/lua-language-server/libexec/meta/template/string.lua , size = 3.354 KB
[20:16:34.936][info] [#0:script/workspace/loading.lua:100]: Preload file at: file:///Users/florian/.dotfiles/.config/nvim/mason/packages/lua-language-server/libexec/meta/template/table.clear.lua , size = 0.154 KB
[20:16:34.936][info] [#0:script/workspace/loading.lua:100]: Preload file at: file:///Users/florian/.dotfiles/.config/nvim/mason/packages/lua-language-server/libexec/meta/template/os.lua , size = 2.768 KB
[20:16:34.937][info] [#0:script/workspace/loading.lua:100]: Preload file at: file:///Users/florian/.dotfiles/.config/nvim/mason/packages/lua-language-server/libexec/meta/template/table.lua , size = 2.064 KB
[20:16:34.938][info] [#0:script/workspace/loading.lua:100]: Preload file at: file:///Users/florian/.dotfiles/.config/nvim/mason/packages/lua-language-server/libexec/meta/template/bit32.lua , size = 1.594 KB
[20:16:34.939][info] [#0:script/workspace/loading.lua:100]: Preload file at: file:///Users/florian/.dotfiles/.config/nvim/mason/packages/lua-language-server/libexec/meta/template/basic.lua , size = 7.816 KB
[20:16:34.941][info] [#0:script/workspace/loading.lua:100]: Preload file at: file:///Users/florian/.dotfiles/.config/nvim/mason/packages/lua-language-server/libexec/meta/3rd/luaecs/library/ecs.lua , size = 11.000 KB
[20:16:34.944][info] [#0:script/workspace/loading.lua:100]: Preload file at: file:///Users/florian/.dotfiles/.config/nvim/mason/packages/lua-language-server/libexec/meta/3rd/luassert/library/luassert/array.lua , size = 0.326 KB
[20:16:34.944][info] [#0:script/workspace/loading.lua:100]: Preload file at: file:///Users/florian/.dotfiles/.config/nvim/mason/packages/lua-language-server/libexec/meta/3rd/luassert/library/luassert/spy.lua , size = 2.278 KB
[20:16:34.945][info] [#0:script/workspace/loading.lua:100]: Preload file at: file:///Users/florian/.dotfiles/.config/nvim/mason/packages/lua-language-server/libexec/meta/3rd/luassert/library/luassert/spy.d.lua , size = 4.246 KB
[20:16:34.945][info] [#0:script/workspace/loading.lua:100]: Preload file at: file:///Users/florian/.dotfiles/.config/nvim/mason/packages/lua-language-server/libexec/meta/3rd/luassert/library/luassert/mock.lua , size = 1.150 KB
[20:16:34.946][info] [#0:script/workspace/loading.lua:100]: Preload file at: file:///Users/florian/.dotfiles/.config/nvim/mason/packages/lua-language-server/libexec/meta/3rd/luassert/library/luassert/match.lua , size = 11.840 KB
[20:16:34.948][info] [#0:script/workspace/loading.lua:100]: Preload file at: file:///Users/florian/.dotfiles/.config/nvim/mason/packages/lua-language-server/libexec/meta/3rd/luassert/library/luassert/stub.lua , size = 1.865 KB
[20:16:34.949][info] [#0:script/workspace/loading.lua:100]: Preload file at: file:///Users/florian/.dotfiles/.config/nvim/mason/packages/lua-language-server/libexec/meta/3rd/luassert/library/luassert.lua , size = 14.181 KB
[20:16:34.951][info] [#0:script/workspace/loading.lua:100]: Preload file at: file:///Users/florian/.dotfiles/.config/nvim/mason/packages/lua-language-server/libexec/meta/3rd/love2d/library/love/event.lua , size = 4.563 KB
[20:16:34.952][info] [#0:script/workspace/loading.lua:100]: Preload file at: file:///Users/florian/.dotfiles/.config/nvim/mason/packages/lua-language-server/libexec/meta/3rd/love2d/library/love/touch.lua , size = 1.456 KB
[20:16:34.952][info] [#0:script/workspace/loading.lua:100]: Preload file at: file:///Users/florian/.dotfiles/.config/nvim/mason/packages/lua-language-server/libexec/meta/3rd/love2d/library/love/joystick.lua , size = 14.190 KB
[20:16:34.954][info] [#0:script/workspace/loading.lua:100]: Preload file at: file:///Users/florian/.dotfiles/.config/nvim/mason/packages/lua-language-server/libexec/meta/3rd/love2d/library/love/keyboard.lua , size = 22.717 KB
[20:16:34.957][info] [#0:script/workspace/loading.lua:100]: Preload file at: file:///Users/florian/.dotfiles/.config/nvim/mason/packages/lua-language-server/libexec/meta/3rd/love2d/library/love/filesystem.lua , size = 22.715 KB
[20:16:34.961][info] [#0:script/workspace/loading.lua:100]: Preload file at: file:///Users/florian/.dotfiles/.config/nvim/mason/packages/lua-language-server/libexec/meta/3rd/love2d/library/love/graphics.lua , size = 160.018 KB
[20:16:34.996][info] [#0:script/workspace/loading.lua:100]: Preload file at: file:///Users/florian/.dotfiles/.config/nvim/mason/packages/lua-language-server/libexec/meta/3rd/love2d/library/love/physics.lua , size = 109.345 KB
[20:16:35.016][info] [#0:script/workspace/loading.lua:100]: Preload file at: file:///Users/florian/.dotfiles/.config/nvim/mason/packages/lua-language-server/libexec/meta/3rd/love2d/library/love/system.lua , size = 3.604 KB
[20:16:35.017][info] [#0:script/workspace/loading.lua:100]: Preload file at: file:///Users/florian/.dotfiles/.config/nvim/mason/packages/lua-language-server/libexec/meta/3rd/love2d/library/love/sound.lua , size = 5.808 KB
[20:16:35.018][info] [#0:script/workspace/loading.lua:100]: Preload file at: file:///Users/florian/.dotfiles/.config/nvim/mason/packages/lua-language-server/libexec/meta/3rd/love2d/library/love/font.lua , size = 7.587 KB
[20:16:35.020][info] [#0:script/workspace/loading.lua:100]: Preload file at: file:///Users/florian/.dotfiles/.config/nvim/mason/packages/lua-language-server/libexec/meta/3rd/love2d/library/love/timer.lua , size = 1.727 KB
[20:16:35.020][info] [#0:script/workspace/loading.lua:100]: Preload file at: file:///Users/florian/.dotfiles/.config/nvim/mason/packages/lua-language-server/libexec/meta/3rd/love2d/library/love/mouse.lua , size = 8.757 KB
[20:16:35.022][info] [#0:script/workspace/loading.lua:100]: Preload file at: file:///Users/florian/.dotfiles/.config/nvim/mason/packages/lua-language-server/libexec/meta/3rd/love2d/library/love/window.lua , size = 17.920 KB
[20:16:35.024][info] [#0:script/workspace/loading.lua:100]: Preload file at: file:///Users/florian/.dotfiles/.config/nvim/mason/packages/lua-language-server/libexec/meta/3rd/love2d/library/love/math.lua , size = 29.761 KB
[20:16:35.029][info] [#0:script/workspace/loading.lua:100]: Preload file at: file:///Users/florian/.dotfiles/.config/nvim/mason/packages/lua-language-server/libexec/meta/3rd/love2d/library/love/data.lua , size = 9.649 KB
[20:16:35.031][info] [#0:script/workspace/loading.lua:100]: Preload file at: file:///Users/florian/.dotfiles/.config/nvim/mason/packages/lua-language-server/libexec/meta/3rd/love2d/library/love/video.lua , size = 2.342 KB
[20:16:35.031][info] [#0:script/workspace/loading.lua:100]: Preload file at: file:///Users/florian/.dotfiles/.config/nvim/mason/packages/lua-language-server/libexec/meta/3rd/love2d/library/love/thread.lua , size = 7.083 KB
[20:16:35.032][info] [#0:script/workspace/loading.lua:100]: Preload file at: file:///Users/florian/.dotfiles/.config/nvim/mason/packages/lua-language-server/libexec/meta/3rd/love2d/library/love/image.lua , size = 21.372 KB
[20:16:35.035][info] [#0:script/workspace/loading.lua:100]: Preload file at: file:///Users/florian/.dotfiles/.config/nvim/mason/packages/lua-language-server/libexec/meta/3rd/love2d/library/love.lua , size = 10.825 KB
[20:16:35.037][info] [#0:script/workspace/loading.lua:100]: Preload file at: file:///Users/florian/.dotfiles/.config/nvim/mason/packages/lua-language-server/libexec/meta/3rd/OpenResty/library/cjson/safe.lua , size = 1.151 KB
[20:16:35.037][info] [#0:script/workspace/loading.lua:100]: Preload file at: file:///Users/florian/.dotfiles/.config/nvim/mason/packages/lua-language-server/libexec/meta/3rd/love2d/library/love/audio.lua , size = 33.408 KB
[20:16:35.042][info] [#0:script/workspace/loading.lua:100]: Preload file at: file:///Users/florian/.dotfiles/.config/nvim/mason/packages/lua-language-server/libexec/meta/3rd/OpenResty/library/ndk.lua , size = 0.045 KB
[20:16:35.042][info] [#0:script/workspace/loading.lua:100]: Preload file at: file:///Users/florian/.dotfiles/.config/nvim/mason/packages/lua-language-server/libexec/meta/3rd/OpenResty/library/prometheus.lua , size = 10.335 KB
[20:16:35.044][info] [#0:script/workspace/loading.lua:100]: Preload file at: file:///Users/florian/.dotfiles/.config/nvim/mason/packages/lua-language-server/libexec/meta/3rd/OpenResty/library/ngx/semaphore.lua , size = 2.218 KB
[20:16:35.044][info] [#0:script/workspace/loading.lua:100]: Preload file at: file:///Users/florian/.dotfiles/.config/nvim/mason/packages/lua-language-server/libexec/meta/3rd/OpenResty/library/ngx/ssl/clienthello.lua , size = 3.490 KB
[20:16:35.044][info] [#0:script/workspace/loading.lua:100]: Preload file at: file:///Users/florian/.dotfiles/.config/nvim/mason/packages/lua-language-server/libexec/meta/3rd/OpenResty/library/ngx/ssl/session.lua , size = 2.009 KB
[20:16:35.059][info] [#0:script/workspace/loading.lua:100]: Preload file at: file:///Users/florian/.dotfiles/.config/nvim/mason/packages/lua-language-server/libexec/meta/3rd/OpenResty/library/ngx/balancer.lua , size = 5.385 KB
[20:16:35.060][info] [#0:script/workspace/loading.lua:100]: Preload file at: file:///Users/florian/.dotfiles/.config/nvim/mason/packages/lua-language-server/libexec/meta/3rd/OpenResty/library/ngx/upstream.lua , size = 0.279 KB
[20:16:35.060][info] [#0:script/workspace/loading.lua:100]: Preload file at: file:///Users/florian/.dotfiles/.config/nvim/mason/packages/lua-language-server/libexec/meta/3rd/OpenResty/library/ngx/ocsp.lua , size = 3.444 KB
[20:16:35.060][info] [#0:script/workspace/loading.lua:100]: Preload file at: file:///Users/florian/.dotfiles/.config/nvim/mason/packages/lua-language-server/libexec/meta/3rd/OpenResty/library/ngx/re.lua , size = 3.663 KB
[20:16:35.061][info] [#0:script/workspace/loading.lua:100]: Preload file at: file:///Users/florian/.dotfiles/.config/nvim/mason/packages/lua-language-server/libexec/meta/3rd/OpenResty/library/ngx/pipe.lua , size = 13.127 KB
[20:16:35.062][info] [#0:script/workspace/loading.lua:100]: Preload file at: file:///Users/florian/.dotfiles/.config/nvim/mason/packages/lua-language-server/libexec/meta/3rd/OpenResty/library/ngx/errlog.lua , size = 4.446 KB
[20:16:35.063][info] [#0:script/workspace/loading.lua:100]: Preload file at: file:///Users/florian/.dotfiles/.config/nvim/mason/packages/lua-language-server/libexec/meta/3rd/OpenResty/library/ngx/ssl.lua , size = 11.337 KB
[20:16:35.064][info] [#0:script/workspace/loading.lua:100]: Preload file at: file:///Users/florian/.dotfiles/.config/nvim/mason/packages/lua-language-server/libexec/meta/3rd/OpenResty/library/ngx/req.lua , size = 0.754 KB
[20:16:35.064][info] [#0:script/workspace/loading.lua:100]: Preload file at: file:///Users/florian/.dotfiles/.config/nvim/mason/packages/lua-language-server/libexec/meta/3rd/OpenResty/library/ngx/base64.lua , size = 0.543 KB
[20:16:35.065][info] [#0:script/workspace/loading.lua:100]: Preload file at: file:///Users/florian/.dotfiles/.config/nvim/mason/packages/lua-language-server/libexec/meta/3rd/OpenResty/library/ngx/resp.lua , size = 0.688 KB
[20:16:35.065][info] [#0:script/workspace/loading.lua:100]: Preload file at: file:///Users/florian/.dotfiles/.config/nvim/mason/packages/lua-language-server/libexec/meta/3rd/OpenResty/library/ngx/process.lua , size = 1.860 KB
[20:16:35.065][info] [#0:script/workspace/loading.lua:100]: Preload file at: file:///Users/florian/.dotfiles/.config/nvim/mason/packages/lua-language-server/libexec/meta/3rd/OpenResty/library/jit.lua , size = 1.122 KB
[20:16:35.065][info] [#0:script/workspace/loading.lua:100]: Preload file at: file:///Users/florian/.dotfiles/.config/nvim/mason/packages/lua-language-server/libexec/meta/3rd/OpenResty/library/table/nkeys.lua , size = 0.495 KB
[20:16:35.066][info] [#0:script/workspace/loading.lua:100]: Preload file at: file:///Users/florian/.dotfiles/.config/nvim/mason/packages/lua-language-server/libexec/meta/3rd/OpenResty/library/table/clone.lua , size = 0.555 KB
[20:16:35.066][info] [#0:script/workspace/loading.lua:100]: Preload file at: file:///Users/florian/.dotfiles/.config/nvim/mason/packages/lua-language-server/libexec/meta/3rd/OpenResty/library/table/isempty.lua , size = 0.537 KB
[20:16:35.066][info] [#0:script/workspace/loading.lua:100]: Preload file at: file:///Users/florian/.dotfiles/.config/nvim/mason/packages/lua-language-server/libexec/meta/3rd/OpenResty/library/table/isarray.lua , size = 0.469 KB
[20:16:35.066][info] [#0:script/workspace/loading.lua:100]: Preload file at: file:///Users/florian/.dotfiles/.config/nvim/mason/packages/lua-language-server/libexec/meta/3rd/OpenResty/library/cjson.lua , size = 16.269 KB
[20:16:35.068][info] [#0:script/workspace/loading.lua:100]: Preload file at: file:///Users/florian/.dotfiles/.config/nvim/mason/packages/lua-language-server/libexec/meta/3rd/OpenResty/library/tablepool.lua , size = 1.729 KB
[20:16:35.068][info] [#0:script/workspace/loading.lua:100]: Preload file at: file:///Users/florian/.dotfiles/.config/nvim/mason/packages/lua-language-server/libexec/meta/3rd/OpenResty/library/ngx.lua , size = 174.948 KB
[20:16:35.085][info] [#0:script/workspace/loading.lua:100]: Preload file at: file:///Users/florian/.dotfiles/.config/nvim/mason/packages/lua-language-server/libexec/meta/3rd/OpenResty/library/thread/exdata2.lua , size = 0.180 KB
[20:16:35.086][info] [#0:script/workspace/loading.lua:100]: Preload file at: file:///Users/florian/.dotfiles/.config/nvim/mason/packages/lua-language-server/libexec/meta/3rd/OpenResty/library/thread/exdata.lua , size = 1.317 KB
[20:16:35.086][info] [#0:script/workspace/loading.lua:100]: Preload file at: file:///Users/florian/.dotfiles/.config/nvim/mason/packages/lua-language-server/libexec/meta/3rd/OpenResty/library/resty/sha224.lua , size = 0.178 KB
[20:16:35.086][info] [#0:script/workspace/loading.lua:100]: Preload file at: file:///Users/florian/.dotfiles/.config/nvim/mason/packages/lua-language-server/libexec/meta/3rd/OpenResty/library/resty/websocket/server.lua , size = 0.455 KB
[20:16:35.086][info] [#0:script/workspace/loading.lua:100]: Preload file at: file:///Users/florian/.dotfiles/.config/nvim/mason/packages/lua-language-server/libexec/meta/3rd/OpenResty/library/resty/websocket/client.lua , size = 2.722 KB
[20:16:35.087][info] [#0:script/workspace/loading.lua:100]: Preload file at: file:///Users/florian/.dotfiles/.config/nvim/mason/packages/lua-language-server/libexec/meta/3rd/OpenResty/library/resty/websocket/protocol.lua , size = 5.913 KB
[20:16:35.088][info] [#0:script/workspace/loading.lua:100]: Preload file at: file:///Users/florian/.dotfiles/.config/nvim/mason/packages/lua-language-server/libexec/meta/3rd/OpenResty/library/resty/sha384.lua , size = 0.178 KB
[20:16:35.088][info] [#0:script/workspace/loading.lua:100]: Preload file at: file:///Users/florian/.dotfiles/.config/nvim/mason/packages/lua-language-server/libexec/meta/3rd/OpenResty/library/resty/core/time.lua , size = 0.117 KB
[20:16:35.088][info] [#0:script/workspace/loading.lua:100]: Preload file at: file:///Users/florian/.dotfiles/.config/nvim/mason/packages/lua-language-server/libexec/meta/3rd/OpenResty/library/resty/core/hash.lua , size = 0.117 KB
[20:16:35.088][info] [#0:script/workspace/loading.lua:100]: Preload file at: file:///Users/florian/.dotfiles/.config/nvim/mason/packages/lua-language-server/libexec/meta/3rd/OpenResty/library/resty/core/regex.lua , size = 1.739 KB
[20:16:35.089][info] [#0:script/workspace/loading.lua:100]: Preload file at: file:///Users/florian/.dotfiles/.config/nvim/mason/packages/lua-language-server/libexec/meta/3rd/OpenResty/library/resty/core/response.lua , size = 0.179 KB
[20:16:35.089][info] [#0:script/workspace/loading.lua:100]: Preload file at: file:///Users/florian/.dotfiles/.config/nvim/mason/packages/lua-language-server/libexec/meta/3rd/OpenResty/library/resty/core/var.lua , size = 0.114 KB
[20:16:35.089][info] [#0:script/workspace/loading.lua:100]: Preload file at: file:///Users/florian/.dotfiles/.config/nvim/mason/packages/lua-language-server/libexec/meta/3rd/OpenResty/library/resty/core/ndk.lua , size = 0.114 KB
[20:16:35.089][info] [#0:script/workspace/loading.lua:100]: Preload file at: file:///Users/florian/.dotfiles/.config/nvim/mason/packages/lua-language-server/libexec/meta/3rd/OpenResty/library/resty/core/shdict.lua , size = 0.123 KB
[20:16:35.089][info] [#0:script/workspace/loading.lua:100]: Preload file at: file:///Users/florian/.dotfiles/.config/nvim/mason/packages/lua-language-server/libexec/meta/3rd/OpenResty/library/resty/core/ctx.lua , size = 0.200 KB
[20:16:35.089][info] [#0:script/workspace/loading.lua:100]: Preload file at: file:///Users/florian/.dotfiles/.config/nvim/mason/packages/lua-language-server/libexec/meta/3rd/OpenResty/library/resty/core/request.lua , size = 0.194 KB
[20:16:35.090][info] [#0:script/workspace/loading.lua:100]: Preload file at: file:///Users/florian/.dotfiles/.config/nvim/mason/packages/lua-language-server/libexec/meta/3rd/OpenResty/library/resty/core/worker.lua , size = 0.124 KB
[20:16:35.090][info] [#0:script/workspace/loading.lua:100]: Preload file at: file:///Users/florian/.dotfiles/.config/nvim/mason/packages/lua-language-server/libexec/meta/3rd/OpenResty/library/resty/core/uri.lua , size = 0.114 KB
[20:16:35.090][info] [#0:script/workspace/loading.lua:100]: Preload file at: file:///Users/florian/.dotfiles/.config/nvim/mason/packages/lua-language-server/libexec/meta/3rd/OpenResty/library/resty/core/base.lua , size = 1.157 KB
[20:16:35.090][info] [#0:script/workspace/loading.lua:100]: Preload file at: file:///Users/florian/.dotfiles/.config/nvim/mason/packages/lua-language-server/libexec/meta/3rd/OpenResty/library/resty/core/utils.lua , size = 0.271 KB
[20:16:35.090][info] [#0:script/workspace/loading.lua:100]: Preload file at: file:///Users/florian/.dotfiles/.config/nvim/mason/packages/lua-language-server/libexec/meta/3rd/OpenResty/library/resty/core/exit.lua , size = 0.117 KB
[20:16:35.090][info] [#0:script/workspace/loading.lua:100]: Preload file at: file:///Users/florian/.dotfiles/.config/nvim/mason/packages/lua-language-server/libexec/meta/3rd/OpenResty/library/resty/core/misc.lua , size = 0.237 KB
[20:16:35.091][info] [#0:script/workspace/loading.lua:100]: Preload file at: file:///Users/florian/.dotfiles/.config/nvim/mason/packages/lua-language-server/libexec/meta/3rd/OpenResty/library/resty/core/phase.lua , size = 0.120 KB
[20:16:35.091][info] [#0:script/workspace/loading.lua:100]: Preload file at: file:///Users/florian/.dotfiles/.config/nvim/mason/packages/lua-language-server/libexec/meta/3rd/OpenResty/library/resty/limit/conn.lua , size = 0.479 KB
[20:16:35.091][info] [#0:script/workspace/loading.lua:100]: Preload file at: file:///Users/florian/.dotfiles/.config/nvim/mason/packages/lua-language-server/libexec/meta/3rd/OpenResty/library/resty/core/base64.lua , size = 0.123 KB
[20:16:35.091][info] [#0:script/workspace/loading.lua:100]: Preload file at: file:///Users/florian/.dotfiles/.config/nvim/mason/packages/lua-language-server/libexec/meta/3rd/OpenResty/library/resty/limit/count.lua , size = 0.258 KB
[20:16:35.091][info] [#0:script/workspace/loading.lua:100]: Preload file at: file:///Users/florian/.dotfiles/.config/nvim/mason/packages/lua-language-server/libexec/meta/3rd/OpenResty/library/resty/limit/traffic.lua , size = 0.160 KB
[20:16:35.091][info] [#0:script/workspace/loading.lua:100]: Preload file at: file:///Users/florian/.dotfiles/.config/nvim/mason/packages/lua-language-server/libexec/meta/3rd/OpenResty/library/resty/limit/req.lua , size = 0.344 KB
[20:16:35.092][info] [#0:script/workspace/loading.lua:100]: Preload file at: file:///Users/florian/.dotfiles/.config/nvim/mason/packages/lua-language-server/libexec/meta/3rd/OpenResty/library/resty/shell.lua , size = 2.403 KB
[20:16:35.092][info] [#0:script/workspace/loading.lua:100]: Preload file at: file:///Users/florian/.dotfiles/.config/nvim/mason/packages/lua-language-server/libexec/meta/3rd/OpenResty/library/resty/lock.lua , size = 4.964 KB
[20:16:35.093][info] [#0:script/workspace/loading.lua:100]: Preload file at: file:///Users/florian/.dotfiles/.config/nvim/mason/packages/lua-language-server/libexec/meta/3rd/OpenResty/library/resty/aes.lua , size = 1.878 KB
[20:16:35.093][info] [#0:script/workspace/loading.lua:100]: Preload file at: file:///Users/florian/.dotfiles/.config/nvim/mason/packages/lua-language-server/libexec/meta/3rd/OpenResty/library/resty/lrucache.lua , size = 3.297 KB
[20:16:35.094][info] [#0:script/workspace/loading.lua:100]: Preload file at: file:///Users/florian/.dotfiles/.config/nvim/mason/packages/lua-language-server/libexec/meta/3rd/OpenResty/library/resty/sha256.lua , size = 0.178 KB
[20:16:35.094][info] [#0:script/workspace/loading.lua:100]: Preload file at: file:///Users/florian/.dotfiles/.config/nvim/mason/packages/lua-language-server/libexec/meta/3rd/OpenResty/library/resty/signal.lua , size = 1.631 KB
[20:16:35.094][info] [#0:script/workspace/loading.lua:100]: Preload file at: file:///Users/florian/.dotfiles/.config/nvim/mason/packages/lua-language-server/libexec/meta/3rd/OpenResty/library/resty/random.lua , size = 0.170 KB
[20:16:35.095][info] [#0:script/workspace/loading.lua:100]: Preload file at: file:///Users/florian/.dotfiles/.config/nvim/mason/packages/lua-language-server/libexec/meta/3rd/OpenResty/library/resty/upload.lua , size = 0.226 KB
[20:16:35.095][info] [#0:script/workspace/loading.lua:100]: Preload file at: file:///Users/florian/.dotfiles/.config/nvim/mason/packages/lua-language-server/libexec/meta/3rd/OpenResty/library/resty/mysql.lua , size = 0.560 KB
[20:16:35.095][info] [#0:script/workspace/loading.lua:100]: Preload file at: file:///Users/florian/.dotfiles/.config/nvim/mason/packages/lua-language-server/libexec/meta/3rd/OpenResty/library/resty/sha512.lua , size = 0.178 KB
[20:16:35.095][info] [#0:script/workspace/loading.lua:100]: Preload file at: file:///Users/florian/.dotfiles/.config/nvim/mason/packages/lua-language-server/libexec/meta/3rd/OpenResty/library/resty/redis.lua , size = 1.965 KB
[20:16:35.096][info] [#0:script/workspace/loading.lua:100]: Preload file at: file:///Users/florian/.dotfiles/.config/nvim/mason/packages/lua-language-server/libexec/meta/3rd/OpenResty/library/resty/sha.lua , size = 0.099 KB
[20:16:35.096][info] [#0:script/workspace/loading.lua:100]: Preload file at: file:///Users/florian/.dotfiles/.config/nvim/mason/packages/lua-language-server/libexec/meta/3rd/OpenResty/library/resty/string.lua , size = 1.472 KB
[20:16:35.096][info] [#0:script/workspace/loading.lua:100]: Preload file at: file:///Users/florian/.dotfiles/.config/nvim/mason/packages/lua-language-server/libexec/meta/3rd/OpenResty/library/resty/sha1.lua , size = 0.166 KB
[20:16:35.096][info] [#0:script/workspace/loading.lua:100]: Preload file at: file:///Users/florian/.dotfiles/.config/nvim/mason/packages/lua-language-server/libexec/meta/3rd/OpenResty/library/resty/memcached.lua , size = 1.190 KB
[20:16:35.097][info] [#0:script/workspace/loading.lua:100]: Preload file at: file:///Users/florian/.dotfiles/.config/nvim/mason/packages/lua-language-server/libexec/meta/3rd/OpenResty/library/resty/lrucache/pureffi.lua , size = 0.838 KB
[20:16:35.097][info] [#0:script/workspace/loading.lua:100]: Preload file at: file:///Users/florian/.dotfiles/.config/nvim/mason/packages/lua-language-server/libexec/meta/3rd/OpenResty/library/resty/md5.lua , size = 0.353 KB
[20:16:35.097][info] [#0:script/workspace/loading.lua:100]: Preload file at: file:///Users/florian/.dotfiles/.config/nvim/mason/packages/lua-language-server/libexec/meta/3rd/OpenResty/library/resty/core.lua , size = 0.103 KB
[20:16:35.097][info] [#0:script/workspace/loading.lua:100]: Preload file at: file:///Users/florian/.dotfiles/.config/nvim/mason/packages/lua-language-server/libexec/meta/3rd/OpenResty/library/resty/upstream/healthcheck.lua , size = 0.229 KB
[20:16:35.097][info] [#0:script/workspace/loading.lua:100]: Preload file at: file:///Users/florian/.dotfiles/.config/nvim/mason/packages/lua-language-server/libexec/meta/3rd/OpenResty/library/resty/dns/resolver.lua , size = 15.560 KB
[20:16:35.099][info] [#0:script/workspace/loading.lua:100]: Preload file at: file:///Users/florian/.dotfiles/.config/nvim/mason/packages/lua-language-server/libexec/meta/3rd/bee/library/bee/platform.lua , size = 0.954 KB
[20:16:35.100][info] [#0:script/workspace/loading.lua:100]: Preload file at: file:///Users/florian/.dotfiles/.config/nvim/mason/packages/lua-language-server/libexec/meta/3rd/bee/library/bee/filesystem.lua , size = 3.877 KB
[20:16:35.101][info] [#0:script/workspace/loading.lua:100]: Preload file at: file:///Users/florian/.dotfiles/.config/nvim/mason/packages/lua-language-server/libexec/meta/3rd/bee/library/bee/subprocess.lua , size = 1.758 KB
[20:16:35.102][info] [#0:script/workspace/loading.lua:100]: Preload file at: file:///Users/florian/.dotfiles/.config/nvim/mason/packages/lua-language-server/libexec/meta/3rd/bee/library/bee/thread.lua , size = 0.721 KB
[20:16:35.102][info] [#0:script/workspace/loading.lua:100]: Preload file at: file:///Users/florian/.dotfiles/.config/nvim/mason/packages/lua-language-server/libexec/meta/3rd/example/plugin.lua , size = 0.367 KB
[20:16:35.102][info] [#0:script/workspace/loading.lua:100]: Preload file at: file:///Users/florian/.dotfiles/.config/nvim/mason/packages/lua-language-server/libexec/meta/3rd/example/library/love.lua , size = 0.072 KB
[20:16:35.102][info] [#0:script/workspace/loading.lua:100]: Preload file at: file:///Users/florian/.dotfiles/.config/nvim/mason/packages/lua-language-server/libexec/meta/3rd/Defold/library/tilemap.lua , size = 3.405 KB
[20:16:35.103][info] [#0:script/workspace/loading.lua:100]: Preload file at: file:///Users/florian/.dotfiles/.config/nvim/mason/packages/lua-language-server/libexec/meta/3rd/Defold/library/factory.lua , size = 2.830 KB
[20:16:35.103][info] [#0:script/workspace/loading.lua:100]: Preload file at: file:///Users/florian/.dotfiles/.config/nvim/mason/packages/lua-language-server/libexec/meta/3rd/Defold/library/collection_factory.lua , size = 3.291 KB
[20:16:35.104][info] [#0:script/workspace/loading.lua:100]: Preload file at: file:///Users/florian/.dotfiles/.config/nvim/mason/packages/lua-language-server/libexec/meta/3rd/Defold/library/built-ins.lua , size = 0.792 KB
[20:16:35.104][info] [#0:script/workspace/loading.lua:100]: Preload file at: file:///Users/florian/.dotfiles/.config/nvim/mason/packages/lua-language-server/libexec/meta/3rd/Defold/library/json.lua , size = 0.474 KB
[20:16:35.104][info] [#0:script/workspace/loading.lua:100]: Preload file at: file:///Users/florian/.dotfiles/.config/nvim/mason/packages/lua-language-server/libexec/meta/3rd/Defold/library/game_object.lua , size = 19.007 KB
[20:16:35.107][info] [#0:script/workspace/loading.lua:100]: Preload file at: file:///Users/florian/.dotfiles/.config/nvim/mason/packages/lua-language-server/libexec/meta/3rd/Defold/library/label.lua , size = 0.615 KB
[20:16:35.107][info] [#0:script/workspace/loading.lua:100]: Preload file at: file:///Users/florian/.dotfiles/.config/nvim/mason/packages/lua-language-server/libexec/meta/3rd/Defold/library/http.lua , size = 0.777 KB
[20:16:35.107][info] [#0:script/workspace/loading.lua:100]: Preload file at: file:///Users/florian/.dotfiles/.config/nvim/mason/packages/lua-language-server/libexec/meta/3rd/Defold/library/gui.lua , size = 37.633 KB
[20:16:35.113][info] [#0:script/workspace/loading.lua:100]: Preload file at: file:///Users/florian/.dotfiles/.config/nvim/mason/packages/lua-language-server/libexec/meta/3rd/Defold/library/collection_proxy.lua , size = 0.240 KB
[20:16:35.113][info] [#0:script/workspace/loading.lua:100]: Preload file at: file:///Users/florian/.dotfiles/.config/nvim/mason/packages/lua-language-server/libexec/meta/3rd/Defold/library/model.lua , size = 1.911 KB
[20:16:35.114][info] [#0:script/workspace/loading.lua:100]: Preload file at: file:///Users/florian/.dotfiles/.config/nvim/mason/packages/lua-language-server/libexec/meta/3rd/Defold/library/collision_object.lua , size = 8.680 KB
[20:16:35.115][info] [#0:script/workspace/loading.lua:100]: Preload file at: file:///Users/florian/.dotfiles/.config/nvim/mason/packages/lua-language-server/libexec/meta/3rd/Defold/library/sound.lua , size = 5.683 KB
[20:16:35.116][info] [#0:script/workspace/loading.lua:100]: Preload file at: file:///Users/florian/.dotfiles/.config/nvim/mason/packages/lua-language-server/libexec/meta/3rd/Defold/library/timer.lua , size = 1.765 KB
[20:16:35.116][info] [#0:script/workspace/loading.lua:100]: Preload file at: file:///Users/florian/.dotfiles/.config/nvim/mason/packages/lua-language-server/libexec/meta/3rd/Defold/library/sprite.lua , size = 1.649 KB
[20:16:35.117][info] [#0:script/workspace/loading.lua:100]: Preload file at: file:///Users/florian/.dotfiles/.config/nvim/mason/packages/lua-language-server/libexec/meta/3rd/Defold/library/window.lua , size = 2.341 KB
[20:16:35.117][info] [#0:script/workspace/loading.lua:100]: Preload file at: file:///Users/florian/.dotfiles/.config/nvim/mason/packages/lua-language-server/libexec/meta/3rd/Defold/library/system.lua , size = 8.564 KB
[20:16:35.118][info] [#0:script/workspace/loading.lua:100]: Preload file at: file:///Users/florian/.dotfiles/.config/nvim/mason/packages/lua-language-server/libexec/meta/3rd/Defold/library/buffer.lua , size = 2.713 KB
[20:16:35.119][info] [#0:script/workspace/loading.lua:100]: Preload file at: file:///Users/florian/.dotfiles/.config/nvim/mason/packages/lua-language-server/libexec/meta/3rd/Defold/library/vector_math.lua , size = 16.896 KB
[20:16:35.121][info] [#0:script/workspace/loading.lua:100]: Preload file at: file:///Users/florian/.dotfiles/.config/nvim/mason/packages/lua-language-server/libexec/meta/3rd/Defold/library/base.lua , size = 1.782 KB
[20:16:35.122][info] [#0:script/workspace/loading.lua:100]: Preload file at: file:///Users/florian/.dotfiles/.config/nvim/mason/packages/lua-language-server/libexec/meta/3rd/Defold/library/zlib.lua , size = 0.425 KB
[20:16:35.122][info] [#0:script/workspace/loading.lua:100]: Preload file at: file:///Users/florian/.dotfiles/.config/nvim/mason/packages/lua-language-server/libexec/meta/3rd/Defold/library/particle_effects.lua , size = 2.718 KB
[20:16:35.123][info] [#0:script/workspace/loading.lua:100]: Preload file at: file:///Users/florian/.dotfiles/.config/nvim/mason/packages/lua-language-server/libexec/meta/3rd/Defold/library/luasocket.lua , size = 38.395 KB
[20:16:35.127][info] [#0:script/workspace/loading.lua:100]: Preload file at: file:///Users/florian/.dotfiles/.config/nvim/mason/packages/lua-language-server/libexec/meta/3rd/Defold/library/render.lua , size = 21.682 KB
[20:16:35.129][info] [#0:script/workspace/loading.lua:100]: Preload file at: file:///Users/florian/.dotfiles/.config/nvim/mason/packages/lua-language-server/libexec/meta/3rd/Defold/library/resource.lua , size = 7.729 KB
[20:16:35.131][info] [#0:script/workspace/loading.lua:100]: Preload file at: file:///Users/florian/.dotfiles/.config/nvim/mason/packages/lua-language-server/libexec/meta/3rd/Defold/library/message.lua , size = 1.882 KB
[20:16:35.131][info] [#0:script/workspace/loading.lua:100]: Preload file at: file:///Users/florian/.dotfiles/.config/nvim/mason/packages/lua-language-server/libexec/meta/3rd/Defold/library/html5.lua , size = 1.062 KB
[20:16:35.131][info] [#0:script/workspace/loading.lua:100]: Preload file at: file:///Users/florian/.dotfiles/.config/nvim/mason/packages/lua-language-server/libexec/meta/3rd/Defold/library/image.lua , size = 0.550 KB
[20:16:35.132][info] [#0:script/workspace/loading.lua:100]: Preload file at: file:///Users/florian/.dotfiles/.config/nvim/mason/packages/lua-language-server/libexec/meta/3rd/Defold/library/profiler.lua , size = 4.225 KB
[20:16:35.132][info] [#0:script/workspace/loading.lua:100]: Preload file at: file:///Users/florian/.dotfiles/.config/nvim/mason/packages/lua-language-server/libexec/meta/3rd/ffi-reflect/library/reflect.lua , size = 2.494 KB
[20:16:35.133][info] [#0:script/workspace/loading.lua:100]: Preload file at: file:///Users/florian/.dotfiles/.config/nvim/mason/packages/lua-language-server/libexec/meta/3rd/Cocos4.0/library/global.lua , size = 2.785 KB
[20:16:35.134][info] [#0:script/workspace/loading.lua:100]: Preload file at: file:///Users/florian/.dotfiles/.config/nvim/mason/packages/lua-language-server/libexec/meta/3rd/Cocos4.0/library/sp/SkeletonRenderer.lua , size = 3.669 KB
[20:16:35.136][info] [#0:script/workspace/loading.lua:100]: Preload file at: file:///Users/florian/.dotfiles/.config/nvim/mason/packages/lua-language-server/libexec/meta/3rd/Cocos4.0/library/sp/SkeletonAnimation.lua , size = 3.215 KB
[20:16:35.137][info] [#0:script/workspace/loading.lua:100]: Preload file at: file:///Users/florian/.dotfiles/.config/nvim/mason/packages/lua-language-server/libexec/meta/3rd/Cocos4.0/library/ccui/TextBMFont.lua , size = 1.503 KB
[20:16:35.137][info] [#0:script/workspace/loading.lua:100]: Preload file at: file:///Users/florian/.dotfiles/.config/nvim/mason/packages/lua-language-server/libexec/meta/3rd/Cocos4.0/library/ccui/Slider.lua , size = 6.250 KB
[20:16:35.139][info] [#0:script/workspace/loading.lua:100]: Preload file at: file:///Users/florian/.dotfiles/.config/nvim/mason/packages/lua-language-server/libexec/meta/3rd/Cocos4.0/library/ccui/RichElementImage.lua , size = 1.804 KB
[20:16:35.139][info] [#0:script/workspace/loading.lua:100]: Preload file at: file:///Users/florian/.dotfiles/.config/nvim/mason/packages/lua-language-server/libexec/meta/3rd/Cocos4.0/library/ccui/Scale9Sprite.lua , size = 9.171 KB
[20:16:35.141][info] [#0:script/workspace/loading.lua:100]: Preload file at: file:///Users/florian/.dotfiles/.config/nvim/mason/packages/lua-language-server/libexec/meta/3rd/Cocos4.0/library/ccui/RelativeLayoutParameter.lua , size = 1.792 KB
[20:16:35.141][info] [#0:script/workspace/loading.lua:100]: Preload file at: file:///Users/florian/.dotfiles/.config/nvim/mason/packages/lua-language-server/libexec/meta/3rd/Cocos4.0/library/ccui/TabControl.lua , size = 3.646 KB
[20:16:35.142][info] [#0:script/workspace/loading.lua:100]: Preload file at: file:///Users/florian/.dotfiles/.config/nvim/mason/packages/lua-language-server/libexec/meta/3rd/Cocos4.0/library/ccui/RichElementText.lua , size = 3.038 KB
[20:16:35.143][info] [#0:script/workspace/loading.lua:100]: Preload file at: file:///Users/florian/.dotfiles/.config/nvim/mason/packages/lua-language-server/libexec/meta/3rd/Cocos4.0/library/ccui/ScrollView.lua , size = 14.854 KB
[20:16:35.146][info] [#0:script/workspace/loading.lua:100]: Preload file at: file:///Users/florian/.dotfiles/.config/nvim/mason/packages/lua-language-server/libexec/meta/3rd/Cocos4.0/library/ccui/RelativeBox.lua , size = 0.507 KB
[20:16:35.146][info] [#0:script/workspace/loading.lua:100]: Preload file at: file:///Users/florian/.dotfiles/.config/nvim/mason/packages/lua-language-server/libexec/meta/3rd/Cocos4.0/library/ccui/LoadingBar.lua , size = 2.740 KB
[20:16:35.147][info] [#0:script/workspace/loading.lua:100]: Preload file at: file:///Users/florian/.dotfiles/.config/nvim/mason/packages/lua-language-server/libexec/meta/3rd/Cocos4.0/library/ccui/RichText.lua , size = 5.298 KB
[20:16:35.169][info] [#0:script/workspace/loading.lua:100]: Preload file at: file:///Users/florian/.dotfiles/.config/nvim/mason/packages/lua-language-server/libexec/meta/3rd/Cocos4.0/library/ccui/TextAtlas.lua , size = 2.216 KB
[20:16:35.170][info] [#0:script/workspace/loading.lua:100]: Preload file at: file:///Users/florian/.dotfiles/.config/nvim/mason/packages/lua-language-server/libexec/meta/3rd/Cocos4.0/library/ccui/WebView.lua , size = 2.722 KB
[20:16:35.171][info] [#0:script/workspace/loading.lua:100]: Preload file at: file:///Users/florian/.dotfiles/.config/nvim/mason/packages/lua-language-server/libexec/meta/3rd/Cocos4.0/library/ccui/VBox.lua , size = 0.444 KB
[20:16:35.171][info] [#0:script/workspace/loading.lua:100]: Preload file at: file:///Users/florian/.dotfiles/.config/nvim/mason/packages/lua-language-server/libexec/meta/3rd/Cocos4.0/library/ccui/EditBox.lua , size = 11.863 KB
[20:16:35.174][info] [#0:script/workspace/loading.lua:100]: Preload file at: file:///Users/florian/.dotfiles/.config/nvim/mason/packages/lua-language-server/libexec/meta/3rd/Cocos4.0/library/ccui/Layout.lua , size = 8.391 KB
[20:16:35.175][info] [#0:script/workspace/loading.lua:100]: Preload file at: file:///Users/florian/.dotfiles/.config/nvim/mason/packages/lua-language-server/libexec/meta/3rd/Cocos4.0/library/ccui/LayoutComponent.lua , size = 9.731 KB
[20:16:35.177][info] [#0:script/workspace/loading.lua:100]: Preload file at: file:///Users/florian/.dotfiles/.config/nvim/mason/packages/lua-language-server/libexec/meta/3rd/Cocos4.0/library/ccui/VideoPlayer.lua , size = 3.946 KB
[20:16:35.178][info] [#0:script/workspace/loading.lua:100]: Preload file at: file:///Users/florian/.dotfiles/.config/nvim/mason/packages/lua-language-server/libexec/meta/3rd/Cocos4.0/library/ccui/LinearLayoutParameter.lua , size = 1.047 KB
[20:16:35.178][info] [#0:script/workspace/loading.lua:100]: Preload file at: file:///Users/florian/.dotfiles/.config/nvim/mason/packages/lua-language-server/libexec/meta/3rd/Cocos4.0/library/ccui/ImageView.lua , size = 2.977 KB
[20:16:35.179][info] [#0:script/workspace/loading.lua:100]: Preload file at: file:///Users/florian/.dotfiles/.config/nvim/mason/packages/lua-language-server/libexec/meta/3rd/Cocos4.0/library/ccui/PageView.lua , size = 6.413 KB
[20:16:35.181][info] [#0:script/workspace/loading.lua:100]: Preload file at: file:///Users/florian/.dotfiles/.config/nvim/mason/packages/lua-language-server/libexec/meta/3rd/Cocos4.0/library/ccui/RadioButton.lua , size = 1.096 KB
[20:16:35.181][info] [#0:script/workspace/loading.lua:100]: Preload file at: file:///Users/florian/.dotfiles/.config/nvim/mason/packages/lua-language-server/libexec/meta/3rd/Cocos4.0/library/ccui/RichElement.lua , size = 0.793 KB
[20:16:35.181][info] [#0:script/workspace/loading.lua:100]: Preload file at: file:///Users/florian/.dotfiles/.config/nvim/mason/packages/lua-language-server/libexec/meta/3rd/Cocos4.0/library/ccui/RadioButtonGroup.lua , size = 2.799 KB
[20:16:35.182][info] [#0:script/workspace/loading.lua:100]: Preload file at: file:///Users/florian/.dotfiles/.config/nvim/mason/packages/lua-language-server/libexec/meta/3rd/Cocos4.0/library/ccui/Helper.lua , size = 2.862 KB
[20:16:35.182][info] [#0:script/workspace/loading.lua:100]: Preload file at: file:///Users/florian/.dotfiles/.config/nvim/mason/packages/lua-language-server/libexec/meta/3rd/Cocos4.0/library/ccui/TextField.lua , size = 8.536 KB
[20:16:35.184][info] [#0:script/workspace/loading.lua:100]: Preload file at: file:///Users/florian/.dotfiles/.config/nvim/mason/packages/lua-language-server/libexec/meta/3rd/Cocos4.0/library/ccui/CheckBox.lua , size = 1.060 KB
[20:16:35.185][info] [#0:script/workspace/loading.lua:100]: Preload file at: file:///Users/florian/.dotfiles/.config/nvim/mason/packages/lua-language-server/libexec/meta/3rd/Cocos4.0/library/ccui/HBox.lua , size = 0.444 KB
[20:16:35.185][info] [#0:script/workspace/loading.lua:100]: Preload file at: file:///Users/florian/.dotfiles/.config/nvim/mason/packages/lua-language-server/libexec/meta/3rd/Cocos4.0/library/ccui/AbstractCheckButton.lua , size = 5.384 KB
[20:16:35.186][info] [#0:script/workspace/loading.lua:100]: Preload file at: file:///Users/florian/.dotfiles/.config/nvim/mason/packages/lua-language-server/libexec/meta/3rd/Cocos4.0/library/ccui/RichElementNewLine.lua , size = 0.649 KB
[20:16:35.186][info] [#0:script/workspace/loading.lua:100]: Preload file at: file:///Users/florian/.dotfiles/.config/nvim/mason/packages/lua-language-server/libexec/meta/3rd/Cocos4.0/library/ccui/RichElementCustomNode.lua , size = 1.259 KB
[20:16:35.187][info] [#0:script/workspace/loading.lua:100]: Preload file at: file:///Users/florian/.dotfiles/.config/nvim/mason/packages/lua-language-server/libexec/meta/3rd/Cocos4.0/library/ccui/TabHeader.lua , size = 2.216 KB
[20:16:35.187][info] [#0:script/workspace/loading.lua:100]: Preload file at: file:///Users/florian/.dotfiles/.config/nvim/mason/packages/lua-language-server/libexec/meta/3rd/Cocos4.0/library/ccui/Text.lua , size = 6.893 KB
[20:16:35.189][info] [#0:script/workspace/loading.lua:100]: Preload file at: file:///Users/florian/.dotfiles/.config/nvim/mason/packages/lua-language-server/libexec/meta/3rd/Cocos4.0/library/ccui/Widget.lua , size = 16.001 KB
[20:16:35.192][info] [#0:script/workspace/loading.lua:100]: Preload file at: file:///Users/florian/.dotfiles/.config/nvim/mason/packages/lua-language-server/libexec/meta/3rd/Cocos4.0/library/ccui/Button.lua , size = 7.547 KB
[20:16:35.194][info] [#0:script/workspace/loading.lua:100]: Preload file at: file:///Users/florian/.dotfiles/.config/nvim/mason/packages/lua-language-server/libexec/meta/3rd/Cocos4.0/library/ccui/LayoutParameter.lua , size = 1.051 KB
[20:16:35.194][info] [#0:script/workspace/loading.lua:100]: Preload file at: file:///Users/florian/.dotfiles/.config/nvim/mason/packages/lua-language-server/libexec/meta/3rd/Cocos4.0/library/ccb/TextureBackend.lua , size = 2.083 KB
[20:16:35.195][info] [#0:script/workspace/loading.lua:100]: Preload file at: file:///Users/florian/.dotfiles/.config/nvim/mason/packages/lua-language-server/libexec/meta/3rd/Cocos4.0/library/ccb/Texture2DBackend.lua , size = 3.576 KB
[20:16:35.195][info] [#0:script/workspace/loading.lua:100]: Preload file at: file:///Users/florian/.dotfiles/.config/nvim/mason/packages/lua-language-server/libexec/meta/3rd/Cocos4.0/library/ccb/Program.lua , size = 1.727 KB
[20:16:35.196][info] [#0:script/workspace/loading.lua:100]: Preload file at: file:///Users/florian/.dotfiles/.config/nvim/mason/packages/lua-language-server/libexec/meta/3rd/Cocos4.0/library/ccb/TextureCubemapBackend.lua , size = 0.475 KB
[20:16:35.196][info] [#0:script/workspace/loading.lua:100]: Preload file at: file:///Users/florian/.dotfiles/.config/nvim/mason/packages/lua-language-server/libexec/meta/3rd/Cocos4.0/library/ccb/ProgramState.lua , size = 1.635 KB
[20:16:35.196][info] [#0:script/workspace/loading.lua:100]: Preload file at: file:///Users/florian/.dotfiles/.config/nvim/mason/packages/lua-language-server/libexec/meta/3rd/Cocos4.0/library/ccb/VertexLayout.lua , size = 1.658 KB
[20:16:35.197][info] [#0:script/workspace/loading.lua:100]: Preload file at: file:///Users/florian/.dotfiles/.config/nvim/mason/packages/lua-language-server/libexec/meta/3rd/Cocos4.0/library/ccui/ListView.lua , size = 10.846 KB
[20:16:35.199][info] [#0:script/workspace/loading.lua:100]: Preload file at: file:///Users/florian/.dotfiles/.config/nvim/mason/packages/lua-language-server/libexec/meta/3rd/Cocos4.0/library/cc/EaseExponentialIn.lua , size = 0.506 KB
[20:16:35.200][info] [#0:script/workspace/loading.lua:100]: Preload file at: file:///Users/florian/.dotfiles/.config/nvim/mason/packages/lua-language-server/libexec/meta/3rd/Cocos4.0/library/cc/EaseCircleActionInOut.lua , size = 0.545 KB
[20:16:35.200][info] [#0:script/workspace/loading.lua:100]: Preload file at: file:///Users/florian/.dotfiles/.config/nvim/mason/packages/lua-language-server/libexec/meta/3rd/Cocos4.0/library/cc/FlipX.lua , size = 0.601 KB
[20:16:35.200][info] [#0:script/workspace/loading.lua:100]: Preload file at: file:///Users/florian/.dotfiles/.config/nvim/mason/packages/lua-language-server/libexec/meta/3rd/Cocos4.0/library/cc/TableView.lua , size = 2.298 KB
[20:16:35.201][info] [#0:script/workspace/loading.lua:100]: Preload file at: file:///Users/florian/.dotfiles/.config/nvim/mason/packages/lua-language-server/libexec/meta/3rd/Cocos4.0/library/cc/Material.lua , size = 2.894 KB
[20:16:35.202][info] [#0:script/workspace/loading.lua:100]: Preload file at: file:///Users/florian/.dotfiles/.config/nvim/mason/packages/lua-language-server/libexec/meta/3rd/Cocos4.0/library/cc/ParticleSmoke.lua , size = 0.820 KB
[20:16:35.202][info] [#0:script/workspace/loading.lua:100]: Preload file at: file:///Users/florian/.dotfiles/.config/nvim/mason/packages/lua-language-server/libexec/meta/3rd/Cocos4.0/library/cc/AutoPolygon.lua , size = 0.413 KB
[20:16:35.202][info] [#0:script/workspace/loading.lua:100]: Preload file at: file:///Users/florian/.dotfiles/.config/nvim/mason/packages/lua-language-server/libexec/meta/3rd/Cocos4.0/library/cc/RotateTo.lua , size = 1.013 KB
[20:16:35.203][info] [#0:script/workspace/loading.lua:100]: Preload file at: file:///Users/florian/.dotfiles/.config/nvim/mason/packages/lua-language-server/libexec/meta/3rd/Cocos4.0/library/cc/EventListenerAssetsManagerEx.lua , size = 0.659 KB
[20:16:35.203][info] [#0:script/workspace/loading.lua:100]: Preload file at: file:///Users/florian/.dotfiles/.config/nvim/mason/packages/lua-language-server/libexec/meta/3rd/Cocos4.0/library/cc/EaseExponentialInOut.lua , size = 0.535 KB
[20:16:35.203][info] [#0:script/workspace/loading.lua:100]: Preload file at: file:///Users/florian/.dotfiles/.config/nvim/mason/packages/lua-language-server/libexec/meta/3rd/Cocos4.0/library/cc/EaseCubicActionIn.lua , size = 0.506 KB
[20:16:35.203][info] [#0:script/workspace/loading.lua:100]: Preload file at: file:///Users/florian/.dotfiles/.config/nvim/mason/packages/lua-language-server/libexec/meta/3rd/Cocos4.0/library/cc/Physics3DConstraint.lua , size = 1.571 KB
[20:16:35.204][info] [#0:script/workspace/loading.lua:100]: Preload file at: file:///Users/florian/.dotfiles/.config/nvim/mason/packages/lua-language-server/libexec/meta/3rd/Cocos4.0/library/cc/EaseExponentialOut.lua , size = 0.516 KB
[20:16:35.204][info] [#0:script/workspace/loading.lua:100]: Preload file at: file:///Users/florian/.dotfiles/.config/nvim/mason/packages/lua-language-server/libexec/meta/3rd/Cocos4.0/library/cc/Grid3DAction.lua , size = 0.361 KB
[20:16:35.204][info] [#0:script/workspace/loading.lua:100]: Preload file at: file:///Users/florian/.dotfiles/.config/nvim/mason/packages/lua-language-server/libexec/meta/3rd/Cocos4.0/library/cc/CameraBackgroundColorBrush.lua , size = 1.068 KB
[20:16:35.205][info] [#0:script/workspace/loading.lua:100]: Preload file at: file:///Users/florian/.dotfiles/.config/nvim/mason/packages/lua-language-server/libexec/meta/3rd/Cocos4.0/library/cc/FlipY.lua , size = 0.598 KB
[20:16:35.205][info] [#0:script/workspace/loading.lua:100]: Preload file at: file:///Users/florian/.dotfiles/.config/nvim/mason/packages/lua-language-server/libexec/meta/3rd/Cocos4.0/library/cc/EventListenerPhysicsContactWithBodies.lua , size = 0.631 KB
[20:16:35.205][info] [#0:script/workspace/loading.lua:100]: Preload file at: file:///Users/florian/.dotfiles/.config/nvim/mason/packages/lua-language-server/libexec/meta/3rd/Cocos4.0/library/cc/ControlButton.lua , size = 8.543 KB
[20:16:35.207][info] [#0:script/workspace/loading.lua:100]: Preload file at: file:///Users/florian/.dotfiles/.config/nvim/mason/packages/lua-language-server/libexec/meta/3rd/Cocos4.0/library/cc/ParticleSpiral.lua , size = 0.834 KB
[20:16:35.208][info] [#0:script/workspace/loading.lua:100]: Preload file at: file:///Users/florian/.dotfiles/.config/nvim/mason/packages/lua-language-server/libexec/meta/3rd/Cocos4.0/library/cc/Liquid.lua , size = 2.235 KB
[20:16:35.208][info] [#0:script/workspace/loading.lua:100]: Preload file at: file:///Users/florian/.dotfiles/.config/nvim/mason/packages/lua-language-server/libexec/meta/3rd/Cocos4.0/library/cc/Application.lua , size = 1.189 KB
[20:16:35.208][info] [#0:script/workspace/loading.lua:100]: Preload file at: file:///Users/florian/.dotfiles/.config/nvim/mason/packages/lua-language-server/libexec/meta/3rd/Cocos4.0/library/cc/TransitionTurnOffTiles.lua , size = 0.902 KB
[20:16:35.209][info] [#0:script/workspace/loading.lua:100]: Preload file at: file:///Users/florian/.dotfiles/.config/nvim/mason/packages/lua-language-server/libexec/meta/3rd/Cocos4.0/library/cc/EaseBounceInOut.lua , size = 0.486 KB
[20:16:35.209][info] [#0:script/workspace/loading.lua:100]: Preload file at: file:///Users/florian/.dotfiles/.config/nvim/mason/packages/lua-language-server/libexec/meta/3rd/Cocos4.0/library/cc/EventListener.lua , size = 1.010 KB
[20:16:35.209][info] [#0:script/workspace/loading.lua:100]: Preload file at: file:///Users/florian/.dotfiles/.config/nvim/mason/packages/lua-language-server/libexec/meta/3rd/Cocos4.0/library/cc/Animate3D.lua , size = 2.961 KB
[20:16:35.210][info] [#0:script/workspace/loading.lua:100]: Preload file at: file:///Users/florian/.dotfiles/.config/nvim/mason/packages/lua-language-server/libexec/meta/3rd/Cocos4.0/library/cc/BaseLight.lua , size = 0.796 KB
[20:16:35.211][info] [#0:script/workspace/loading.lua:100]: Preload file at: file:///Users/florian/.dotfiles/.config/nvim/mason/packages/lua-language-server/libexec/meta/3rd/Cocos4.0/library/cc/Waves3D.lua , size = 2.242 KB
[20:16:35.211][info] [#0:script/workspace/loading.lua:100]: Preload file at: file:///Users/florian/.dotfiles/.config/nvim/mason/packages/lua-language-server/libexec/meta/3rd/Cocos4.0/library/cc/Event.lua , size = 0.802 KB
[20:16:35.211][info] [#0:script/workspace/loading.lua:100]: Preload file at: file:///Users/florian/.dotfiles/.config/nvim/mason/packages/lua-language-server/libexec/meta/3rd/Cocos4.0/library/cc/EventAssetsManagerEx.lua , size = 1.123 KB
[20:16:35.212][info] [#0:script/workspace/loading.lua:100]: Preload file at: file:///Users/florian/.dotfiles/.config/nvim/mason/packages/lua-language-server/libexec/meta/3rd/Cocos4.0/library/cc/TargetedAction.lua , size = 1.460 KB
[20:16:35.212][info] [#0:script/workspace/loading.lua:100]: Preload file at: file:///Users/florian/.dotfiles/.config/nvim/mason/packages/lua-language-server/libexec/meta/3rd/Cocos4.0/library/cc/TransitionRotoZoom.lua , size = 0.505 KB
[20:16:35.213][info] [#0:script/workspace/loading.lua:100]: Preload file at: file:///Users/florian/.dotfiles/.config/nvim/mason/packages/lua-language-server/libexec/meta/3rd/Cocos4.0/library/cc/TMXObjectGroup.lua , size = 2.016 KB
[20:16:35.213][info] [#0:script/workspace/loading.lua:100]: Preload file at: file:///Users/florian/.dotfiles/.config/nvim/mason/packages/lua-language-server/libexec/meta/3rd/Cocos4.0/library/cc/TransitionProgressInOut.lua , size = 0.556 KB
[20:16:35.213][info] [#0:script/workspace/loading.lua:100]: Preload file at: file:///Users/florian/.dotfiles/.config/nvim/mason/packages/lua-language-server/libexec/meta/3rd/Cocos4.0/library/cc/Place.lua , size = 0.648 KB
[20:16:35.214][info] [#0:script/workspace/loading.lua:100]: Preload file at: file:///Users/florian/.dotfiles/.config/nvim/mason/packages/lua-language-server/libexec/meta/3rd/Cocos4.0/library/cc/SkewTo.lua , size = 0.843 KB
[20:16:35.214][info] [#0:script/workspace/loading.lua:100]: Preload file at: file:///Users/florian/.dotfiles/.config/nvim/mason/packages/lua-language-server/libexec/meta/3rd/Cocos4.0/library/cc/Controller.lua , size = 2.073 KB
[20:16:35.215][info] [#0:script/workspace/loading.lua:100]: Preload file at: file:///Users/florian/.dotfiles/.config/nvim/mason/packages/lua-language-server/libexec/meta/3rd/Cocos4.0/library/cc/CameraBackgroundDepthBrush.lua , size = 0.953 KB
[20:16:35.215][info] [#0:script/workspace/loading.lua:100]: Preload file at: file:///Users/florian/.dotfiles/.config/nvim/mason/packages/lua-language-server/libexec/meta/3rd/Cocos4.0/library/cc/Texture2D.lua , size = 5.399 KB
[20:16:35.216][info] [#0:script/workspace/loading.lua:100]: Preload file at: file:///Users/florian/.dotfiles/.config/nvim/mason/packages/lua-language-server/libexec/meta/3rd/Cocos4.0/library/cc/NodeGrid.lua , size = 1.260 KB
[20:16:35.217][info] [#0:script/workspace/loading.lua:100]: Preload file at: file:///Users/florian/.dotfiles/.config/nvim/mason/packages/lua-language-server/libexec/meta/3rd/Cocos4.0/library/cc/ParticleRain.lua , size = 0.807 KB
[20:16:35.217][info] [#0:script/workspace/loading.lua:100]: Preload file at: file:///Users/florian/.dotfiles/.config/nvim/mason/packages/lua-language-server/libexec/meta/3rd/Cocos4.0/library/cc/Terrain.lua , size = 3.620 KB
[20:16:35.218][info] [#0:script/workspace/loading.lua:100]: Preload file at: file:///Users/florian/.dotfiles/.config/nvim/mason/packages/lua-language-server/libexec/meta/3rd/Cocos4.0/library/cc/Animate.lua , size = 1.420 KB
[20:16:35.218][info] [#0:script/workspace/loading.lua:100]: Preload file at: file:///Users/florian/.dotfiles/.config/nvim/mason/packages/lua-language-server/libexec/meta/3rd/Cocos4.0/library/cc/PhysicsWorld.lua , size = 6.802 KB
[20:16:35.219][info] [#0:script/workspace/loading.lua:100]: Preload file at: file:///Users/florian/.dotfiles/.config/nvim/mason/packages/lua-language-server/libexec/meta/3rd/Cocos4.0/library/cc/EaseBezierAction.lua , size = 0.859 KB
[20:16:35.220][info] [#0:script/workspace/loading.lua:100]: Preload file at: file:///Users/florian/.dotfiles/.config/nvim/mason/packages/lua-language-server/libexec/meta/3rd/Cocos4.0/library/cc/Bundle3D.lua , size = 1.631 KB
[20:16:35.221][info] [#0:script/workspace/loading.lua:100]: Preload file at: file:///Users/florian/.dotfiles/.config/nvim/mason/packages/lua-language-server/libexec/meta/3rd/Cocos4.0/library/cc/TransitionMoveInL.lua , size = 0.842 KB
[20:16:35.221][info] [#0:script/workspace/loading.lua:100]: Preload file at: file:///Users/florian/.dotfiles/.config/nvim/mason/packages/lua-language-server/libexec/meta/3rd/Cocos4.0/library/cc/AssetsManagerEx.lua , size = 2.475 KB
[20:16:35.222][info] [#0:script/workspace/loading.lua:100]: Preload file at: file:///Users/florian/.dotfiles/.config/nvim/mason/packages/lua-language-server/libexec/meta/3rd/Cocos4.0/library/cc/EventController.lua , size = 1.176 KB
[20:16:35.222][info] [#0:script/workspace/loading.lua:100]: Preload file at: file:///Users/florian/.dotfiles/.config/nvim/mason/packages/lua-language-server/libexec/meta/3rd/Cocos4.0/library/cc/PhysicsContactPreSolve.lua , size = 0.985 KB
[20:16:35.222][info] [#0:script/workspace/loading.lua:100]: Preload file at: file:///Users/florian/.dotfiles/.config/nvim/mason/packages/lua-language-server/libexec/meta/3rd/Cocos4.0/library/cc/PageTurn3D.lua , size = 0.713 KB
[20:16:35.223][info] [#0:script/workspace/loading.lua:100]: Preload file at: file:///Users/florian/.dotfiles/.config/nvim/mason/packages/lua-language-server/libexec/meta/3rd/Cocos4.0/library/cc/AnimationFrame.lua , size = 1.945 KB
[20:16:35.223][info] [#0:script/workspace/loading.lua:100]: Preload file at: file:///Users/florian/.dotfiles/.config/nvim/mason/packages/lua-language-server/libexec/meta/3rd/Cocos4.0/library/cc/Physics3DShape.lua , size = 1.758 KB
[20:16:35.224][info] [#0:script/workspace/loading.lua:100]: Preload file at: file:///Users/florian/.dotfiles/.config/nvim/mason/packages/lua-language-server/libexec/meta/3rd/Cocos4.0/library/cc/AudioProfile.lua , size = 0.187 KB
[20:16:35.224][info] [#0:script/workspace/loading.lua:100]: Preload file at: file:///Users/florian/.dotfiles/.config/nvim/mason/packages/lua-language-server/libexec/meta/3rd/Cocos4.0/library/cc/PhysicsShapeEdgeChain.lua , size = 0.418 KB
[20:16:35.224][info] [#0:script/workspace/loading.lua:100]: Preload file at: file:///Users/florian/.dotfiles/.config/nvim/mason/packages/lua-language-server/libexec/meta/3rd/Cocos4.0/library/cc/ParticleMeteor.lua , size = 0.834 KB
[20:16:35.224][info] [#0:script/workspace/loading.lua:100]: Preload file at: file:///Users/florian/.dotfiles/.config/nvim/mason/packages/lua-language-server/libexec/meta/3rd/Cocos4.0/library/cc/JumpTo.lua , size = 0.987 KB
[20:16:35.225][info] [#0:script/workspace/loading.lua:100]: Preload file at: file:///Users/florian/.dotfiles/.config/nvim/mason/packages/lua-language-server/libexec/meta/3rd/Cocos4.0/library/cc/EaseCubicActionOut.lua , size = 0.516 KB
[20:16:35.225][info] [#0:script/workspace/loading.lua:100]: Preload file at: file:///Users/florian/.dotfiles/.config/nvim/mason/packages/lua-language-server/libexec/meta/3rd/Cocos4.0/library/cc/Renderer.lua , size = 9.653 KB
[20:16:35.227][info] [#0:script/workspace/loading.lua:100]: Preload file at: file:///Users/florian/.dotfiles/.config/nvim/mason/packages/lua-language-server/libexec/meta/3rd/Cocos4.0/library/cc/PhysicsShapeEdgeSegment.lua , size = 1.123 KB
[20:16:35.227][info] [#0:script/workspace/loading.lua:100]: Preload file at: file:///Users/florian/.dotfiles/.config/nvim/mason/packages/lua-language-server/libexec/meta/3rd/Cocos4.0/library/cc/WavesTiles3D.lua , size = 2.386 KB
[20:16:35.228][info] [#0:script/workspace/loading.lua:100]: Preload file at: file:///Users/florian/.dotfiles/.config/nvim/mason/packages/lua-language-server/libexec/meta/3rd/Cocos4.0/library/cc/PhysicsJointMotor.lua , size = 0.767 KB
[20:16:35.228][info] [#0:script/workspace/loading.lua:100]: Preload file at: file:///Users/florian/.dotfiles/.config/nvim/mason/packages/lua-language-server/libexec/meta/3rd/Cocos4.0/library/cc/Touch.lua , size = 2.216 KB
[20:16:35.229][info] [#0:script/workspace/loading.lua:100]: Preload file at: file:///Users/florian/.dotfiles/.config/nvim/mason/packages/lua-language-server/libexec/meta/3rd/Cocos4.0/library/cc/AsyncTaskPool.lua , size = 0.808 KB
[20:16:35.229][info] [#0:script/workspace/loading.lua:100]: Preload file at: file:///Users/florian/.dotfiles/.config/nvim/mason/packages/lua-language-server/libexec/meta/3rd/Cocos4.0/library/cc/DrawNode.lua , size = 6.633 KB
[20:16:35.230][info] [#0:script/workspace/loading.lua:100]: Preload file at: file:///Users/florian/.dotfiles/.config/nvim/mason/packages/lua-language-server/libexec/meta/3rd/Cocos4.0/library/cc/PhysicsJointLimit.lua , size = 1.634 KB
[20:16:35.231][info] [#0:script/workspace/loading.lua:100]: Preload file at: file:///Users/florian/.dotfiles/.config/nvim/mason/packages/lua-language-server/libexec/meta/3rd/Cocos4.0/library/cc/Lens3D.lua , size = 2.371 KB
[20:16:35.232][info] [#0:script/workspace/loading.lua:100]: Preload file at: file:///Users/florian/.dotfiles/.config/nvim/mason/packages/lua-language-server/libexec/meta/3rd/Cocos4.0/library/cc/ParticleSun.lua , size = 0.793 KB
[20:16:35.232][info] [#0:script/workspace/loading.lua:100]: Preload file at: file:///Users/florian/.dotfiles/.config/nvim/mason/packages/lua-language-server/libexec/meta/3rd/Cocos4.0/library/cc/EaseCubicActionInOut.lua , size = 0.535 KB
[20:16:35.232][info] [#0:script/workspace/loading.lua:100]: Preload file at: file:///Users/florian/.dotfiles/.config/nvim/mason/packages/lua-language-server/libexec/meta/3rd/Cocos4.0/library/cc/RepeatForever.lua , size = 1.188 KB
[20:16:35.233][info] [#0:script/workspace/loading.lua:100]: Preload file at: file:///Users/florian/.dotfiles/.config/nvim/mason/packages/lua-language-server/libexec/meta/3rd/Cocos4.0/library/cc/ActionManager.lua , size = 5.086 KB
[20:16:35.233][info] [#0:script/workspace/loading.lua:100]: Preload file at: file:///Users/florian/.dotfiles/.config/nvim/mason/packages/lua-language-server/libexec/meta/3rd/Cocos4.0/library/cc/StopGrid.lua , size = 0.500 KB
[20:16:35.234][info] [#0:script/workspace/loading.lua:100]: Preload file at: file:///Users/florian/.dotfiles/.config/nvim/mason/packages/lua-language-server/libexec/meta/3rd/Cocos4.0/library/cc/ShakyTiles3D.lua , size = 1.560 KB
[20:16:35.234][info] [#0:script/workspace/loading.lua:100]: Preload file at: file:///Users/florian/.dotfiles/.config/nvim/mason/packages/lua-language-server/libexec/meta/3rd/Cocos4.0/library/cc/ActionFloat.lua , size = 1.166 KB
[20:16:35.234][info] [#0:script/workspace/loading.lua:100]: Preload file at: file:///Users/florian/.dotfiles/.config/nvim/mason/packages/lua-language-server/libexec/meta/3rd/Cocos4.0/library/cc/Follow.lua , size = 3.408 KB
[20:16:35.235][info] [#0:script/workspace/loading.lua:100]: Preload file at: file:///Users/florian/.dotfiles/.config/nvim/mason/packages/lua-language-server/libexec/meta/3rd/Cocos4.0/library/cc/EventCustom.lua , size = 0.395 KB
[20:16:35.235][info] [#0:script/workspace/loading.lua:100]: Preload file at: file:///Users/florian/.dotfiles/.config/nvim/mason/packages/lua-language-server/libexec/meta/3rd/Cocos4.0/library/cc/Action.lua , size = 2.990 KB
[20:16:35.236][info] [#0:script/workspace/loading.lua:100]: Preload file at: file:///Users/florian/.dotfiles/.config/nvim/mason/packages/lua-language-server/libexec/meta/3rd/Cocos4.0/library/cc/TransitionFlipAngular.lua , size = 0.461 KB
[20:16:35.236][info] [#0:script/workspace/loading.lua:100]: Preload file at: file:///Users/florian/.dotfiles/.config/nvim/mason/packages/lua-language-server/libexec/meta/3rd/Cocos4.0/library/cc/TransitionProgressHorizontal.lua , size = 0.595 KB
[20:16:35.236][info] [#0:script/workspace/loading.lua:100]: Preload file at: file:///Users/florian/.dotfiles/.config/nvim/mason/packages/lua-language-server/libexec/meta/3rd/Cocos4.0/library/cc/CardinalSplineBy.lua , size = 0.509 KB
[20:16:35.236][info] [#0:script/workspace/loading.lua:100]: Preload file at: file:///Users/florian/.dotfiles/.config/nvim/mason/packages/lua-language-server/libexec/meta/3rd/Cocos4.0/library/cc/MoveBy.lua , size = 0.901 KB
[20:16:35.237][info] [#0:script/workspace/loading.lua:100]: Preload file at: file:///Users/florian/.dotfiles/.config/nvim/mason/packages/lua-language-server/libexec/meta/3rd/Cocos4.0/library/cc/TransitionFadeBL.lua , size = 0.599 KB
[20:16:35.237][info] [#0:script/workspace/loading.lua:100]: Preload file at: file:///Users/florian/.dotfiles/.config/nvim/mason/packages/lua-language-server/libexec/meta/3rd/Cocos4.0/library/cc/SpriteBatchNode.lua , size = 6.760 KB
[20:16:35.239][info] [#0:script/workspace/loading.lua:100]: Preload file at: file:///Users/florian/.dotfiles/.config/nvim/mason/packages/lua-language-server/libexec/meta/3rd/Cocos4.0/library/cc/TransitionFlipX.lua , size = 0.420 KB
[20:16:35.239][info] [#0:script/workspace/loading.lua:100]: Preload file at: file:///Users/florian/.dotfiles/.config/nvim/mason/packages/lua-language-server/libexec/meta/3rd/Cocos4.0/library/cc/ClippingNode.lua , size = 3.037 KB
[20:16:35.239][info] [#0:script/workspace/loading.lua:100]: Preload file at: file:///Users/florian/.dotfiles/.config/nvim/mason/packages/lua-language-server/libexec/meta/3rd/Cocos4.0/library/cc/ParticleData.lua , size = 0.453 KB
[20:16:35.240][info] [#0:script/workspace/loading.lua:100]: Preload file at: file:///Users/florian/.dotfiles/.config/nvim/mason/packages/lua-language-server/libexec/meta/3rd/Cocos4.0/library/cc/LayerColor.lua , size = 2.000 KB
[20:16:35.240][info] [#0:script/workspace/loading.lua:100]: Preload file at: file:///Users/florian/.dotfiles/.config/nvim/mason/packages/lua-language-server/libexec/meta/3rd/Cocos4.0/library/cc/NavMeshObstacle.lua , size = 1.365 KB
[20:16:35.241][info] [#0:script/workspace/loading.lua:100]: Preload file at: file:///Users/florian/.dotfiles/.config/nvim/mason/packages/lua-language-server/libexec/meta/3rd/Cocos4.0/library/cc/FadeOutBLTiles.lua , size = 0.792 KB
[20:16:35.241][info] [#0:script/workspace/loading.lua:100]: Preload file at: file:///Users/florian/.dotfiles/.config/nvim/mason/packages/lua-language-server/libexec/meta/3rd/Cocos4.0/library/cc/Control.lua , size = 2.701 KB
[20:16:35.242][info] [#0:script/workspace/loading.lua:100]: Preload file at: file:///Users/florian/.dotfiles/.config/nvim/mason/packages/lua-language-server/libexec/meta/3rd/Cocos4.0/library/cc/Skybox.lua , size = 1.296 KB
[20:16:35.242][info] [#0:script/workspace/loading.lua:100]: Preload file at: file:///Users/florian/.dotfiles/.config/nvim/mason/packages/lua-language-server/libexec/meta/3rd/Cocos4.0/library/cc/Properties.lua , size = 11.709 KB
[20:16:35.244][info] [#0:script/workspace/loading.lua:100]: Preload file at: file:///Users/florian/.dotfiles/.config/nvim/mason/packages/lua-language-server/libexec/meta/3rd/Cocos4.0/library/cc/TransitionSplitCols.lua , size = 1.034 KB
[20:16:35.244][info] [#0:script/workspace/loading.lua:100]: Preload file at: file:///Users/florian/.dotfiles/.config/nvim/mason/packages/lua-language-server/libexec/meta/3rd/Cocos4.0/library/cc/TransitionShrinkGrow.lua , size = 0.702 KB
[20:16:35.245][info] [#0:script/workspace/loading.lua:100]: Preload file at: file:///Users/florian/.dotfiles/.config/nvim/mason/packages/lua-language-server/libexec/meta/3rd/Cocos4.0/library/cc/EaseQuadraticActionIn.lua , size = 0.545 KB
[20:16:35.245][info] [#0:script/workspace/loading.lua:100]: Preload file at: file:///Users/florian/.dotfiles/.config/nvim/mason/packages/lua-language-server/libexec/meta/3rd/Cocos4.0/library/cc/Skeleton3D.lua , size = 0.938 KB
[20:16:35.245][info] [#0:script/workspace/loading.lua:100]: Preload file at: file:///Users/florian/.dotfiles/.config/nvim/mason/packages/lua-language-server/libexec/meta/3rd/Cocos4.0/library/cc/Speed.lua , size = 1.581 KB
[20:16:35.246][info] [#0:script/workspace/loading.lua:100]: Preload file at: file:///Users/florian/.dotfiles/.config/nvim/mason/packages/lua-language-server/libexec/meta/3rd/Cocos4.0/library/cc/EaseBackOut.lua , size = 0.447 KB
[20:16:35.246][info] [#0:script/workspace/loading.lua:100]: Preload file at: file:///Users/florian/.dotfiles/.config/nvim/mason/packages/lua-language-server/libexec/meta/3rd/Cocos4.0/library/cc/FadeOutUpTiles.lua , size = 0.917 KB
[20:16:35.246][info] [#0:script/workspace/loading.lua:100]: Preload file at: file:///Users/florian/.dotfiles/.config/nvim/mason/packages/lua-language-server/libexec/meta/3rd/Cocos4.0/library/cc/TransitionJumpZoom.lua , size = 0.505 KB
[20:16:35.247][info] [#0:script/workspace/loading.lua:100]: Preload file at: file:///Users/florian/.dotfiles/.config/nvim/mason/packages/lua-language-server/libexec/meta/3rd/Cocos4.0/library/cc/ProtectedNode.lua , size = 3.857 KB
[20:16:35.247][info] [#0:script/workspace/loading.lua:100]: Preload file at: file:///Users/florian/.dotfiles/.config/nvim/mason/packages/lua-language-server/libexec/meta/3rd/Cocos4.0/library/cc/Show.lua , size = 0.450 KB
[20:16:35.248][info] [#0:script/workspace/loading.lua:100]: Preload file at: file:///Users/florian/.dotfiles/.config/nvim/mason/packages/lua-language-server/libexec/meta/3rd/Cocos4.0/library/cc/TransitionFlipY.lua , size = 0.420 KB
[20:16:35.248][info] [#0:script/workspace/loading.lua:100]: Preload file at: file:///Users/florian/.dotfiles/.config/nvim/mason/packages/lua-language-server/libexec/meta/3rd/Cocos4.0/library/cc/PhysicsBody.lua , size = 14.614 KB
[20:16:35.251][info] [#0:script/workspace/loading.lua:100]: Preload file at: file:///Users/florian/.dotfiles/.config/nvim/mason/packages/lua-language-server/libexec/meta/3rd/Cocos4.0/library/cc/Physics3DPointToPointConstraint.lua , size = 1.821 KB
[20:16:35.251][info] [#0:script/workspace/loading.lua:100]: Preload file at: file:///Users/florian/.dotfiles/.config/nvim/mason/packages/lua-language-server/libexec/meta/3rd/Cocos4.0/library/cc/EaseOut.lua , size = 0.442 KB
[20:16:35.252][info] [#0:script/workspace/loading.lua:100]: Preload file at: file:///Users/florian/.dotfiles/.config/nvim/mason/packages/lua-language-server/libexec/meta/3rd/Cocos4.0/library/cc/Label.lua , size = 13.549 KB
[20:16:35.255][info] [#0:script/workspace/loading.lua:100]: Preload file at: file:///Users/florian/.dotfiles/.config/nvim/mason/packages/lua-language-server/libexec/meta/3rd/Cocos4.0/library/cc/LabelAtlas.lua , size = 1.300 KB
[20:16:35.256][info] [#0:script/workspace/loading.lua:100]: Preload file at: file:///Users/florian/.dotfiles/.config/nvim/mason/packages/lua-language-server/libexec/meta/3rd/Cocos4.0/library/cc/PhysicsShapeEdgePolygon.lua , size = 0.434 KB
[20:16:35.256][info] [#0:script/workspace/loading.lua:100]: Preload file at: file:///Users/florian/.dotfiles/.config/nvim/mason/packages/lua-language-server/libexec/meta/3rd/Cocos4.0/library/cc/PhysicsShapeCircle.lua , size = 1.737 KB
[20:16:35.256][info] [#0:script/workspace/loading.lua:100]: Preload file at: file:///Users/florian/.dotfiles/.config/nvim/mason/packages/lua-language-server/libexec/meta/3rd/Cocos4.0/library/cc/FastTMXTiledMap.lua , size = 3.218 KB
[20:16:35.257][info] [#0:script/workspace/loading.lua:100]: Preload file at: file:///Users/florian/.dotfiles/.config/nvim/mason/packages/lua-language-server/libexec/meta/3rd/Cocos4.0/library/cc/SpriteFrame.lua , size = 6.188 KB
[20:16:35.258][info] [#0:script/workspace/loading.lua:100]: Preload file at: file:///Users/florian/.dotfiles/.config/nvim/mason/packages/lua-language-server/libexec/meta/3rd/Cocos4.0/library/cc/Animation.lua , size = 4.433 KB
[20:16:35.259][info] [#0:script/workspace/loading.lua:100]: Preload file at: file:///Users/florian/.dotfiles/.config/nvim/mason/packages/lua-language-server/libexec/meta/3rd/Cocos4.0/library/cc/Physics3DWorld.lua , size = 2.023 KB
[20:16:35.260][info] [#0:script/workspace/loading.lua:100]: Preload file at: file:///Users/florian/.dotfiles/.config/nvim/mason/packages/lua-language-server/libexec/meta/3rd/Cocos4.0/library/cc/CatmullRomBy.lua , size = 0.472 KB
[20:16:35.260][info] [#0:script/workspace/loading.lua:100]: Preload file at: file:///Users/florian/.dotfiles/.config/nvim/mason/packages/lua-language-server/libexec/meta/3rd/Cocos4.0/library/cc/ParticleSystemQuad.lua , size = 1.807 KB
[20:16:35.261][info] [#0:script/workspace/loading.lua:100]: Preload file at: file:///Users/florian/.dotfiles/.config/nvim/mason/packages/lua-language-server/libexec/meta/3rd/Cocos4.0/library/cc/PhysicsShapeBox.lua , size = 0.970 KB
[20:16:35.261][info] [#0:script/workspace/loading.lua:100]: Preload file at: file:///Users/florian/.dotfiles/.config/nvim/mason/packages/lua-language-server/libexec/meta/3rd/Cocos4.0/library/cc/SplitCols.lua , size = 1.263 KB
[20:16:35.261][info] [#0:script/workspace/loading.lua:100]: Preload file at: file:///Users/florian/.dotfiles/.config/nvim/mason/packages/lua-language-server/libexec/meta/3rd/Cocos4.0/library/cc/TransitionProgressOutIn.lua , size = 0.556 KB
[20:16:35.261][info] [#0:script/workspace/loading.lua:100]: Preload file at: file:///Users/florian/.dotfiles/.config/nvim/mason/packages/lua-language-server/libexec/meta/3rd/Cocos4.0/library/cc/EaseQuinticActionOut.lua , size = 0.535 KB
[20:16:35.262][info] [#0:script/workspace/loading.lua:100]: Preload file at: file:///Users/florian/.dotfiles/.config/nvim/mason/packages/lua-language-server/libexec/meta/3rd/Cocos4.0/library/cc/ParticleFlower.lua , size = 0.834 KB
[20:16:35.262][info] [#0:script/workspace/loading.lua:100]: Preload file at: file:///Users/florian/.dotfiles/.config/nvim/mason/packages/lua-language-server/libexec/meta/3rd/Cocos4.0/library/cc/PhysicsContact.lua , size = 0.588 KB
[20:16:35.262][info] [#0:script/workspace/loading.lua:100]: Preload file at: file:///Users/florian/.dotfiles/.config/nvim/mason/packages/lua-language-server/libexec/meta/3rd/Cocos4.0/library/cc/ScaleTo.lua , size = 1.072 KB
[20:16:35.263][info] [#0:script/workspace/loading.lua:100]: Preload file at: file:///Users/florian/.dotfiles/.config/nvim/mason/packages/lua-language-server/libexec/meta/3rd/Cocos4.0/library/cc/EventKeyboard.lua , size = 0.354 KB
[20:16:35.263][info] [#0:script/workspace/loading.lua:100]: Preload file at: file:///Users/florian/.dotfiles/.config/nvim/mason/packages/lua-language-server/libexec/meta/3rd/Cocos4.0/library/cc/Sequence.lua , size = 0.820 KB
[20:16:35.263][info] [#0:script/workspace/loading.lua:100]: Preload file at: file:///Users/florian/.dotfiles/.config/nvim/mason/packages/lua-language-server/libexec/meta/3rd/Cocos4.0/library/cc/ControlSwitch.lua , size = 2.275 KB
[20:16:35.264][info] [#0:script/workspace/loading.lua:100]: Preload file at: file:///Users/florian/.dotfiles/.config/nvim/mason/packages/lua-language-server/libexec/meta/3rd/Cocos4.0/library/cc/TMXLayer.lua , size = 5.364 KB
[20:16:35.265][info] [#0:script/workspace/loading.lua:100]: Preload file at: file:///Users/florian/.dotfiles/.config/nvim/mason/packages/lua-language-server/libexec/meta/3rd/Cocos4.0/library/cc/UserDefault.lua , size = 3.116 KB
[20:16:35.266][info] [#0:script/workspace/loading.lua:100]: Preload file at: file:///Users/florian/.dotfiles/.config/nvim/mason/packages/lua-language-server/libexec/meta/3rd/Cocos4.0/library/cc/TransitionFadeUp.lua , size = 0.599 KB
[20:16:35.266][info] [#0:script/workspace/loading.lua:100]: Preload file at: file:///Users/florian/.dotfiles/.config/nvim/mason/packages/lua-language-server/libexec/meta/3rd/Cocos4.0/library/cc/EaseSineIn.lua , size = 0.438 KB
[20:16:35.267][info] [#0:script/workspace/loading.lua:100]: Preload file at: file:///Users/florian/.dotfiles/.config/nvim/mason/packages/lua-language-server/libexec/meta/3rd/Cocos4.0/library/cc/TiledGrid3D.lua , size = 0.811 KB
[20:16:35.267][info] [#0:script/workspace/loading.lua:100]: Preload file at: file:///Users/florian/.dotfiles/.config/nvim/mason/packages/lua-language-server/libexec/meta/3rd/Cocos4.0/library/cc/TransitionSlideInL.lua , size = 0.919 KB
[20:16:35.267][info] [#0:script/workspace/loading.lua:100]: Preload file at: file:///Users/florian/.dotfiles/.config/nvim/mason/packages/lua-language-server/libexec/meta/3rd/Cocos4.0/library/cc/PhysicsJointGroove.lua , size = 1.404 KB
[20:16:35.268][info] [#0:script/workspace/loading.lua:100]: Preload file at: file:///Users/florian/.dotfiles/.config/nvim/mason/packages/lua-language-server/libexec/meta/3rd/Cocos4.0/library/cc/FadeOutDownTiles.lua , size = 0.813 KB
[20:16:35.268][info] [#0:script/workspace/loading.lua:100]: Preload file at: file:///Users/florian/.dotfiles/.config/nvim/mason/packages/lua-language-server/libexec/meta/3rd/Cocos4.0/library/cc/Ripple3D.lua , size = 3.110 KB
[20:16:35.269][info] [#0:script/workspace/loading.lua:100]: Preload file at: file:///Users/florian/.dotfiles/.config/nvim/mason/packages/lua-language-server/libexec/meta/3rd/Cocos4.0/library/cc/PhysicsShape.lua , size = 6.776 KB
[20:16:35.270][info] [#0:script/workspace/loading.lua:100]: Preload file at: file:///Users/florian/.dotfiles/.config/nvim/mason/packages/lua-language-server/libexec/meta/3rd/Cocos4.0/library/cc/TintBy.lua , size = 1.117 KB
[20:16:35.270][info] [#0:script/workspace/loading.lua:100]: Preload file at: file:///Users/florian/.dotfiles/.config/nvim/mason/packages/lua-language-server/libexec/meta/3rd/Cocos4.0/library/cc/EventListenerMouse.lua , size = 0.407 KB
[20:16:35.270][info] [#0:script/workspace/loading.lua:100]: Preload file at: file:///Users/florian/.dotfiles/.config/nvim/mason/packages/lua-language-server/libexec/meta/3rd/Cocos4.0/library/cc/NavMeshAgent.lua , size = 3.547 KB
[20:16:35.272][info] [#0:script/workspace/loading.lua:100]: Preload file at: file:///Users/florian/.dotfiles/.config/nvim/mason/packages/lua-language-server/libexec/meta/3rd/Cocos4.0/library/cc/ActionInterval.lua , size = 1.119 KB
[20:16:35.272][info] [#0:script/workspace/loading.lua:100]: Preload file at: file:///Users/florian/.dotfiles/.config/nvim/mason/packages/lua-language-server/libexec/meta/3rd/Cocos4.0/library/cc/EventMouse.lua , size = 3.103 KB
[20:16:35.273][info] [#0:script/workspace/loading.lua:100]: Preload file at: file:///Users/florian/.dotfiles/.config/nvim/mason/packages/lua-language-server/libexec/meta/3rd/Cocos4.0/library/cc/FiniteTimeAction.lua , size = 0.576 KB
[20:16:35.273][info] [#0:script/workspace/loading.lua:100]: Preload file at: file:///Users/florian/.dotfiles/.config/nvim/mason/packages/lua-language-server/libexec/meta/3rd/Cocos4.0/library/cc/TransitionSplitRows.lua , size = 0.591 KB
[20:16:35.273][info] [#0:script/workspace/loading.lua:100]: Preload file at: file:///Users/florian/.dotfiles/.config/nvim/mason/packages/lua-language-server/libexec/meta/3rd/Cocos4.0/library/cc/TransitionProgressRadialCCW.lua , size = 0.587 KB
[20:16:35.273][info] [#0:script/workspace/loading.lua:100]: Preload file at: file:///Users/florian/.dotfiles/.config/nvim/mason/packages/lua-language-server/libexec/meta/3rd/Cocos4.0/library/cc/EaseBounceIn.lua , size = 0.457 KB
[20:16:35.273][info] [#0:script/workspace/loading.lua:100]: Preload file at: file:///Users/florian/.dotfiles/.config/nvim/mason/packages/lua-language-server/libexec/meta/3rd/Cocos4.0/library/cc/MenuItemLabel.lua , size = 1.366 KB
[20:16:35.274][info] [#0:script/workspace/loading.lua:100]: Preload file at: file:///Users/florian/.dotfiles/.config/nvim/mason/packages/lua-language-server/libexec/meta/3rd/Cocos4.0/library/cc/ParticleFireworks.lua , size = 0.875 KB
[20:16:35.274][info] [#0:script/workspace/loading.lua:100]: Preload file at: file:///Users/florian/.dotfiles/.config/nvim/mason/packages/lua-language-server/libexec/meta/3rd/Cocos4.0/library/cc/Physics3DObject.lua , size = 1.230 KB
[20:16:35.275][info] [#0:script/workspace/loading.lua:100]: Preload file at: file:///Users/florian/.dotfiles/.config/nvim/mason/packages/lua-language-server/libexec/meta/3rd/Cocos4.0/library/cc/Technique.lua , size = 1.156 KB
[20:16:35.275][info] [#0:script/workspace/loading.lua:100]: Preload file at: file:///Users/florian/.dotfiles/.config/nvim/mason/packages/lua-language-server/libexec/meta/3rd/Cocos4.0/library/cc/EaseQuinticActionIn.lua , size = 0.525 KB
[20:16:35.275][info] [#0:script/workspace/loading.lua:100]: Preload file at: file:///Users/florian/.dotfiles/.config/nvim/mason/packages/lua-language-server/libexec/meta/3rd/Cocos4.0/library/cc/Repeat.lua , size = 1.354 KB
[20:16:35.276][info] [#0:script/workspace/loading.lua:100]: Preload file at: file:///Users/florian/.dotfiles/.config/nvim/mason/packages/lua-language-server/libexec/meta/3rd/Cocos4.0/library/cc/BezierTo.lua , size = 0.466 KB
[20:16:35.276][info] [#0:script/workspace/loading.lua:100]: Preload file at: file:///Users/florian/.dotfiles/.config/nvim/mason/packages/lua-language-server/libexec/meta/3rd/Cocos4.0/library/cc/Manifest.lua , size = 0.830 KB
[20:16:35.277][info] [#0:script/workspace/loading.lua:100]: Preload file at: file:///Users/florian/.dotfiles/.config/nvim/mason/packages/lua-language-server/libexec/meta/3rd/Cocos4.0/library/cc/ParticleSystem3D.lua , size = 2.620 KB
[20:16:35.277][info] [#0:script/workspace/loading.lua:100]: Preload file at: file:///Users/florian/.dotfiles/.config/nvim/mason/packages/lua-language-server/libexec/meta/3rd/Cocos4.0/library/cc/CameraBackgroundBrush.lua , size = 2.170 KB
[20:16:35.278][info] [#0:script/workspace/loading.lua:100]: Preload file at: file:///Users/florian/.dotfiles/.config/nvim/mason/packages/lua-language-server/libexec/meta/3rd/Cocos4.0/library/cc/TransitionFadeDown.lua , size = 0.616 KB
[20:16:35.278][info] [#0:script/workspace/loading.lua:100]: Preload file at: file:///Users/florian/.dotfiles/.config/nvim/mason/packages/lua-language-server/libexec/meta/3rd/Cocos4.0/library/cc/SplitRows.lua , size = 1.229 KB
[20:16:35.278][info] [#0:script/workspace/loading.lua:100]: Preload file at: file:///Users/florian/.dotfiles/.config/nvim/mason/packages/lua-language-server/libexec/meta/3rd/Cocos4.0/library/cc/EaseRateAction.lua , size = 0.979 KB
[20:16:35.279][info] [#0:script/workspace/loading.lua:100]: Preload file at: file:///Users/florian/.dotfiles/.config/nvim/mason/packages/lua-language-server/libexec/meta/3rd/Cocos4.0/library/cc/ControlPotentiometer.lua , size = 3.533 KB
[20:16:35.280][info] [#0:script/workspace/loading.lua:100]: Preload file at: file:///Users/florian/.dotfiles/.config/nvim/mason/packages/lua-language-server/libexec/meta/3rd/Cocos4.0/library/cc/AtlasNode.lua , size = 3.055 KB
[20:16:35.281][info] [#0:script/workspace/loading.lua:100]: Preload file at: file:///Users/florian/.dotfiles/.config/nvim/mason/packages/lua-language-server/libexec/meta/3rd/Cocos4.0/library/cc/TransitionPageTurn.lua , size = 1.913 KB
[20:16:35.281][info] [#0:script/workspace/loading.lua:100]: Preload file at: file:///Users/florian/.dotfiles/.config/nvim/mason/packages/lua-language-server/libexec/meta/3rd/Cocos4.0/library/cc/EventDispatcher.lua , size = 5.170 KB
[20:16:35.282][info] [#0:script/workspace/loading.lua:100]: Preload file at: file:///Users/florian/.dotfiles/.config/nvim/mason/packages/lua-language-server/libexec/meta/3rd/Cocos4.0/library/cc/GLView.lua , size = 7.335 KB
[20:16:35.283][info] [#0:script/workspace/loading.lua:100]: Preload file at: file:///Users/florian/.dotfiles/.config/nvim/mason/packages/lua-language-server/libexec/meta/3rd/Cocos4.0/library/cc/TransitionCrossFade.lua , size = 0.693 KB
[20:16:35.283][info] [#0:script/workspace/loading.lua:100]: Preload file at: file:///Users/florian/.dotfiles/.config/nvim/mason/packages/lua-language-server/libexec/meta/3rd/Cocos4.0/library/cc/FadeTo.lua , size = 0.961 KB
[20:16:35.284][info] [#0:script/workspace/loading.lua:100]: Preload file at: file:///Users/florian/.dotfiles/.config/nvim/mason/packages/lua-language-server/libexec/meta/3rd/Cocos4.0/library/cc/TransitionFadeTR.lua , size = 1.082 KB
[20:16:35.284][info] [#0:script/workspace/loading.lua:100]: Preload file at: file:///Users/florian/.dotfiles/.config/nvim/mason/packages/lua-language-server/libexec/meta/3rd/Cocos4.0/library/cc/Grid3D.lua , size = 1.199 KB
[20:16:35.285][info] [#0:script/workspace/loading.lua:100]: Preload file at: file:///Users/florian/.dotfiles/.config/nvim/mason/packages/lua-language-server/libexec/meta/3rd/Cocos4.0/library/cc/EventListenerTouchOneByOne.lua , size = 0.841 KB
[20:16:35.285][info] [#0:script/workspace/loading.lua:100]: Preload file at: file:///Users/florian/.dotfiles/.config/nvim/mason/packages/lua-language-server/libexec/meta/3rd/Cocos4.0/library/cc/EventListenerController.lua , size = 0.467 KB
[20:16:35.285][info] [#0:script/workspace/loading.lua:100]: Preload file at: file:///Users/florian/.dotfiles/.config/nvim/mason/packages/lua-language-server/libexec/meta/3rd/Cocos4.0/library/cc/RemoveSelf.lua , size = 0.673 KB
[20:16:35.286][info] [#0:script/workspace/loading.lua:100]: Preload file at: file:///Users/florian/.dotfiles/.config/nvim/mason/packages/lua-language-server/libexec/meta/3rd/Cocos4.0/library/cc/EaseQuadraticActionOut.lua , size = 0.555 KB
[20:16:35.286][info] [#0:script/workspace/loading.lua:100]: Preload file at: file:///Users/florian/.dotfiles/.config/nvim/mason/packages/lua-language-server/libexec/meta/3rd/Cocos4.0/library/cc/DirectionLight.lua , size = 0.886 KB
[20:16:35.286][info] [#0:script/workspace/loading.lua:100]: Preload file at: file:///Users/florian/.dotfiles/.config/nvim/mason/packages/lua-language-server/libexec/meta/3rd/Cocos4.0/library/cc/EaseElastic.lua , size = 0.863 KB
[20:16:35.286][info] [#0:script/workspace/loading.lua:100]: Preload file at: file:///Users/florian/.dotfiles/.config/nvim/mason/packages/lua-language-server/libexec/meta/3rd/Cocos4.0/library/cc/Blink.lua , size = 0.887 KB
[20:16:35.287][info] [#0:script/workspace/loading.lua:100]: Preload file at: file:///Users/florian/.dotfiles/.config/nvim/mason/packages/lua-language-server/libexec/meta/3rd/Cocos4.0/library/cc/EventListenerPhysicsContactWithShapes.lua , size = 0.637 KB
[20:16:35.287][info] [#0:script/workspace/loading.lua:100]: Preload file at: file:///Users/florian/.dotfiles/.config/nvim/mason/packages/lua-language-server/libexec/meta/3rd/Cocos4.0/library/cc/TransitionEaseScene.lua , size = 0.452 KB
[20:16:35.287][info] [#0:script/workspace/loading.lua:100]: Preload file at: file:///Users/florian/.dotfiles/.config/nvim/mason/packages/lua-language-server/libexec/meta/3rd/Cocos4.0/library/cc/ParticleSnow.lua , size = 0.807 KB
[20:16:35.288][info] [#0:script/workspace/loading.lua:100]: Preload file at: file:///Users/florian/.dotfiles/.config/nvim/mason/packages/lua-language-server/libexec/meta/3rd/Cocos4.0/library/cc/PhysicsJointGear.lua , size = 1.062 KB
[20:16:35.288][info] [#0:script/workspace/loading.lua:100]: Preload file at: file:///Users/florian/.dotfiles/.config/nvim/mason/packages/lua-language-server/libexec/meta/3rd/Cocos4.0/library/cc/PhysicsJointRatchet.lua , size = 1.330 KB
[20:16:35.288][info] [#0:script/workspace/loading.lua:100]: Preload file at: file:///Users/florian/.dotfiles/.config/nvim/mason/packages/lua-language-server/libexec/meta/3rd/Cocos4.0/library/cc/Timer.lua , size = 0.598 KB
[20:16:35.289][info] [#0:script/workspace/loading.lua:100]: Preload file at: file:///Users/florian/.dotfiles/.config/nvim/mason/packages/lua-language-server/libexec/meta/3rd/Cocos4.0/library/cc/TransitionZoomFlipAngular.lua , size = 0.488 KB
[20:16:35.289][info] [#0:script/workspace/loading.lua:100]: Preload file at: file:///Users/florian/.dotfiles/.config/nvim/mason/packages/lua-language-server/libexec/meta/3rd/Cocos4.0/library/cc/FileUtils.lua , size = 16.089 KB
[20:16:35.292][info] [#0:script/workspace/loading.lua:100]: Preload file at: file:///Users/florian/.dotfiles/.config/nvim/mason/packages/lua-language-server/libexec/meta/3rd/Cocos4.0/library/cc/Layer.lua , size = 0.352 KB
[20:16:35.292][info] [#0:script/workspace/loading.lua:100]: Preload file at: file:///Users/florian/.dotfiles/.config/nvim/mason/packages/lua-language-server/libexec/meta/3rd/Cocos4.0/library/cc/Node.lua , size = 34.564 KB
[20:16:35.299][info] [#0:script/workspace/loading.lua:100]: Preload file at: file:///Users/florian/.dotfiles/.config/nvim/mason/packages/lua-language-server/libexec/meta/3rd/Cocos4.0/library/cc/RenderTexture.lua , size = 6.029 KB
[20:16:35.301][info] [#0:script/workspace/loading.lua:100]: Preload file at: file:///Users/florian/.dotfiles/.config/nvim/mason/packages/lua-language-server/libexec/meta/3rd/Cocos4.0/library/cc/Menu.lua , size = 1.999 KB
[20:16:35.301][info] [#0:script/workspace/loading.lua:100]: Preload file at: file:///Users/florian/.dotfiles/.config/nvim/mason/packages/lua-language-server/libexec/meta/3rd/Cocos4.0/library/cc/TintTo.lua , size = 1.016 KB
[20:16:35.302][info] [#0:script/workspace/loading.lua:100]: Preload file at: file:///Users/florian/.dotfiles/.config/nvim/mason/packages/lua-language-server/libexec/meta/3rd/Cocos4.0/library/cc/Sprite.lua , size = 12.740 KB
[20:16:35.305][info] [#0:script/workspace/loading.lua:100]: Preload file at: file:///Users/florian/.dotfiles/.config/nvim/mason/packages/lua-language-server/libexec/meta/3rd/Cocos4.0/library/cc/Physics3DComponent.lua , size = 1.499 KB
[20:16:35.305][info] [#0:script/workspace/loading.lua:100]: Preload file at: file:///Users/florian/.dotfiles/.config/nvim/mason/packages/lua-language-server/libexec/meta/3rd/Cocos4.0/library/cc/FlipX3D.lua , size = 1.307 KB
[20:16:35.306][info] [#0:script/workspace/loading.lua:100]: Preload file at: file:///Users/florian/.dotfiles/.config/nvim/mason/packages/lua-language-server/libexec/meta/3rd/Cocos4.0/library/cc/Component.lua , size = 0.790 KB
[20:16:35.306][info] [#0:script/workspace/loading.lua:100]: Preload file at: file:///Users/florian/.dotfiles/.config/nvim/mason/packages/lua-language-server/libexec/meta/3rd/Cocos4.0/library/cc/ActionInstant.lua , size = 0.576 KB
[20:16:35.306][info] [#0:script/workspace/loading.lua:100]: Preload file at: file:///Users/florian/.dotfiles/.config/nvim/mason/packages/lua-language-server/libexec/meta/3rd/Cocos4.0/library/cc/TransitionZoomFlipY.lua , size = 0.447 KB
[20:16:35.307][info] [#0:script/workspace/loading.lua:100]: Preload file at: file:///Users/florian/.dotfiles/.config/nvim/mason/packages/lua-language-server/libexec/meta/3rd/Cocos4.0/library/cc/EventListenerPhysicsContactWithGroup.lua , size = 0.576 KB
[20:16:35.307][info] [#0:script/workspace/loading.lua:100]: Preload file at: file:///Users/florian/.dotfiles/.config/nvim/mason/packages/lua-language-server/libexec/meta/3rd/Cocos4.0/library/cc/EaseElasticOut.lua , size = 0.505 KB
[20:16:35.307][info] [#0:script/workspace/loading.lua:100]: Preload file at: file:///Users/florian/.dotfiles/.config/nvim/mason/packages/lua-language-server/libexec/meta/3rd/Cocos4.0/library/cc/ClippingRectangleNode.lua , size = 1.300 KB
[20:16:35.307][info] [#0:script/workspace/loading.lua:100]: Preload file at: file:///Users/florian/.dotfiles/.config/nvim/mason/packages/lua-language-server/libexec/meta/3rd/Cocos4.0/library/cc/Physics3DRigidBody.lua , size = 6.742 KB
[20:16:35.309][info] [#0:script/workspace/loading.lua:100]: Preload file at: file:///Users/florian/.dotfiles/.config/nvim/mason/packages/lua-language-server/libexec/meta/3rd/Cocos4.0/library/cc/LayerMultiplex.lua , size = 1.159 KB
[20:16:35.310][info] [#0:script/workspace/loading.lua:100]: Preload file at: file:///Users/florian/.dotfiles/.config/nvim/mason/packages/lua-language-server/libexec/meta/3rd/Cocos4.0/library/cc/ParticleSystem.lua , size = 19.496 KB
[20:16:35.315][info] [#0:script/workspace/loading.lua:100]: Preload file at: file:///Users/florian/.dotfiles/.config/nvim/mason/packages/lua-language-server/libexec/meta/3rd/Cocos4.0/library/cc/AssetsManager.lua , size = 1.511 KB
[20:16:35.315][info] [#0:script/workspace/loading.lua:100]: Preload file at: file:///Users/florian/.dotfiles/.config/nvim/mason/packages/lua-language-server/libexec/meta/3rd/Cocos4.0/library/cc/ProgressFromTo.lua , size = 1.643 KB
[20:16:35.315][info] [#0:script/workspace/loading.lua:100]: Preload file at: file:///Users/florian/.dotfiles/.config/nvim/mason/packages/lua-language-server/libexec/meta/3rd/Cocos4.0/library/cc/ToggleVisibility.lua , size = 0.566 KB
[20:16:35.316][info] [#0:script/workspace/loading.lua:100]: Preload file at: file:///Users/florian/.dotfiles/.config/nvim/mason/packages/lua-language-server/libexec/meta/3rd/Cocos4.0/library/cc/TransitionZoomFlipX.lua , size = 0.447 KB
[20:16:35.316][info] [#0:script/workspace/loading.lua:100]: Preload file at: file:///Users/florian/.dotfiles/.config/nvim/mason/packages/lua-language-server/libexec/meta/3rd/Cocos4.0/library/cc/PolygonInfo.lua , size = 2.018 KB
[20:16:35.317][info] [#0:script/workspace/loading.lua:100]: Preload file at: file:///Users/florian/.dotfiles/.config/nvim/mason/packages/lua-language-server/libexec/meta/3rd/Cocos4.0/library/cc/BezierBy.lua , size = 0.642 KB
[20:16:35.317][info] [#0:script/workspace/loading.lua:100]: Preload file at: file:///Users/florian/.dotfiles/.config/nvim/mason/packages/lua-language-server/libexec/meta/3rd/Cocos4.0/library/cc/ParticleExplosion.lua , size = 0.875 KB
[20:16:35.317][info] [#0:script/workspace/loading.lua:100]: Preload file at: file:///Users/florian/.dotfiles/.config/nvim/mason/packages/lua-language-server/libexec/meta/3rd/Cocos4.0/library/cc/ParticleBatchNode.lua , size = 4.268 KB
[20:16:35.318][info] [#0:script/workspace/loading.lua:100]: Preload file at: file:///Users/florian/.dotfiles/.config/nvim/mason/packages/lua-language-server/libexec/meta/3rd/Cocos4.0/library/cc/EaseInOut.lua , size = 0.462 KB
[20:16:35.350][info] [#0:script/workspace/loading.lua:100]: Preload file at: file:///Users/florian/.dotfiles/.config/nvim/mason/packages/lua-language-server/libexec/meta/3rd/Cocos4.0/library/cc/Shaky3D.lua , size = 1.515 KB
[20:16:35.350][info] [#0:script/workspace/loading.lua:100]: Preload file at: file:///Users/florian/.dotfiles/.config/nvim/mason/packages/lua-language-server/libexec/meta/3rd/Cocos4.0/library/cc/TransitionSlideInR.lua , size = 0.658 KB
[20:16:35.350][info] [#0:script/workspace/loading.lua:100]: Preload file at: file:///Users/florian/.dotfiles/.config/nvim/mason/packages/lua-language-server/libexec/meta/3rd/Cocos4.0/library/cc/PhysicsShapeEdgeBox.lua , size = 0.928 KB
[20:16:35.351][info] [#0:script/workspace/loading.lua:100]: Preload file at: file:///Users/florian/.dotfiles/.config/nvim/mason/packages/lua-language-server/libexec/meta/3rd/Cocos4.0/library/cc/Console.lua , size = 0.992 KB
[20:16:35.351][info] [#0:script/workspace/loading.lua:100]: Preload file at: file:///Users/florian/.dotfiles/.config/nvim/mason/packages/lua-language-server/libexec/meta/3rd/Cocos4.0/library/cc/EventListenerCustom.lua , size = 0.366 KB
[20:16:35.351][info] [#0:script/workspace/loading.lua:100]: Preload file at: file:///Users/florian/.dotfiles/.config/nvim/mason/packages/lua-language-server/libexec/meta/3rd/Cocos4.0/library/cc/ProgressTimer.lua , size = 3.866 KB
[20:16:35.352][info] [#0:script/workspace/loading.lua:100]: Preload file at: file:///Users/florian/.dotfiles/.config/nvim/mason/packages/lua-language-server/libexec/meta/3rd/Cocos4.0/library/cc/TransitionProgressVertical.lua , size = 0.579 KB
[20:16:35.352][info] [#0:script/workspace/loading.lua:100]: Preload file at: file:///Users/florian/.dotfiles/.config/nvim/mason/packages/lua-language-server/libexec/meta/3rd/Cocos4.0/library/cc/ComponentLua.lua , size = 0.553 KB
[20:16:35.353][info] [#0:script/workspace/loading.lua:100]: Preload file at: file:///Users/florian/.dotfiles/.config/nvim/mason/packages/lua-language-server/libexec/meta/3rd/Cocos4.0/library/cc/TurnOffTiles.lua , size = 1.593 KB
[20:16:35.353][info] [#0:script/workspace/loading.lua:100]: Preload file at: file:///Users/florian/.dotfiles/.config/nvim/mason/packages/lua-language-server/libexec/meta/3rd/Cocos4.0/library/cc/Scheduler.lua , size = 1.086 KB
[20:16:35.353][info] [#0:script/workspace/loading.lua:100]: Preload file at: file:///Users/florian/.dotfiles/.config/nvim/mason/packages/lua-language-server/libexec/meta/3rd/Cocos4.0/library/cc/MenuItem.lua , size = 0.875 KB
[20:16:35.354][info] [#0:script/workspace/loading.lua:100]: Preload file at: file:///Users/florian/.dotfiles/.config/nvim/mason/packages/lua-language-server/libexec/meta/3rd/Cocos4.0/library/cc/TransitionProgress.lua , size = 0.506 KB
[20:16:35.354][info] [#0:script/workspace/loading.lua:100]: Preload file at: file:///Users/florian/.dotfiles/.config/nvim/mason/packages/lua-language-server/libexec/meta/3rd/Cocos4.0/library/cc/ActionEase.lua , size = 0.699 KB
[20:16:35.354][info] [#0:script/workspace/loading.lua:100]: Preload file at: file:///Users/florian/.dotfiles/.config/nvim/mason/packages/lua-language-server/libexec/meta/3rd/Cocos4.0/library/cc/CatmullRomTo.lua , size = 0.471 KB
[20:16:35.355][info] [#0:script/workspace/loading.lua:100]: Preload file at: file:///Users/florian/.dotfiles/.config/nvim/mason/packages/lua-language-server/libexec/meta/3rd/Cocos4.0/library/cc/ScaleBy.lua , size = 0.639 KB
[20:16:35.355][info] [#0:script/workspace/loading.lua:100]: Preload file at: file:///Users/florian/.dotfiles/.config/nvim/mason/packages/lua-language-server/libexec/meta/3rd/Cocos4.0/library/cc/PhysicsJointFixed.lua , size = 0.536 KB
[20:16:35.355][info] [#0:script/workspace/loading.lua:100]: Preload file at: file:///Users/florian/.dotfiles/.config/nvim/mason/packages/lua-language-server/libexec/meta/3rd/Cocos4.0/library/cc/SpriteFrameCache.lua , size = 4.512 KB
[20:16:35.356][info] [#0:script/workspace/loading.lua:100]: Preload file at: file:///Users/florian/.dotfiles/.config/nvim/mason/packages/lua-language-server/libexec/meta/3rd/Cocos4.0/library/cc/EaseElasticIn.lua , size = 0.495 KB
[20:16:35.356][info] [#0:script/workspace/loading.lua:100]: Preload file at: file:///Users/florian/.dotfiles/.config/nvim/mason/packages/lua-language-server/libexec/meta/3rd/Cocos4.0/library/cc/GLViewImpl.lua , size = 0.675 KB
[20:16:35.357][info] [#0:script/workspace/loading.lua:100]: Preload file at: file:///Users/florian/.dotfiles/.config/nvim/mason/packages/lua-language-server/libexec/meta/3rd/Cocos4.0/library/cc/PhysicsJointPin.lua , size = 0.599 KB
[20:16:35.357][info] [#0:script/workspace/loading.lua:100]: Preload file at: file:///Users/florian/.dotfiles/.config/nvim/mason/packages/lua-language-server/libexec/meta/3rd/Cocos4.0/library/cc/EaseBounceOut.lua , size = 0.467 KB
[20:16:35.357][info] [#0:script/workspace/loading.lua:100]: Preload file at: file:///Users/florian/.dotfiles/.config/nvim/mason/packages/lua-language-server/libexec/meta/3rd/Cocos4.0/library/cc/EaseSineOut.lua , size = 0.447 KB
[20:16:35.358][info] [#0:script/workspace/loading.lua:100]: Preload file at: file:///Users/florian/.dotfiles/.config/nvim/mason/packages/lua-language-server/libexec/meta/3rd/Cocos4.0/library/cc/AnimationCache.lua , size = 2.083 KB
[20:16:35.358][info] [#0:script/workspace/loading.lua:100]: Preload file at: file:///Users/florian/.dotfiles/.config/nvim/mason/packages/lua-language-server/libexec/meta/3rd/Cocos4.0/library/cc/NavMesh.lua , size = 1.389 KB
[20:16:35.359][info] [#0:script/workspace/loading.lua:100]: Preload file at: file:///Users/florian/.dotfiles/.config/nvim/mason/packages/lua-language-server/libexec/meta/3rd/Cocos4.0/library/cc/TextureCube.lua , size = 1.502 KB
[20:16:35.359][info] [#0:script/workspace/loading.lua:100]: Preload file at: file:///Users/florian/.dotfiles/.config/nvim/mason/packages/lua-language-server/libexec/meta/3rd/Cocos4.0/library/cc/EventListenerAcceleration.lua , size = 0.504 KB
[20:16:35.359][info] [#0:script/workspace/loading.lua:100]: Preload file at: file:///Users/florian/.dotfiles/.config/nvim/mason/packages/lua-language-server/libexec/meta/3rd/Cocos4.0/library/cc/TransitionScene.lua , size = 1.222 KB
[20:16:35.360][info] [#0:script/workspace/loading.lua:100]: Preload file at: file:///Users/florian/.dotfiles/.config/nvim/mason/packages/lua-language-server/libexec/meta/3rd/Cocos4.0/library/cc/Physics3DSliderConstraint.lua , size = 7.630 KB
[20:16:35.362][info] [#0:script/workspace/loading.lua:100]: Preload file at: file:///Users/florian/.dotfiles/.config/nvim/mason/packages/lua-language-server/libexec/meta/3rd/Cocos4.0/library/cc/TransitionSlideInB.lua , size = 0.657 KB
[20:16:35.362][info] [#0:script/workspace/loading.lua:100]: Preload file at: file:///Users/florian/.dotfiles/.config/nvim/mason/packages/lua-language-server/libexec/meta/3rd/Cocos4.0/library/cc/MoveTo.lua , size = 0.779 KB
[20:16:35.362][info] [#0:script/workspace/loading.lua:100]: Preload file at: file:///Users/florian/.dotfiles/.config/nvim/mason/packages/lua-language-server/libexec/meta/3rd/Cocos4.0/library/cc/ReuseGrid.lua , size = 0.963 KB
[20:16:35.363][info] [#0:script/workspace/loading.lua:100]: Preload file at: file:///Users/florian/.dotfiles/.config/nvim/mason/packages/lua-language-server/libexec/meta/3rd/Cocos4.0/library/cc/EaseQuarticActionIn.lua , size = 0.525 KB
[20:16:35.363][info] [#0:script/workspace/loading.lua:100]: Preload file at: file:///Users/florian/.dotfiles/.config/nvim/mason/packages/lua-language-server/libexec/meta/3rd/Cocos4.0/library/cc/EventListenerKeyboard.lua , size = 0.434 KB
[20:16:35.363][info] [#0:script/workspace/loading.lua:100]: Preload file at: file:///Users/florian/.dotfiles/.config/nvim/mason/packages/lua-language-server/libexec/meta/3rd/Cocos4.0/library/cc/ActionCamera.lua , size = 0.957 KB
[20:16:35.364][info] [#0:script/workspace/loading.lua:100]: Preload file at: file:///Users/florian/.dotfiles/.config/nvim/mason/packages/lua-language-server/libexec/meta/3rd/Cocos4.0/library/cc/TiledGrid3DAction.lua , size = 0.268 KB
[20:16:35.364][info] [#0:script/workspace/loading.lua:100]: Preload file at: file:///Users/florian/.dotfiles/.config/nvim/mason/packages/lua-language-server/libexec/meta/3rd/Cocos4.0/library/cc/ActionTween.lua , size = 1.664 KB
[20:16:35.364][info] [#0:script/workspace/loading.lua:100]: Preload file at: file:///Users/florian/.dotfiles/.config/nvim/mason/packages/lua-language-server/libexec/meta/3rd/Cocos4.0/library/cc/Waves.lua , size = 2.664 KB
[20:16:35.365][info] [#0:script/workspace/loading.lua:100]: Preload file at: file:///Users/florian/.dotfiles/.config/nvim/mason/packages/lua-language-server/libexec/meta/3rd/Cocos4.0/library/cc/Device.lua , size = 1.037 KB
[20:16:35.365][info] [#0:script/workspace/loading.lua:100]: Preload file at: file:///Users/florian/.dotfiles/.config/nvim/mason/packages/lua-language-server/libexec/meta/3rd/Cocos4.0/library/cc/FadeOutTRTiles.lua , size = 1.776 KB
[20:16:35.366][info] [#0:script/workspace/loading.lua:100]: Preload file at: file:///Users/florian/.dotfiles/.config/nvim/mason/packages/lua-language-server/libexec/meta/3rd/Cocos4.0/library/cc/CSLoader.lua , size = 1.554 KB
[20:16:35.366][info] [#0:script/workspace/loading.lua:100]: Preload file at: file:///Users/florian/.dotfiles/.config/nvim/mason/packages/lua-language-server/libexec/meta/3rd/Cocos4.0/library/cc/TMXTilesetInfo.lua , size = 0.276 KB
[20:16:35.366][info] [#0:script/workspace/loading.lua:100]: Preload file at: file:///Users/florian/.dotfiles/.config/nvim/mason/packages/lua-language-server/libexec/meta/3rd/Cocos4.0/library/cc/TransitionSlideInT.lua , size = 0.657 KB
[20:16:35.367][info] [#0:script/workspace/loading.lua:100]: Preload file at: file:///Users/florian/.dotfiles/.config/nvim/mason/packages/lua-language-server/libexec/meta/3rd/Cocos4.0/library/cc/EaseBounce.lua , size = 0.096 KB
[20:16:35.367][info] [#0:script/workspace/loading.lua:100]: Preload file at: file:///Users/florian/.dotfiles/.config/nvim/mason/packages/lua-language-server/libexec/meta/3rd/Cocos4.0/library/cc/ShatteredTiles3D.lua , size = 1.652 KB
[20:16:35.367][info] [#0:script/workspace/loading.lua:100]: Preload file at: file:///Users/florian/.dotfiles/.config/nvim/mason/packages/lua-language-server/libexec/meta/3rd/Cocos4.0/library/cc/MenuItemSprite.lua , size = 1.645 KB
[20:16:35.368][info] [#0:script/workspace/loading.lua:100]: Preload file at: file:///Users/florian/.dotfiles/.config/nvim/mason/packages/lua-language-server/libexec/meta/3rd/Cocos4.0/library/cc/MenuItemAtlasFont.lua , size = 0.563 KB
[20:16:35.368][info] [#0:script/workspace/loading.lua:100]: Preload file at: file:///Users/florian/.dotfiles/.config/nvim/mason/packages/lua-language-server/libexec/meta/3rd/Cocos4.0/library/cc/TileMapAtlas.lua , size = 1.353 KB
[20:16:35.368][info] [#0:script/workspace/loading.lua:100]: Preload file at: file:///Users/florian/.dotfiles/.config/nvim/mason/packages/lua-language-server/libexec/meta/3rd/Cocos4.0/library/cc/PUParticleSystem3D.lua , size = 5.732 KB
[20:16:35.370][info] [#0:script/workspace/loading.lua:100]: Preload file at: file:///Users/florian/.dotfiles/.config/nvim/mason/packages/lua-language-server/libexec/meta/3rd/Cocos4.0/library/cc/Mesh.lua , size = 2.224 KB
[20:16:35.371][info] [#0:script/workspace/loading.lua:100]: Preload file at: file:///Users/florian/.dotfiles/.config/nvim/mason/packages/lua-language-server/libexec/meta/3rd/Cocos4.0/library/cc/EaseBackInOut.lua , size = 0.467 KB
[20:16:35.371][info] [#0:script/workspace/loading.lua:100]: Preload file at: file:///Users/florian/.dotfiles/.config/nvim/mason/packages/lua-language-server/libexec/meta/3rd/Cocos4.0/library/cc/TransitionMoveInT.lua , size = 0.499 KB
[20:16:35.371][info] [#0:script/workspace/loading.lua:100]: Preload file at: file:///Users/florian/.dotfiles/.config/nvim/mason/packages/lua-language-server/libexec/meta/3rd/Cocos4.0/library/cc/ControlHuePicker.lua , size = 1.486 KB
[20:16:35.372][info] [#0:script/workspace/loading.lua:100]: Preload file at: file:///Users/florian/.dotfiles/.config/nvim/mason/packages/lua-language-server/libexec/meta/3rd/Cocos4.0/library/cc/FlipY3D.lua , size = 0.564 KB
[20:16:35.372][info] [#0:script/workspace/loading.lua:100]: Preload file at: file:///Users/florian/.dotfiles/.config/nvim/mason/packages/lua-language-server/libexec/meta/3rd/Cocos4.0/library/cc/Spawn.lua , size = 0.759 KB
[20:16:35.373][info] [#0:script/workspace/loading.lua:100]: Preload file at: file:///Users/florian/.dotfiles/.config/nvim/mason/packages/lua-language-server/libexec/meta/3rd/Cocos4.0/library/cc/ShaderCache.lua , size = 1.046 KB
[20:16:35.373][info] [#0:script/workspace/loading.lua:100]: Preload file at: file:///Users/florian/.dotfiles/.config/nvim/mason/packages/lua-language-server/libexec/meta/3rd/Cocos4.0/library/cc/PhysicsJointRotaryLimit.lua , size = 1.005 KB
[20:16:35.373][info] [#0:script/workspace/loading.lua:100]: Preload file at: file:///Users/florian/.dotfiles/.config/nvim/mason/packages/lua-language-server/libexec/meta/3rd/Cocos4.0/library/cc/RenderState.lua , size = 0.365 KB
[20:16:35.374][info] [#0:script/workspace/loading.lua:100]: Preload file at: file:///Users/florian/.dotfiles/.config/nvim/mason/packages/lua-language-server/libexec/meta/3rd/Cocos4.0/library/cc/EaseCircleActionIn.lua , size = 0.516 KB
[20:16:35.374][info] [#0:script/workspace/loading.lua:100]: Preload file at: file:///Users/florian/.dotfiles/.config/nvim/mason/packages/lua-language-server/libexec/meta/3rd/Cocos4.0/library/cc/LayerRadialGradient.lua , size = 2.853 KB
[20:16:35.375][info] [#0:script/workspace/loading.lua:100]: Preload file at: file:///Users/florian/.dotfiles/.config/nvim/mason/packages/lua-language-server/libexec/meta/3rd/Cocos4.0/library/cc/MenuItemToggle.lua , size = 1.230 KB
[20:16:35.375][info] [#0:script/workspace/loading.lua:100]: Preload file at: file:///Users/florian/.dotfiles/.config/nvim/mason/packages/lua-language-server/libexec/meta/3rd/Cocos4.0/library/cc/CardinalSplineTo.lua , size = 1.215 KB
[20:16:35.376][info] [#0:script/workspace/loading.lua:100]: Preload file at: file:///Users/florian/.dotfiles/.config/nvim/mason/packages/lua-language-server/libexec/meta/3rd/Cocos4.0/library/cc/Physics3D6DofConstraint.lua , size = 2.252 KB
[20:16:35.376][info] [#0:script/workspace/loading.lua:100]: Preload file at: file:///Users/florian/.dotfiles/.config/nvim/mason/packages/lua-language-server/libexec/meta/3rd/Cocos4.0/library/cc/Physics3DHingeConstraint.lua , size = 3.866 KB
[20:16:35.377][info] [#0:script/workspace/loading.lua:100]: Preload file at: file:///Users/florian/.dotfiles/.config/nvim/mason/packages/lua-language-server/libexec/meta/3rd/Cocos4.0/library/cc/MenuItemFont.lua , size = 1.579 KB
[20:16:35.378][info] [#0:script/workspace/loading.lua:100]: Preload file at: file:///Users/florian/.dotfiles/.config/nvim/mason/packages/lua-language-server/libexec/meta/3rd/Cocos4.0/library/cc/TransitionMoveInB.lua , size = 0.499 KB
[20:16:35.378][info] [#0:script/workspace/loading.lua:100]: Preload file at: file:///Users/florian/.dotfiles/.config/nvim/mason/packages/lua-language-server/libexec/meta/3rd/Cocos4.0/library/cc/AmbientLight.lua , size = 0.414 KB
[20:16:35.378][info] [#0:script/workspace/loading.lua:100]: Preload file at: file:///Users/florian/.dotfiles/.config/nvim/mason/packages/lua-language-server/libexec/meta/3rd/Cocos4.0/library/cc/CallFunc.lua , size = 0.419 KB
[20:16:35.379][info] [#0:script/workspace/loading.lua:100]: Preload file at: file:///Users/florian/.dotfiles/.config/nvim/mason/packages/lua-language-server/libexec/meta/3rd/Cocos4.0/library/cc/AttachNode.lua , size = 0.812 KB
[20:16:35.379][info] [#0:script/workspace/loading.lua:100]: Preload file at: file:///Users/florian/.dotfiles/.config/nvim/mason/packages/lua-language-server/libexec/meta/3rd/Cocos4.0/library/cc/OrbitCamera.lua , size = 1.466 KB
[20:16:35.379][info] [#0:script/workspace/loading.lua:100]: Preload file at: file:///Users/florian/.dotfiles/.config/nvim/mason/packages/lua-language-server/libexec/meta/3rd/Cocos4.0/library/cc/EventAcceleration.lua , size = 0.118 KB
[20:16:35.379][info] [#0:script/workspace/loading.lua:100]: Preload file at: file:///Users/florian/.dotfiles/.config/nvim/mason/packages/lua-language-server/libexec/meta/3rd/Cocos4.0/library/cc/EaseQuinticActionInOut.lua , size = 0.555 KB
[20:16:35.380][info] [#0:script/workspace/loading.lua:100]: Preload file at: file:///Users/florian/.dotfiles/.config/nvim/mason/packages/lua-language-server/libexec/meta/3rd/Cocos4.0/library/cc/EaseQuarticActionOut.lua , size = 0.535 KB
[20:16:35.380][info] [#0:script/workspace/loading.lua:100]: Preload file at: file:///Users/florian/.dotfiles/.config/nvim/mason/packages/lua-language-server/libexec/meta/3rd/Cocos4.0/library/cc/EaseQuarticActionInOut.lua , size = 0.555 KB
[20:16:35.380][info] [#0:script/workspace/loading.lua:100]: Preload file at: file:///Users/florian/.dotfiles/.config/nvim/mason/packages/lua-language-server/libexec/meta/3rd/Cocos4.0/library/cc/PhysicsSprite3D.lua , size = 0.651 KB
[20:16:35.380][info] [#0:script/workspace/loading.lua:100]: Preload file at: file:///Users/florian/.dotfiles/.config/nvim/mason/packages/lua-language-server/libexec/meta/3rd/Cocos4.0/library/cc/MotionStreak3D.lua , size = 4.334 KB
[20:16:35.382][info] [#0:script/workspace/loading.lua:100]: Preload file at: file:///Users/florian/.dotfiles/.config/nvim/mason/packages/lua-language-server/libexec/meta/3rd/Cocos4.0/library/cc/TMXTiledMap.lua , size = 3.700 KB
[20:16:35.383][info] [#0:script/workspace/loading.lua:100]: Preload file at: file:///Users/florian/.dotfiles/.config/nvim/mason/packages/lua-language-server/libexec/meta/3rd/Cocos4.0/library/cc/BillBoard.lua , size = 1.239 KB
[20:16:35.383][info] [#0:script/workspace/loading.lua:100]: Preload file at: file:///Users/florian/.dotfiles/.config/nvim/mason/packages/lua-language-server/libexec/meta/3rd/Cocos4.0/library/cc/JumpTiles3D.lua , size = 2.396 KB
[20:16:35.383][info] [#0:script/workspace/loading.lua:100]: Preload file at: file:///Users/florian/.dotfiles/.config/nvim/mason/packages/lua-language-server/libexec/meta/3rd/Cocos4.0/library/cc/GridAction.lua , size = 0.844 KB
[20:16:35.384][info] [#0:script/workspace/loading.lua:100]: Preload file at: file:///Users/florian/.dotfiles/.config/nvim/mason/packages/lua-language-server/libexec/meta/3rd/Cocos4.0/library/cc/ControlSaturationBrightnessPicker.lua , size = 1.279 KB
[20:16:35.384][info] [#0:script/workspace/loading.lua:100]: Preload file at: file:///Users/florian/.dotfiles/.config/nvim/mason/packages/lua-language-server/libexec/meta/3rd/Cocos4.0/library/cc/Director.lua , size = 11.481 KB
[20:16:35.387][info] [#0:script/workspace/loading.lua:100]: Preload file at: file:///Users/florian/.dotfiles/.config/nvim/mason/packages/lua-language-server/libexec/meta/3rd/Cocos4.0/library/cc/AudioEngine.lua , size = 5.667 KB
[20:16:35.388][info] [#0:script/workspace/loading.lua:100]: Preload file at: file:///Users/florian/.dotfiles/.config/nvim/mason/packages/lua-language-server/libexec/meta/3rd/Cocos4.0/library/cc/ParticleFire.lua , size = 0.807 KB
[20:16:35.388][info] [#0:script/workspace/loading.lua:100]: Preload file at: file:///Users/florian/.dotfiles/.config/nvim/mason/packages/lua-language-server/libexec/meta/3rd/Cocos4.0/library/cc/LayerGradient.lua , size = 3.321 KB
[20:16:35.389][info] [#0:script/workspace/loading.lua:100]: Preload file at: file:///Users/florian/.dotfiles/.config/nvim/mason/packages/lua-language-server/libexec/meta/3rd/Cocos4.0/library/cc/EaseSineInOut.lua , size = 0.467 KB
[20:16:35.389][info] [#0:script/workspace/loading.lua:100]: Preload file at: file:///Users/florian/.dotfiles/.config/nvim/mason/packages/lua-language-server/libexec/meta/3rd/Cocos4.0/library/cc/MenuItemImage.lua , size = 1.020 KB
[20:16:35.389][info] [#0:script/workspace/loading.lua:100]: Preload file at: file:///Users/florian/.dotfiles/.config/nvim/mason/packages/lua-language-server/libexec/meta/3rd/Cocos4.0/library/cc/EventTouch.lua , size = 0.442 KB
[20:16:35.390][info] [#0:script/workspace/loading.lua:100]: Preload file at: file:///Users/florian/.dotfiles/.config/nvim/mason/packages/lua-language-server/libexec/meta/3rd/Cocos4.0/library/cc/PhysicsJoint.lua , size = 1.444 KB
[20:16:35.390][info] [#0:script/workspace/loading.lua:100]: Preload file at: file:///Users/florian/.dotfiles/.config/nvim/mason/packages/lua-language-server/libexec/meta/3rd/Cocos4.0/library/cc/EventListenerTouchAllAtOnce.lua , size = 0.486 KB
[20:16:35.390][info] [#0:script/workspace/loading.lua:100]: Preload file at: file:///Users/florian/.dotfiles/.config/nvim/mason/packages/lua-language-server/libexec/meta/3rd/Cocos4.0/library/cc/ControlColourPicker.lua , size = 1.431 KB
[20:16:35.391][info] [#0:script/workspace/loading.lua:100]: Preload file at: file:///Users/florian/.dotfiles/.config/nvim/mason/packages/lua-language-server/libexec/meta/3rd/Cocos4.0/library/cc/JumpBy.lua , size = 1.078 KB
[20:16:35.391][info] [#0:script/workspace/loading.lua:100]: Preload file at: file:///Users/florian/.dotfiles/.config/nvim/mason/packages/lua-language-server/libexec/meta/3rd/Cocos4.0/library/cc/ParticleGalaxy.lua , size = 0.834 KB
[20:16:35.392][info] [#0:script/workspace/loading.lua:100]: Preload file at: file:///Users/florian/.dotfiles/.config/nvim/mason/packages/lua-language-server/libexec/meta/3rd/Cocos4.0/library/cc/EventFocus.lua , size = 0.397 KB
[20:16:35.392][info] [#0:script/workspace/loading.lua:100]: Preload file at: file:///Users/florian/.dotfiles/.config/nvim/mason/packages/lua-language-server/libexec/meta/3rd/Cocos4.0/library/cc/TransitionMoveInR.lua , size = 0.499 KB
[20:16:35.392][info] [#0:script/workspace/loading.lua:100]: Preload file at: file:///Users/florian/.dotfiles/.config/nvim/mason/packages/lua-language-server/libexec/meta/3rd/Cocos4.0/library/cc/ProgressTo.lua , size = 1.294 KB
[20:16:35.392][info] [#0:script/workspace/loading.lua:100]: Preload file at: file:///Users/florian/.dotfiles/.config/nvim/mason/packages/lua-language-server/libexec/meta/3rd/Cocos4.0/library/cc/Camera.lua , size = 5.797 KB
[20:16:35.394][info] [#0:script/workspace/loading.lua:100]: Preload file at: file:///Users/florian/.dotfiles/.config/nvim/mason/packages/lua-language-server/libexec/meta/3rd/Cocos4.0/library/cc/TMXLayerInfo.lua , size = 0.334 KB
[20:16:35.394][info] [#0:script/workspace/loading.lua:100]: Preload file at: file:///Users/florian/.dotfiles/.config/nvim/mason/packages/lua-language-server/libexec/meta/3rd/Cocos4.0/library/cc/EaseElasticInOut.lua , size = 0.524 KB
[20:16:35.394][info] [#0:script/workspace/loading.lua:100]: Preload file at: file:///Users/florian/.dotfiles/.config/nvim/mason/packages/lua-language-server/libexec/meta/3rd/Cocos4.0/library/cc/EventListenerFocus.lua , size = 0.407 KB
[20:16:35.394][info] [#0:script/workspace/loading.lua:100]: Preload file at: file:///Users/florian/.dotfiles/.config/nvim/mason/packages/lua-language-server/libexec/meta/3rd/Cocos4.0/library/cc/Ref.lua , size = 0.658 KB
[20:16:35.395][info] [#0:script/workspace/loading.lua:100]: Preload file at: file:///Users/florian/.dotfiles/.config/nvim/mason/packages/lua-language-server/libexec/meta/3rd/Cocos4.0/library/cc/EaseIn.lua , size = 0.433 KB
[20:16:35.395][info] [#0:script/workspace/loading.lua:100]: Preload file at: file:///Users/florian/.dotfiles/.config/nvim/mason/packages/lua-language-server/libexec/meta/3rd/Cocos4.0/library/cc/EventListenerPhysicsContact.lua , size = 0.577 KB
[20:16:35.395][info] [#0:script/workspace/loading.lua:100]: Preload file at: file:///Users/florian/.dotfiles/.config/nvim/mason/packages/lua-language-server/libexec/meta/3rd/Cocos4.0/library/cc/TMXMapInfo.lua , size = 4.253 KB
[20:16:35.397][info] [#0:script/workspace/loading.lua:100]: Preload file at: file:///Users/florian/.dotfiles/.config/nvim/mason/packages/lua-language-server/libexec/meta/3rd/Cocos4.0/library/cc/Twirl.lua , size = 2.854 KB
[20:16:35.397][info] [#0:script/workspace/loading.lua:100]: Preload file at: file:///Users/florian/.dotfiles/.config/nvim/mason/packages/lua-language-server/libexec/meta/3rd/Cocos4.0/library/cc/TextureCache.lua , size = 3.850 KB
[20:16:35.398][info] [#0:script/workspace/loading.lua:100]: Preload file at: file:///Users/florian/.dotfiles/.config/nvim/mason/packages/lua-language-server/libexec/meta/3rd/Cocos4.0/library/cc/Sprite3DCache.lua , size = 0.557 KB
[20:16:35.398][info] [#0:script/workspace/loading.lua:100]: Preload file at: file:///Users/florian/.dotfiles/.config/nvim/mason/packages/lua-language-server/libexec/meta/3rd/Cocos4.0/library/cc/TransitionFade.lua , size = 0.745 KB
[20:16:35.399][info] [#0:script/workspace/loading.lua:100]: Preload file at: file:///Users/florian/.dotfiles/.config/nvim/mason/packages/lua-language-server/libexec/meta/3rd/Cocos4.0/library/cc/SkewBy.lua , size = 0.798 KB
[20:16:35.399][info] [#0:script/workspace/loading.lua:100]: Preload file at: file:///Users/florian/.dotfiles/.config/nvim/mason/packages/lua-language-server/libexec/meta/3rd/Cocos4.0/library/cc/ControlStepper.lua , size = 2.812 KB
[20:16:35.400][info] [#0:script/workspace/loading.lua:100]: Preload file at: file:///Users/florian/.dotfiles/.config/nvim/mason/packages/lua-language-server/libexec/meta/3rd/Cocos4.0/library/cc/Physics3DConeTwistConstraint.lua , size = 3.545 KB
[20:16:35.401][info] [#0:script/workspace/loading.lua:100]: Preload file at: file:///Users/florian/.dotfiles/.config/nvim/mason/packages/lua-language-server/libexec/meta/3rd/Cocos4.0/library/cc/TransitionSceneOriented.lua , size = 0.903 KB
[20:16:35.401][info] [#0:script/workspace/loading.lua:100]: Preload file at: file:///Users/florian/.dotfiles/.config/nvim/mason/packages/lua-language-server/libexec/meta/3rd/Cocos4.0/library/cc/SpotLight.lua , size = 2.281 KB
[20:16:35.402][info] [#0:script/workspace/loading.lua:100]: Preload file at: file:///Users/florian/.dotfiles/.config/nvim/mason/packages/lua-language-server/libexec/meta/3rd/Cocos4.0/library/cc/CameraBackgroundSkyBoxBrush.lua , size = 1.569 KB
[20:16:35.402][info] [#0:script/workspace/loading.lua:100]: Preload file at: file:///Users/florian/.dotfiles/.config/nvim/mason/packages/lua-language-server/libexec/meta/3rd/Cocos4.0/library/cc/ShuffleTiles.lua , size = 1.523 KB
[20:16:35.402][info] [#0:script/workspace/loading.lua:100]: Preload file at: file:///Users/florian/.dotfiles/.config/nvim/mason/packages/lua-language-server/libexec/meta/3rd/Cocos4.0/library/cc/PhysicsJointRotarySpring.lua , size = 1.456 KB
[20:16:35.403][info] [#0:script/workspace/loading.lua:100]: Preload file at: file:///Users/florian/.dotfiles/.config/nvim/mason/packages/lua-language-server/libexec/meta/3rd/Cocos4.0/library/cc/Pass.lua , size = 3.624 KB
[20:16:35.404][info] [#0:script/workspace/loading.lua:100]: Preload file at: file:///Users/florian/.dotfiles/.config/nvim/mason/packages/lua-language-server/libexec/meta/3rd/Cocos4.0/library/cc/Sprite3D.lua , size = 3.923 KB
[20:16:35.405][info] [#0:script/workspace/loading.lua:100]: Preload file at: file:///Users/florian/.dotfiles/.config/nvim/mason/packages/lua-language-server/libexec/meta/3rd/Cocos4.0/library/cc/EaseCircleActionOut.lua , size = 0.525 KB
[20:16:35.406][info] [#0:script/workspace/loading.lua:100]: Preload file at: file:///Users/florian/.dotfiles/.config/nvim/mason/packages/lua-language-server/libexec/meta/3rd/Cocos4.0/library/cc/Scene.lua , size = 1.938 KB
[20:16:35.406][info] [#0:script/workspace/loading.lua:100]: Preload file at: file:///Users/florian/.dotfiles/.config/nvim/mason/packages/lua-language-server/libexec/meta/3rd/Cocos4.0/library/cc/GridBase.lua , size = 2.696 KB
[20:16:35.407][info] [#0:script/workspace/loading.lua:100]: Preload file at: file:///Users/florian/.dotfiles/.config/nvim/mason/packages/lua-language-server/libexec/meta/3rd/Cocos4.0/library/cc/FadeIn.lua , size = 0.581 KB
[20:16:35.407][info] [#0:script/workspace/loading.lua:100]: Preload file at: file:///Users/florian/.dotfiles/.config/nvim/mason/packages/lua-language-server/libexec/meta/3rd/Cocos4.0/library/cc/ControlSlider.lua , size = 3.020 KB
[20:16:35.408][info] [#0:script/workspace/loading.lua:100]: Preload file at: file:///Users/florian/.dotfiles/.config/nvim/mason/packages/lua-language-server/libexec/meta/3rd/Cocos4.0/library/cc/MotionStreak.lua , size = 3.785 KB
[20:16:35.409][info] [#0:script/workspace/loading.lua:100]: Preload file at: file:///Users/florian/.dotfiles/.config/nvim/mason/packages/lua-language-server/libexec/meta/3rd/Cocos4.0/library/cc/TransitionProgressRadialCW.lua , size = 0.579 KB
[20:16:35.410][info] [#0:script/workspace/loading.lua:100]: Preload file at: file:///Users/florian/.dotfiles/.config/nvim/mason/packages/lua-language-server/libexec/meta/3rd/Cocos4.0/library/cc/DelayTime.lua , size = 0.535 KB
[20:16:35.410][info] [#0:script/workspace/loading.lua:100]: Preload file at: file:///Users/florian/.dotfiles/.config/nvim/mason/packages/lua-language-server/libexec/meta/3rd/Cocos4.0/library/cc/PhysicsShapePolygon.lua , size = 0.770 KB
[20:16:35.410][info] [#0:script/workspace/loading.lua:100]: Preload file at: file:///Users/florian/.dotfiles/.config/nvim/mason/packages/lua-language-server/libexec/meta/3rd/Cocos4.0/library/cc/PointLight.lua , size = 0.720 KB
[20:16:35.411][info] [#0:script/workspace/loading.lua:100]: Preload file at: file:///Users/florian/.dotfiles/.config/nvim/mason/packages/lua-language-server/libexec/meta/3rd/Cocos4.0/library/cc/Image.lua , size = 1.985 KB
[20:16:35.411][info] [#0:script/workspace/loading.lua:100]: Preload file at: file:///Users/florian/.dotfiles/.config/nvim/mason/packages/lua-language-server/libexec/meta/3rd/Cocos4.0/library/cc/Animation3D.lua , size = 0.772 KB
[20:16:35.411][info] [#0:script/workspace/loading.lua:100]: Preload file at: file:///Users/florian/.dotfiles/.config/nvim/mason/packages/lua-language-server/libexec/meta/3rd/Cocos4.0/library/cc/RotateBy.lua , size = 1.090 KB
[20:16:35.412][info] [#0:script/workspace/loading.lua:100]: Preload file at: file:///Users/florian/.dotfiles/.config/nvim/mason/packages/lua-language-server/libexec/meta/3rd/Cocos4.0/library/cc/PhysicsJointSpring.lua , size = 1.999 KB
[20:16:35.412][info] [#0:script/workspace/loading.lua:100]: Preload file at: file:///Users/florian/.dotfiles/.config/nvim/mason/packages/lua-language-server/libexec/meta/3rd/Cocos4.0/library/cc/Hide.lua , size = 0.449 KB
[20:16:35.413][info] [#0:script/workspace/loading.lua:100]: Preload file at: file:///Users/florian/.dotfiles/.config/nvim/mason/packages/lua-language-server/libexec/meta/3rd/Cocos4.0/library/cc/TableViewCell.lua , size = 0.547 KB
[20:16:35.413][info] [#0:script/workspace/loading.lua:100]: Preload file at: file:///Users/florian/.dotfiles/.config/nvim/mason/packages/lua-language-server/libexec/meta/3rd/Cocos4.0/library/cc/ParallaxNode.lua , size = 1.611 KB
[20:16:35.414][info] [#0:script/workspace/loading.lua:100]: Preload file at: file:///Users/florian/.dotfiles/.config/nvim/mason/packages/lua-language-server/libexec/meta/3rd/Cocos4.0/library/cc/Sprite3DMaterial.lua , size = 1.100 KB
[20:16:35.414][info] [#0:script/workspace/loading.lua:100]: Preload file at: file:///Users/florian/.dotfiles/.config/nvim/mason/packages/lua-language-server/libexec/meta/3rd/Cocos4.0/library/cc/EaseQuadraticActionInOut.lua , size = 0.574 KB
[20:16:35.414][info] [#0:script/workspace/loading.lua:100]: Preload file at: file:///Users/florian/.dotfiles/.config/nvim/mason/packages/lua-language-server/libexec/meta/3rd/Cocos4.0/library/cc/EaseBackIn.lua , size = 0.438 KB
[20:16:35.414][info] [#0:script/workspace/loading.lua:100]: Preload file at: file:///Users/florian/.dotfiles/.config/nvim/mason/packages/lua-language-server/libexec/meta/3rd/Cocos4.0/library/cc/PhysicsJointDistance.lua , size = 0.918 KB
[20:16:35.415][info] [#0:script/workspace/loading.lua:100]: Preload file at: file:///Users/florian/.dotfiles/.config/nvim/mason/packages/lua-language-server/libexec/meta/3rd/Cocos4.0/library/cc/FadeOut.lua , size = 0.546 KB
[20:16:35.415][info] [#0:script/workspace/loading.lua:100]: Preload file at: file:///Users/florian/.dotfiles/.config/nvim/mason/packages/lua-language-server/libexec/meta/3rd/Cocos4.0/library/cc/FastTMXLayer.lua , size = 4.998 KB
[20:16:35.416][info] [#0:script/workspace/loading.lua:100]: Preload file at: file:///Users/florian/.dotfiles/.config/nvim/mason/packages/lua-language-server/libexec/meta/3rd/Cocos4.0/library/cc/PhysicsContactPostSolve.lua , size = 0.472 KB
[20:16:35.416][info] [#0:script/workspace/loading.lua:100]: Preload file at: file:///Users/florian/.dotfiles/.config/nvim/mason/packages/lua-language-server/libexec/meta/3rd/Cocos4.0/library/ccs/RotationSkewFrame.lua , size = 0.319 KB
[20:16:35.417][info] [#0:script/workspace/loading.lua:100]: Preload file at: file:///Users/florian/.dotfiles/.config/nvim/mason/packages/lua-language-server/libexec/meta/3rd/Cocos4.0/library/ccs/ScaleFrame.lua , size = 0.623 KB
[20:16:35.417][info] [#0:script/workspace/loading.lua:100]: Preload file at: file:///Users/florian/.dotfiles/.config/nvim/mason/packages/lua-language-server/libexec/meta/3rd/Cocos4.0/library/ccs/MovementData.lua , size = 0.459 KB
[20:16:35.417][info] [#0:script/workspace/loading.lua:100]: Preload file at: file:///Users/florian/.dotfiles/.config/nvim/mason/packages/lua-language-server/libexec/meta/3rd/Cocos4.0/library/ccs/TextureData.lua , size = 0.477 KB
[20:16:35.417][info] [#0:script/workspace/loading.lua:100]: Preload file at: file:///Users/florian/.dotfiles/.config/nvim/mason/packages/lua-language-server/libexec/meta/3rd/Cocos4.0/library/ccs/AlphaFrame.lua , size = 0.413 KB
[20:16:35.418][info] [#0:script/workspace/loading.lua:100]: Preload file at: file:///Users/florian/.dotfiles/.config/nvim/mason/packages/lua-language-server/libexec/meta/3rd/Cocos4.0/library/ccs/ActionTimelineNode.lua , size = 0.868 KB
[20:16:35.418][info] [#0:script/workspace/loading.lua:100]: Preload file at: file:///Users/florian/.dotfiles/.config/nvim/mason/packages/lua-language-server/libexec/meta/3rd/Cocos4.0/library/ccs/ActionTimelineCache.lua , size = 1.675 KB
[20:16:35.419][info] [#0:script/workspace/loading.lua:100]: Preload file at: file:///Users/florian/.dotfiles/.config/nvim/mason/packages/lua-language-server/libexec/meta/3rd/Cocos4.0/library/ccs/AnchorPointFrame.lua , size = 0.478 KB
[20:16:35.419][info] [#0:script/workspace/loading.lua:100]: Preload file at: file:///Users/florian/.dotfiles/.config/nvim/mason/packages/lua-language-server/libexec/meta/3rd/Cocos4.0/library/ccs/EventFrame.lua , size = 0.530 KB
[20:16:35.419][info] [#0:script/workspace/loading.lua:100]: Preload file at: file:///Users/florian/.dotfiles/.config/nvim/mason/packages/lua-language-server/libexec/meta/3rd/Cocos4.0/library/ccs/ZOrderFrame.lua , size = 0.407 KB
[20:16:35.419][info] [#0:script/workspace/loading.lua:100]: Preload file at: file:///Users/florian/.dotfiles/.config/nvim/mason/packages/lua-language-server/libexec/meta/3rd/Cocos4.0/library/ccs/ContourData.lua , size = 0.360 KB
[20:16:35.420][info] [#0:script/workspace/loading.lua:100]: Preload file at: file:///Users/florian/.dotfiles/.config/nvim/mason/packages/lua-language-server/libexec/meta/3rd/Cocos4.0/library/ccs/ActionTimelineData.lua , size = 0.546 KB
[20:16:35.420][info] [#0:script/workspace/loading.lua:100]: Preload file at: file:///Users/florian/.dotfiles/.config/nvim/mason/packages/lua-language-server/libexec/meta/3rd/Cocos4.0/library/ccs/ActionRotationFrame.lua , size = 0.822 KB
[20:16:35.420][info] [#0:script/workspace/loading.lua:100]: Preload file at: file:///Users/florian/.dotfiles/.config/nvim/mason/packages/lua-language-server/libexec/meta/3rd/Cocos4.0/library/ccs/BaseData.lua , size = 0.344 KB
[20:16:35.420][info] [#0:script/workspace/loading.lua:100]: Preload file at: file:///Users/florian/.dotfiles/.config/nvim/mason/packages/lua-language-server/libexec/meta/3rd/Cocos4.0/library/ccs/PositionFrame.lua , size = 0.702 KB
[20:16:35.421][info] [#0:script/workspace/loading.lua:100]: Preload file at: file:///Users/florian/.dotfiles/.config/nvim/mason/packages/lua-language-server/libexec/meta/3rd/Cocos4.0/library/ccs/ComAudio.lua , size = 3.022 KB
[20:16:35.422][info] [#0:script/workspace/loading.lua:100]: Preload file at: file:///Users/florian/.dotfiles/.config/nvim/mason/packages/lua-language-server/libexec/meta/3rd/Cocos4.0/library/ccs/AnimationData.lua , size = 0.509 KB
[20:16:35.422][info] [#0:script/workspace/loading.lua:100]: Preload file at: file:///Users/florian/.dotfiles/.config/nvim/mason/packages/lua-language-server/libexec/meta/3rd/Cocos4.0/library/ccs/FrameData.lua , size = 0.297 KB
[20:16:35.422][info] [#0:script/workspace/loading.lua:100]: Preload file at: file:///Users/florian/.dotfiles/.config/nvim/mason/packages/lua-language-server/libexec/meta/3rd/Cocos4.0/library/ccs/BoneNode.lua , size = 3.379 KB
[20:16:35.424][info] [#0:script/workspace/loading.lua:100]: Preload file at: file:///Users/florian/.dotfiles/.config/nvim/mason/packages/lua-language-server/libexec/meta/3rd/Cocos4.0/library/ccs/RotationFrame.lua , size = 0.438 KB
[20:16:35.424][info] [#0:script/workspace/loading.lua:100]: Preload file at: file:///Users/florian/.dotfiles/.config/nvim/mason/packages/lua-language-server/libexec/meta/3rd/Cocos4.0/library/ccs/MovementBoneData.lua , size = 0.514 KB
[20:16:35.424][info] [#0:script/workspace/loading.lua:100]: Preload file at: file:///Users/florian/.dotfiles/.config/nvim/mason/packages/lua-language-server/libexec/meta/3rd/Cocos4.0/library/ccs/BlendFuncFrame.lua , size = 0.466 KB
[20:16:35.424][info] [#0:script/workspace/loading.lua:100]: Preload file at: file:///Users/florian/.dotfiles/.config/nvim/mason/packages/lua-language-server/libexec/meta/3rd/Cocos4.0/library/ccs/ComController.lua , size = 0.636 KB
[20:16:35.425][info] [#0:script/workspace/loading.lua:100]: Preload file at: file:///Users/florian/.dotfiles/.config/nvim/mason/packages/lua-language-server/libexec/meta/3rd/Cocos4.0/library/ccs/SkewFrame.lua , size = 0.522 KB
[20:16:35.425][info] [#0:script/workspace/loading.lua:100]: Preload file at: file:///Users/florian/.dotfiles/.config/nvim/mason/packages/lua-language-server/libexec/meta/3rd/Cocos4.0/library/ccs/TextureFrame.lua , size = 0.524 KB
[20:16:35.425][info] [#0:script/workspace/loading.lua:100]: Preload file at: file:///Users/florian/.dotfiles/.config/nvim/mason/packages/lua-language-server/libexec/meta/3rd/Cocos4.0/library/ccs/BoneData.lua , size = 0.453 KB
[20:16:35.426][info] [#0:script/workspace/loading.lua:100]: Preload file at: file:///Users/florian/.dotfiles/.config/nvim/mason/packages/lua-language-server/libexec/meta/3rd/Cocos4.0/library/ccs/InnerActionFrame.lua , size = 1.219 KB
[20:16:35.426][info] [#0:script/workspace/loading.lua:100]: Preload file at: file:///Users/florian/.dotfiles/.config/nvim/mason/packages/lua-language-server/libexec/meta/3rd/Cocos4.0/library/ccs/ComRender.lua , size = 0.688 KB
[20:16:35.426][info] [#0:script/workspace/loading.lua:100]: Preload file at: file:///Users/florian/.dotfiles/.config/nvim/mason/packages/lua-language-server/libexec/meta/3rd/Cocos4.0/library/ccs/GUIReader.lua , size = 0.647 KB
[20:16:35.427][info] [#0:script/workspace/loading.lua:100]: Preload file at: file:///Users/florian/.dotfiles/.config/nvim/mason/packages/lua-language-server/libexec/meta/3rd/Cocos4.0/library/ccs/ArmatureData.lua , size = 0.478 KB
[20:16:35.427][info] [#0:script/workspace/loading.lua:100]: Preload file at: file:///Users/florian/.dotfiles/.config/nvim/mason/packages/lua-language-server/libexec/meta/3rd/Cocos4.0/library/ccs/SpriteDisplayData.lua , size = 0.371 KB
[20:16:35.427][info] [#0:script/workspace/loading.lua:100]: Preload file at: file:///Users/florian/.dotfiles/.config/nvim/mason/packages/lua-language-server/libexec/meta/3rd/Cocos4.0/library/ccs/SceneReader.lua , size = 0.712 KB
[20:16:35.428][info] [#0:script/workspace/loading.lua:100]: Preload file at: file:///Users/florian/.dotfiles/.config/nvim/mason/packages/lua-language-server/libexec/meta/3rd/Cocos4.0/library/ccs/ArmatureDataManager.lua , size = 3.567 KB
[20:16:35.428][info] [#0:script/workspace/loading.lua:100]: Preload file at: file:///Users/florian/.dotfiles/.config/nvim/mason/packages/lua-language-server/libexec/meta/3rd/Cocos4.0/library/ccs/VisibleFrame.lua , size = 0.428 KB
[20:16:35.429][info] [#0:script/workspace/loading.lua:100]: Preload file at: file:///Users/florian/.dotfiles/.config/nvim/mason/packages/lua-language-server/libexec/meta/3rd/Cocos4.0/library/ccs/ActionFadeFrame.lua , size = 0.736 KB
[20:16:35.429][info] [#0:script/workspace/loading.lua:100]: Preload file at: file:///Users/florian/.dotfiles/.config/nvim/mason/packages/lua-language-server/libexec/meta/3rd/Cocos4.0/library/ccs/Timeline.lua , size = 1.200 KB
[20:16:35.429][info] [#0:script/workspace/loading.lua:100]: Preload file at: file:///Users/florian/.dotfiles/.config/nvim/mason/packages/lua-language-server/libexec/meta/3rd/Cocos4.0/library/ccs/ActionTintFrame.lua , size = 0.741 KB
[20:16:35.430][info] [#0:script/workspace/loading.lua:100]: Preload file at: file:///Users/florian/.dotfiles/.config/nvim/mason/packages/lua-language-server/libexec/meta/3rd/Cocos4.0/library/ccs/PlayableFrame.lua , size = 0.444 KB
[20:16:35.430][info] [#0:script/workspace/loading.lua:100]: Preload file at: file:///Users/florian/.dotfiles/.config/nvim/mason/packages/lua-language-server/libexec/meta/3rd/Cocos4.0/library/ccs/Armature.lua , size = 3.898 KB
[20:16:35.431][info] [#0:script/workspace/loading.lua:100]: Preload file at: file:///Users/florian/.dotfiles/.config/nvim/mason/packages/lua-language-server/libexec/meta/3rd/Cocos4.0/library/ccs/ActionScaleFrame.lua , size = 1.040 KB
[20:16:35.432][info] [#0:script/workspace/loading.lua:100]: Preload file at: file:///Users/florian/.dotfiles/.config/nvim/mason/packages/lua-language-server/libexec/meta/3rd/Cocos4.0/library/ccs/Skin.lua , size = 1.188 KB
[20:16:35.432][info] [#0:script/workspace/loading.lua:100]: Preload file at: file:///Users/florian/.dotfiles/.config/nvim/mason/packages/lua-language-server/libexec/meta/3rd/Cocos4.0/library/ccs/ParticleDisplayData.lua , size = 0.279 KB
[20:16:35.432][info] [#0:script/workspace/loading.lua:100]: Preload file at: file:///Users/florian/.dotfiles/.config/nvim/mason/packages/lua-language-server/libexec/meta/3rd/Cocos4.0/library/ccs/ActionFrame.lua , size = 1.789 KB
[20:16:35.433][info] [#0:script/workspace/loading.lua:100]: Preload file at: file:///Users/florian/.dotfiles/.config/nvim/mason/packages/lua-language-server/libexec/meta/3rd/Cocos4.0/library/ccs/ComAttribute.lua , size = 1.303 KB
[20:16:35.433][info] [#0:script/workspace/loading.lua:100]: Preload file at: file:///Users/florian/.dotfiles/.config/nvim/mason/packages/lua-language-server/libexec/meta/3rd/Cocos4.0/library/ccs/Frame.lua , size = 1.132 KB
[20:16:35.434][info] [#0:script/workspace/loading.lua:100]: Preload file at: file:///Users/florian/.dotfiles/.config/nvim/mason/packages/lua-language-server/libexec/meta/3rd/Cocos4.0/library/ccs/ArmatureAnimation.lua , size = 3.269 KB
[20:16:35.435][info] [#0:script/workspace/loading.lua:100]: Preload file at: file:///Users/florian/.dotfiles/.config/nvim/mason/packages/lua-language-server/libexec/meta/3rd/Cocos4.0/library/ccs/Tween.lua , size = 1.704 KB
[20:16:35.435][info] [#0:script/workspace/loading.lua:100]: Preload file at: file:///Users/florian/.dotfiles/.config/nvim/mason/packages/lua-language-server/libexec/meta/3rd/Cocos4.0/library/ccs/ActionMoveFrame.lua , size = 0.741 KB
[20:16:35.435][info] [#0:script/workspace/loading.lua:100]: Preload file at: file:///Users/florian/.dotfiles/.config/nvim/mason/packages/lua-language-server/libexec/meta/3rd/Cocos4.0/library/ccs/ActionObject.lua , size = 2.502 KB
[20:16:35.436][info] [#0:script/workspace/loading.lua:100]: Preload file at: file:///Users/florian/.dotfiles/.config/nvim/mason/packages/lua-language-server/libexec/meta/3rd/Cocos4.0/library/ccs/SkeletonNode.lua , size = 1.130 KB
[20:16:35.436][info] [#0:script/workspace/loading.lua:100]: Preload file at: file:///Users/florian/.dotfiles/.config/nvim/mason/packages/lua-language-server/libexec/meta/3rd/Cocos4.0/library/ccs/BatchNode.lua , size = 0.724 KB
[20:16:35.437][info] [#0:script/workspace/loading.lua:100]: Preload file at: file:///Users/florian/.dotfiles/.config/nvim/mason/packages/lua-language-server/libexec/meta/3rd/Cocos4.0/library/ccs/Bone.lua , size = 4.267 KB
[20:16:35.438][info] [#0:script/workspace/loading.lua:100]: Preload file at: file:///Users/florian/.dotfiles/.config/nvim/mason/packages/lua-language-server/libexec/meta/3rd/Cocos4.0/library/ccs/ColorFrame.lua , size = 0.413 KB
[20:16:35.438][info] [#0:script/workspace/loading.lua:100]: Preload file at: file:///Users/florian/.dotfiles/.config/nvim/mason/packages/lua-language-server/libexec/meta/3rd/Cocos4.0/library/ccs/DisplayManager.lua , size = 2.839 KB
[20:16:35.439][info] [#0:script/workspace/loading.lua:100]: Preload file at: file:///Users/florian/.dotfiles/.config/nvim/mason/packages/lua-language-server/libexec/meta/3rd/Cocos4.0/library/ccs/ActionManagerEx.lua , size = 1.501 KB
[20:16:35.440][info] [#0:script/workspace/loading.lua:100]: Preload file at: file:///Users/florian/.dotfiles/.config/nvim/mason/packages/lua-language-server/libexec/meta/3rd/Cocos4.0/library/ccs/ArmatureDisplayData.lua , size = 0.279 KB
[20:16:35.440][info] [#0:script/workspace/loading.lua:100]: Preload file at: file:///Users/florian/.dotfiles/.config/nvim/mason/packages/lua-language-server/libexec/meta/3rd/Cocos4.0/library/ccs/DisplayData.lua , size = 0.426 KB
[20:16:35.440][info] [#0:script/workspace/loading.lua:100]: Preload file at: file:///Users/florian/.dotfiles/.config/nvim/mason/packages/lua-language-server/libexec/meta/3rd/Cocos4.0/library/ccs/ComExtensionData.lua , size = 0.883 KB
[20:16:35.440][info] [#0:script/workspace/loading.lua:100]: Preload file at: file:///Users/florian/.dotfiles/.config/nvim/mason/packages/lua-language-server/libexec/meta/3rd/Cocos4.0/library/ccs/ActionTimeline.lua , size = 5.021 KB
[20:16:35.442][info] [#0:script/workspace/loading.lua:100]: Preload file at: file:///Users/florian/.dotfiles/.config/nvim/mason/packages/lua-language-server/libexec/meta/3rd/lovr/library/lovr/event.lua , size = 5.917 KB
[20:16:35.443][info] [#0:script/workspace/loading.lua:100]: Preload file at: file:///Users/florian/.dotfiles/.config/nvim/mason/packages/lua-language-server/libexec/meta/3rd/lovr/library/lovr/filesystem.lua , size = 10.365 KB
[20:16:35.445][info] [#0:script/workspace/loading.lua:100]: Preload file at: file:///Users/florian/.dotfiles/.config/nvim/mason/packages/lua-language-server/libexec/meta/3rd/lovr/library/lovr/headset.lua , size = 23.334 KB
[20:16:35.449][info] [#0:script/workspace/loading.lua:100]: Preload file at: file:///Users/florian/.dotfiles/.config/nvim/mason/packages/lua-language-server/libexec/meta/3rd/lovr/library/lovr/physics.lua , size = 61.004 KB
[20:16:35.460][info] [#0:script/workspace/loading.lua:100]: Preload file at: file:///Users/florian/.dotfiles/.config/nvim/mason/packages/lua-language-server/libexec/meta/3rd/lovr/library/lovr/graphics.lua , size = 129.702 KB
[20:16:35.480][info] [#0:script/workspace/loading.lua:100]: Preload file at: file:///Users/florian/.dotfiles/.config/nvim/mason/packages/lua-language-server/libexec/meta/3rd/lovr/library/lovr/system.lua , size = 3.189 KB
[20:16:35.480][info] [#0:script/workspace/loading.lua:100]: Preload file at: file:///Users/florian/.dotfiles/.config/nvim/mason/packages/lua-language-server/libexec/meta/3rd/lovr/library/lovr/timer.lua , size = 1.728 KB
[20:16:35.481][info] [#0:script/workspace/loading.lua:100]: Preload file at: file:///Users/florian/.dotfiles/.config/nvim/mason/packages/lua-language-server/libexec/meta/3rd/lovr/library/lovr/math.lua , size = 44.854 KB
[20:16:35.489][info] [#0:script/workspace/loading.lua:100]: Preload file at: file:///Users/florian/.dotfiles/.config/nvim/mason/packages/lua-language-server/libexec/meta/3rd/lovr/library/lovr/data.lua , size = 50.661 KB
[20:16:35.498][info] [#0:script/workspace/loading.lua:100]: Preload file at: file:///Users/florian/.dotfiles/.config/nvim/mason/packages/lua-language-server/libexec/meta/3rd/lovr/library/lovr/audio.lua , size = 27.805 KB
[20:16:35.502][info] [#0:script/workspace/loading.lua:100]: Preload file at: file:///Users/florian/.dotfiles/.config/nvim/mason/packages/lua-language-server/libexec/meta/3rd/lovr/library/lovr.lua , size = 1.424 KB
[20:16:35.502][info] [#0:script/workspace/loading.lua:100]: Preload file at: file:///Users/florian/.dotfiles/.config/nvim/mason/packages/lua-language-server/libexec/meta/3rd/lovr/library/lovr/thread.lua , size = 6.063 KB
[20:16:35.503][info] [#0:script/workspace/loading.lua:100]: Preload file at: file:///Users/florian/.dotfiles/.config/nvim/mason/packages/lua-language-server/libexec/meta/3rd/lovr/library/callback.lua , size = 8.835 KB
[20:16:35.504][info] [#0:script/workspace/loading.lua:100]: Preload file at: file:///Users/florian/.dotfiles/.config/nvim/mason/packages/lua-language-server/libexec/meta/3rd/skynet/library/skynet.lua , size = 20.195 KB
[20:16:35.507][info] [#0:script/workspace/loading.lua:100]: Preload file at: file:///Users/florian/.dotfiles/.config/nvim/mason/packages/lua-language-server/libexec/meta/3rd/lfs/library/lfs.lua , size = 7.396 KB
[20:16:35.508][info] [#0:script/workspace/loading.lua:100]: Preload file at: file:///Users/florian/.dotfiles/.config/nvim/mason/packages/lua-language-server/libexec/meta/3rd/skynet/library/skynet/habor.lua , size = 1.133 KB
[20:16:35.508][info] [#0:script/workspace/loading.lua:100]: Preload file at: file:///Users/florian/.dotfiles/.config/nvim/mason/packages/lua-language-server/libexec/meta/3rd/skynet/library/skynet/cluster.lua , size = 2.379 KB
[20:16:35.508][info] [#0:script/workspace/loading.lua:100]: Preload file at: file:///Users/florian/.dotfiles/.config/nvim/mason/packages/lua-language-server/libexec/meta/3rd/skynet/library/skynet/netpack.lua , size = 2.357 KB
[20:16:35.509][info] [#0:script/workspace/loading.lua:100]: Preload file at: file:///Users/florian/.dotfiles/.config/nvim/mason/packages/lua-language-server/libexec/meta/3rd/skynet/library/skynet/muliticast.lua , size = 0.699 KB
[20:16:35.509][info] [#0:script/workspace/loading.lua:100]: Preload file at: file:///Users/florian/.dotfiles/.config/nvim/mason/packages/lua-language-server/libexec/meta/3rd/skynet/library/skynet/debug.lua , size = 0.272 KB
[20:16:35.509][info] [#0:script/workspace/loading.lua:100]: Preload file at: file:///Users/florian/.dotfiles/.config/nvim/mason/packages/lua-language-server/libexec/meta/3rd/skynet/library/skynet/sharedata.lua , size = 1.942 KB
[20:16:35.510][info] [#0:script/workspace/loading.lua:100]: Preload file at: file:///Users/florian/.dotfiles/.config/nvim/mason/packages/lua-language-server/libexec/meta/3rd/skynet/library/skynet/sharemap.lua , size = 1.562 KB
[20:16:35.510][info] [#0:script/workspace/loading.lua:100]: Preload file at: file:///Users/florian/.dotfiles/.config/nvim/mason/packages/lua-language-server/libexec/meta/3rd/skynet/library/skynet/profile.lua , size = 1.128 KB
[20:16:35.510][info] [#0:script/workspace/loading.lua:100]: Preload file at: file:///Users/florian/.dotfiles/.config/nvim/mason/packages/lua-language-server/libexec/meta/3rd/skynet/library/skynet/socketchannel.lua , size = 2.614 KB
[20:16:35.511][info] [#0:script/workspace/loading.lua:100]: Preload file at: file:///Users/florian/.dotfiles/.config/nvim/mason/packages/lua-language-server/libexec/meta/3rd/skynet/library/skynet/socket.lua , size = 5.656 KB
[20:16:35.511][info] [#0:script/workspace/loading.lua:100]: Preload file at: file:///Users/florian/.dotfiles/.config/nvim/mason/packages/lua-language-server/libexec/meta/3rd/skynet/library/skynet/db/mysql.lua , size = 1.143 KB
[20:16:35.512][info] [#0:script/workspace/loading.lua:100]: Preload file at: file:///Users/florian/.dotfiles/.config/nvim/mason/packages/lua-language-server/libexec/meta/3rd/skynet/library/skynet/db/redis.lua , size = 1.868 KB
[20:16:35.512][info] [#0:script/workspace/loading.lua:100]: Preload file at: file:///Users/florian/.dotfiles/.config/nvim/mason/packages/lua-language-server/libexec/meta/3rd/skynet/library/skynet/db/mongo.lua , size = 5.348 KB
[20:16:35.514][info] [#0:script/workspace/loading.lua:100]: Preload file at: file:///Users/florian/.dotfiles/.config/nvim/mason/packages/lua-language-server/libexec/meta/3rd/skynet/library/skynet/sharetable.lua , size = 1.434 KB
[20:16:35.514][info] [#0:script/workspace/loading.lua:100]: Preload file at: file:///Users/florian/.dotfiles/.config/nvim/mason/packages/lua-language-server/libexec/meta/3rd/skynet/library/skynet/crypt.lua , size = 1.754 KB
[20:16:35.515][info] [#0:script/workspace/loading.lua:100]: Preload file at: file:///Users/florian/.dotfiles/.config/nvim/mason/packages/lua-language-server/libexec/meta/3rd/skynet/library/skynet/stm.lua , size = 1.518 KB
[20:16:35.515][info] [#0:script/workspace/loading.lua:100]: Preload file at: file:///Users/florian/.dotfiles/.config/nvim/mason/packages/lua-language-server/libexec/meta/3rd/skynet/library/skynet/socketdriver.lua , size = 6.013 KB
[20:16:35.516][info] [#0:script/workspace/loading.lua:100]: Preload file at: file:///Users/florian/.dotfiles/.config/nvim/mason/packages/lua-language-server/libexec/meta/3rd/busted/library/busted.lua , size = 6.517 KB
[20:16:35.517][info] [#0:script/workspace/loading.lua:100]: Preload file at: file:///Users/florian/.dotfiles/.config/nvim/mason/packages/lua-language-server/libexec/meta/3rd/luv/library/luv_thread_t.lua , size = 0.500 KB
[20:16:35.517][info] [#0:script/workspace/loading.lua:100]: Preload file at: file:///Users/florian/.dotfiles/.config/nvim/mason/packages/lua-language-server/libexec/meta/3rd/luv/library/uv_async_t.lua , size = 1.058 KB
[20:16:35.518][info] [#0:script/workspace/loading.lua:100]: Preload file at: file:///Users/florian/.dotfiles/.config/nvim/mason/packages/lua-language-server/libexec/meta/3rd/luv/library/errors.lua , size = 15.165 KB
[20:16:35.520][info] [#0:script/workspace/loading.lua:100]: Preload file at: file:///Users/florian/.dotfiles/.config/nvim/mason/packages/lua-language-server/libexec/meta/3rd/Jass/library/jass/common.lua , size = 438.289 KB
[20:16:35.634][info] [#0:script/workspace/loading.lua:100]: Preload file at: file:///Users/florian/.dotfiles/.config/nvim/mason/packages/lua-language-server/libexec/meta/3rd/luv/library/uv_check_t.lua , size = 0.694 KB
[20:16:35.634][info] [#0:script/workspace/loading.lua:100]: Preload file at: file:///Users/florian/.dotfiles/.config/nvim/mason/packages/lua-language-server/libexec/meta/3rd/luv/library/uv.lua , size = 98.128 KB
[20:16:35.651][info] [#0:script/workspace/loading.lua:100]: Preload file at: file:///Users/florian/.dotfiles/.config/nvim/mason/packages/lua-language-server/libexec/meta/3rd/luv/library/luv_dir_t.lua , size = 1.056 KB
[20:16:35.652][info] [#0:script/workspace/loading.lua:100]: Preload file at: file:///Users/florian/.dotfiles/.config/nvim/mason/packages/lua-language-server/libexec/meta/3rd/luv/library/uv_fs_event_t.lua , size = 1.033 KB
[20:16:35.652][info] [#0:script/workspace/loading.lua:100]: Preload file at: file:///Users/florian/.dotfiles/.config/nvim/mason/packages/lua-language-server/libexec/meta/3rd/luv/library/uv_idle_t.lua , size = 1.074 KB
[20:16:35.652][info] [#0:script/workspace/loading.lua:100]: Preload file at: file:///Users/florian/.dotfiles/.config/nvim/mason/packages/lua-language-server/libexec/meta/3rd/luv/library/uv_tcp_t.lua , size = 3.923 KB
[20:16:35.653][info] [#0:script/workspace/loading.lua:100]: Preload file at: file:///Users/florian/.dotfiles/.config/nvim/mason/packages/lua-language-server/libexec/meta/3rd/luv/library/uv_tty_t.lua , size = 1.135 KB
[20:16:35.654][info] [#0:script/workspace/loading.lua:100]: Preload file at: file:///Users/florian/.dotfiles/.config/nvim/mason/packages/lua-language-server/libexec/meta/3rd/luv/library/uv_stream_t.lua , size = 5.906 KB
[20:16:35.655][info] [#0:script/workspace/loading.lua:100]: Preload file at: file:///Users/florian/.dotfiles/.config/nvim/mason/packages/lua-language-server/libexec/meta/3rd/luv/library/uv_prepare_t.lua , size = 0.716 KB
[20:16:35.655][info] [#0:script/workspace/loading.lua:100]: Preload file at: file:///Users/florian/.dotfiles/.config/nvim/mason/packages/lua-language-server/libexec/meta/3rd/luv/library/luv_work_ctx_t.lua , size = 0.530 KB
[20:16:35.655][info] [#0:script/workspace/loading.lua:100]: Preload file at: file:///Users/florian/.dotfiles/.config/nvim/mason/packages/lua-language-server/libexec/meta/3rd/luv/library/uv_poll_t.lua , size = 2.646 KB
[20:16:35.655][info] [#0:script/workspace/loading.lua:100]: Preload file at: file:///Users/florian/.dotfiles/.config/nvim/mason/packages/lua-language-server/libexec/meta/3rd/luv/library/uv_handle_t.lua , size = 5.129 KB
[20:16:35.656][info] [#0:script/workspace/loading.lua:100]: Preload file at: file:///Users/florian/.dotfiles/.config/nvim/mason/packages/lua-language-server/libexec/meta/3rd/luv/library/uv_process_t.lua , size = 0.617 KB
[20:16:35.657][info] [#0:script/workspace/loading.lua:100]: Preload file at: file:///Users/florian/.dotfiles/.config/nvim/mason/packages/lua-language-server/libexec/meta/3rd/luv/library/uv_udp_t.lua , size = 5.970 KB
[20:16:35.658][info] [#0:script/workspace/loading.lua:100]: Preload file at: file:///Users/florian/.dotfiles/.config/nvim/mason/packages/lua-language-server/libexec/meta/3rd/luv/library/uv_signal_t.lua , size = 2.997 KB
[20:16:35.658][info] [#0:script/workspace/loading.lua:100]: Preload file at: file:///Users/florian/.dotfiles/.config/nvim/mason/packages/lua-language-server/libexec/meta/3rd/luv/library/uv_pipe_t.lua , size = 2.988 KB
[20:16:35.659][info] [#0:script/workspace/loading.lua:100]: Preload file at: file:///Users/florian/.dotfiles/.config/nvim/mason/packages/lua-language-server/libexec/meta/3rd/luv/library/uv_timer_t.lua , size = 1.999 KB
[20:16:35.660][info] [#0:script/workspace/loading.lua:100]: Preload file at: file:///Users/florian/.dotfiles/.config/nvim/mason/packages/lua-language-server/libexec/meta/3rd/luv/library/uv_fs_poll_t.lua , size = 1.140 KB
[20:16:35.660][info] [#0:script/workspace/loading.lua:100]: Preload file at: file:///Users/florian/.dotfiles/.config/nvim/mason/packages/lua-language-server/libexec/meta/3rd/luv/library/uv_req_t.lua , size = 0.705 KB
[20:16:35.660][info] [#0:script/workspace/loading.lua:100]: Preload file at: file:///Users/florian/.dotfiles/.config/nvim/mason/packages/lua-language-server/libexec/meta/Lua%205.4%20en-us%20utf8/builtin.lua , size = 0.302 KB
[20:16:35.660][info] [#0:script/workspace/loading.lua:100]: Preload file at: file:///Users/florian/.dotfiles/.config/nvim/mason/packages/lua-language-server/libexec/meta/Lua%205.4%20en-us%20utf8/package.lua , size = 2.944 KB
[20:16:35.661][info] [#0:script/workspace/loading.lua:100]: Preload file at: file:///Users/florian/.dotfiles/.config/nvim/mason/packages/lua-language-server/libexec/meta/Lua%205.4%20en-us%20utf8/utf8.lua , size = 2.386 KB
[20:16:35.662][info] [#0:script/workspace/loading.lua:100]: Preload file at: file:///Users/florian/.dotfiles/.config/nvim/mason/packages/lua-language-server/libexec/meta/Lua%205.4%20en-us%20utf8/ffi.lua , size = 2.529 KB
[20:16:35.663][info] [#0:script/workspace/loading.lua:100]: Preload file at: file:///Users/florian/.dotfiles/.config/nvim/mason/packages/lua-language-server/libexec/meta/Lua%205.4%20en-us%20utf8/bit.lua , size = 1.243 KB
[20:16:35.663][info] [#0:script/workspace/loading.lua:100]: Preload file at: file:///Users/florian/.dotfiles/.config/nvim/mason/packages/lua-language-server/libexec/meta/Lua%205.4%20en-us%20utf8/io.lua , size = 6.364 KB
[20:16:35.665][info] [#0:script/workspace/loading.lua:100]: Preload file at: file:///Users/florian/.dotfiles/.config/nvim/mason/packages/lua-language-server/libexec/meta/Lua%205.4%20en-us%20utf8/debug.lua , size = 7.637 KB
[20:16:35.667][info] [#0:script/workspace/loading.lua:100]: Preload file at: file:///Users/florian/.dotfiles/.config/nvim/mason/packages/lua-language-server/libexec/meta/Lua%205.4%20en-us%20utf8/coroutine.lua , size = 2.590 KB
[20:16:35.667][info] [#0:script/workspace/loading.lua:100]: Preload file at: file:///Users/florian/.dotfiles/.config/nvim/mason/packages/lua-language-server/libexec/meta/3rd/luv/library/types.lua , size = 17.131 KB
[20:16:35.671][info] [#0:script/workspace/loading.lua:100]: Preload file at: file:///Users/florian/.dotfiles/.config/nvim/mason/packages/lua-language-server/libexec/meta/Lua%205.4%20en-us%20utf8/jit.lua , size = 0.884 KB
[20:16:35.671][info] [#0:script/workspace/loading.lua:100]: Preload file at: file:///Users/florian/.dotfiles/.config/nvim/mason/packages/lua-language-server/libexec/meta/Lua%205.4%20en-us%20utf8/math.lua , size = 8.542 KB
[20:16:35.673][info] [#0:script/workspace/loading.lua:100]: Preload file at: file:///Users/florian/.dotfiles/.config/nvim/mason/packages/lua-language-server/libexec/meta/Lua%205.4%20en-us%20utf8/table/clear.lua , size = 0.797 KB
[20:16:35.673][info] [#0:script/workspace/loading.lua:100]: Preload file at: file:///Users/florian/.dotfiles/.config/nvim/mason/packages/lua-language-server/libexec/meta/Lua%205.4%20en-us%20utf8/table/new.lua , size = 0.642 KB
[20:16:35.673][info] [#0:script/workspace/loading.lua:100]: Preload file at: file:///Users/florian/.dotfiles/.config/nvim/mason/packages/lua-language-server/libexec/meta/Lua%205.4%20en-us%20utf8/jit/profile.lua , size = 0.348 KB
[20:16:35.673][info] [#0:script/workspace/loading.lua:100]: Preload file at: file:///Users/florian/.dotfiles/.config/nvim/mason/packages/lua-language-server/libexec/meta/Lua%205.4%20en-us%20utf8/jit/util.lua , size = 1.984 KB
[20:16:35.674][info] [#0:script/workspace/loading.lua:100]: Preload file at: file:///Users/florian/.dotfiles/.config/nvim/mason/packages/lua-language-server/libexec/meta/Lua%205.4%20en-us%20utf8/string.lua , size = 5.234 KB
[20:16:35.676][info] [#0:script/workspace/loading.lua:100]: Preload file at: file:///Users/florian/.dotfiles/.config/nvim/mason/packages/lua-language-server/libexec/meta/Lua%205.4%20en-us%20utf8/os.lua , size = 5.611 KB
[20:16:35.677][info] [#0:script/workspace/loading.lua:100]: Preload file at: file:///Users/florian/.dotfiles/.config/nvim/mason/packages/lua-language-server/libexec/meta/Lua%205.4%20en-us%20utf8/table.lua , size = 4.445 KB
[20:16:35.678][info] [#0:script/workspace/loading.lua:100]: Preload file at: file:///Users/florian/.dotfiles/.config/nvim/mason/packages/lua-language-server/libexec/meta/Lua%205.4%20en-us%20utf8/string/buffer.lua , size = 18.123 KB
[20:16:35.680][info] [#0:script/workspace/loading.lua:100]: Preload file at: file:///Users/florian/.dotfiles/.config/nvim/mason/packages/lua-language-server/libexec/meta/Lua%205.4%20en-us%20utf8/bit32.lua , size = 3.927 KB
[20:16:35.680][info] [#0:script/workspace/loading.lua:100]: Preload file at: file:///Users/florian/.dotfiles/.config/nvim/mason/packages/lua-language-server/libexec/meta/Lua%205.4%20en-us%20utf8/basic.lua , size = 15.841 KB
[20:16:35.684][info] [#0:script/workspace/loading.lua:100]: Preload file at: file:///Users/florian/.dotfiles/.config/nvim/mason/packages/lua-language-server/libexec/meta/whimsical/rule.lua , size = 3.101 KB
[20:16:35.684][info] [#0:script/workspace/loading.lua:100]: Preload file at: file:///Users/florian/.dotfiles/.config/nvim/mason/packages/lua-language-server/libexec/meta/whimsical/basic.lua , size = 1.511 KB
[20:16:35.685][info] [#0:script/workspace/loading.lua:100]: Preload file at: file:///Users/florian/.dotfiles/.config/nvim/mason/packages/lua-language-server/libexec/meta/whimsical/builtin.lua , size = 0.413 KB
[20:16:35.685][info] [#0:script/workspace/loading.lua:100]: Preload file at: file:///Users/florian/.dotfiles/.config/nvim/mason/packages/lua-language-server/libexec/meta/default%20utf8/System.Runtime.Remoting.Contexts.lua , size = 11.392 KB
[20:16:35.688][info] [#0:script/workspace/loading.lua:100]: Preload file at: file:///Users/florian/.dotfiles/.config/nvim/mason/packages/lua-language-server/libexec/meta/default%20utf8/UnityEngine.Apple.ReplayKit.lua , size = 7.503 KB
[20:16:35.689][info] [#0:script/workspace/loading.lua:100]: Preload file at: file:///Users/florian/.dotfiles/.config/nvim/mason/packages/lua-language-server/libexec/meta/default%20utf8/UnityEngine.Apple.TV.lua , size = 0.445 KB
[20:16:35.689][info] [#0:script/workspace/loading.lua:100]: Preload file at: file:///Users/florian/.dotfiles/.config/nvim/mason/packages/lua-language-server/libexec/meta/default%20utf8/System.Security.AccessControl.lua , size = 85.320 KB
[20:16:35.705][info] [#0:script/workspace/loading.lua:100]: Preload file at: file:///Users/florian/.dotfiles/.config/nvim/mason/packages/lua-language-server/libexec/meta/default%20utf8/System.Net.WebSockets.lua , size = 12.914 KB
[20:16:35.708][info] [#0:script/workspace/loading.lua:100]: Preload file at: file:///Users/florian/.dotfiles/.config/nvim/mason/packages/lua-language-server/libexec/meta/default%20utf8/System.Runtime.Serialization.Json.lua , size = 10.233 KB
[20:16:35.710][info] [#0:script/workspace/loading.lua:100]: Preload file at: file:///Users/florian/.dotfiles/.config/nvim/mason/packages/lua-language-server/libexec/meta/default%20utf8/UnityEngine.U2D.lua , size = 19.168 KB
[20:16:35.713][info] [#0:script/workspace/loading.lua:100]: Preload file at: file:///Users/florian/.dotfiles/.config/nvim/mason/packages/lua-language-server/libexec/meta/default%20utf8/UnityEngine.Experimental.AI.lua , size = 15.264 KB
[20:16:35.716][info] [#0:script/workspace/loading.lua:100]: Preload file at: file:///Users/florian/.dotfiles/.config/nvim/mason/packages/lua-language-server/libexec/meta/default%20utf8/System.Diagnostics.Contracts.Internal.lua , size = 0.908 KB
[20:16:35.716][info] [#0:script/workspace/loading.lua:100]: Preload file at: file:///Users/florian/.dotfiles/.config/nvim/mason/packages/lua-language-server/libexec/meta/default%20utf8/System.Reflection.Emit.lua , size = 132.136 KB
[20:16:35.745][info] [#0:script/workspace/loading.lua:100]: Preload file at: file:///Users/florian/.dotfiles/.config/nvim/mason/packages/lua-language-server/libexec/meta/default%20utf8/UnityEngine.LowLevel.lua , size = 2.970 KB
[20:16:35.746][info] [#0:script/workspace/loading.lua:100]: Preload file at: file:///Users/florian/.dotfiles/.config/nvim/mason/packages/lua-language-server/libexec/meta/default%20utf8/System.Deployment.Internal.lua , size = 1.848 KB
[20:16:35.747][info] [#0:script/workspace/loading.lua:100]: Preload file at: file:///Users/florian/.dotfiles/.config/nvim/mason/packages/lua-language-server/libexec/meta/default%20utf8/System.Linq.lua , size = 90.836 KB
[20:16:35.771][info] [#0:script/workspace/loading.lua:100]: Preload file at: file:///Users/florian/.dotfiles/.config/nvim/mason/packages/lua-language-server/libexec/meta/default%20utf8/System.Xml.lua , size = 173.105 KB
[20:16:35.816][info] [#0:script/workspace/loading.lua:100]: Preload file at: file:///Users/florian/.dotfiles/.config/nvim/mason/packages/lua-language-server/libexec/meta/default%20utf8/UnityEngine.Apple.lua , size = 2.058 KB
[20:16:35.816][info] [#0:script/workspace/loading.lua:100]: Preload file at: file:///Users/florian/.dotfiles/.config/nvim/mason/packages/lua-language-server/libexec/meta/default%20utf8/UnityEngineInternal.XR.WSA.lua , size = 0.493 KB
[20:16:35.816][info] [#0:script/workspace/loading.lua:100]: Preload file at: file:///Users/florian/.dotfiles/.config/nvim/mason/packages/lua-language-server/libexec/meta/default%20utf8/System.Numerics.lua , size = 76.475 KB
[20:16:35.841][info] [#0:script/workspace/loading.lua:100]: Preload file at: file:///Users/florian/.dotfiles/.config/nvim/mason/packages/lua-language-server/libexec/meta/default%20utf8/UnityEngine.Rendering.VirtualTexturing.lua , size = 24.665 KB
[20:16:35.845][info] [#0:script/workspace/loading.lua:100]: Preload file at: file:///Users/florian/.dotfiles/.config/nvim/mason/packages/lua-language-server/libexec/meta/default%20utf8/System.CodeDom.lua , size = 46.845 KB
[20:16:35.854][info] [#0:script/workspace/loading.lua:100]: Preload file at: file:///Users/florian/.dotfiles/.config/nvim/mason/packages/lua-language-server/libexec/meta/default%20utf8/System.Runtime.Hosting.lua , size = 1.122 KB
[20:16:35.855][info] [#0:script/workspace/loading.lua:100]: Preload file at: file:///Users/florian/.dotfiles/.config/nvim/mason/packages/lua-language-server/libexec/meta/default%20utf8/UnityEngine.SocialPlatforms.GameCenter.lua , size = 3.634 KB
[20:16:35.856][info] [#0:script/workspace/loading.lua:100]: Preload file at: file:///Users/florian/.dotfiles/.config/nvim/mason/packages/lua-language-server/libexec/meta/default%20utf8/UnityEngine.ParticleSystemJobs.lua , size = 7.643 KB
[20:16:35.857][info] [#0:script/workspace/loading.lua:100]: Preload file at: file:///Users/florian/.dotfiles/.config/nvim/mason/packages/lua-language-server/libexec/meta/default%20utf8/UnityEngine.Networking.lua , size = 104.473 KB
[20:16:35.873][info] [#0:script/workspace/loading.lua:100]: Preload file at: file:///Users/florian/.dotfiles/.config/nvim/mason/packages/lua-language-server/libexec/meta/default%20utf8/System.Runtime.Serialization.Formatters.lua , size = 5.704 KB
[20:16:35.874][info] [#0:script/workspace/loading.lua:100]: Preload file at: file:///Users/florian/.dotfiles/.config/nvim/mason/packages/lua-language-server/libexec/meta/default%20utf8/System.Text.lua , size = 45.507 KB
[20:16:35.949][info] [#0:script/workspace/loading.lua:100]: Preload file at: file:///Users/florian/.dotfiles/.config/nvim/mason/packages/lua-language-server/libexec/meta/default%20utf8/System.Xml.Xsl.lua , size = 18.479 KB
[20:16:35.954][info] [#0:script/workspace/loading.lua:100]: Preload file at: file:///Users/florian/.dotfiles/.config/nvim/mason/packages/lua-language-server/libexec/meta/default%20utf8/System.Runtime.Remoting.Lifetime.lua , size = 3.589 KB
[20:16:35.955][info] [#0:script/workspace/loading.lua:100]: Preload file at: file:///Users/florian/.dotfiles/.config/nvim/mason/packages/lua-language-server/libexec/meta/default%20utf8/UnityEngine.Audio.lua , size = 11.520 KB
[20:16:35.957][info] [#0:script/workspace/loading.lua:100]: Preload file at: file:///Users/florian/.dotfiles/.config/nvim/mason/packages/lua-language-server/libexec/meta/default%20utf8/System.Runtime.Serialization.Configuration.lua , size = 8.192 KB
[20:16:35.959][info] [#0:script/workspace/loading.lua:100]: Preload file at: file:///Users/florian/.dotfiles/.config/nvim/mason/packages/lua-language-server/libexec/meta/default%20utf8/UnityEngine.iOS.lua , size = 38.598 KB
[20:16:35.965][info] [#0:script/workspace/loading.lua:100]: Preload file at: file:///Users/florian/.dotfiles/.config/nvim/mason/packages/lua-language-server/libexec/meta/default%20utf8/System.Security.lua , size = 28.059 KB
[20:16:35.971][info] [#0:script/workspace/loading.lua:100]: Preload file at: file:///Users/florian/.dotfiles/.config/nvim/mason/packages/lua-language-server/libexec/meta/default%20utf8/UnityEngine.Experimental.Playables.lua , size = 7.727 KB
[20:16:35.973][info] [#0:script/workspace/loading.lua:100]: Preload file at: file:///Users/florian/.dotfiles/.config/nvim/mason/packages/lua-language-server/libexec/meta/default%20utf8/System.Security.Authentication.lua , size = 3.254 KB
[20:16:35.974][info] [#0:script/workspace/loading.lua:100]: Preload file at: file:///Users/florian/.dotfiles/.config/nvim/mason/packages/lua-language-server/libexec/meta/default%20utf8/UnityEngine.Assertions.Comparers.lua , size = 1.718 KB
[20:16:35.974][info] [#0:script/workspace/loading.lua:100]: Preload file at: file:///Users/florian/.dotfiles/.config/nvim/mason/packages/lua-language-server/libexec/meta/default%20utf8/System.Runtime.InteropServices.Expando.lua , size = 0.789 KB
[20:16:35.975][info] [#0:script/workspace/loading.lua:100]: Preload file at: file:///Users/florian/.dotfiles/.config/nvim/mason/packages/lua-language-server/libexec/meta/default%20utf8/UnityEngine.Profiling.Experimental.lua , size = 0.731 KB
[20:16:35.975][info] [#0:script/workspace/loading.lua:100]: Preload file at: file:///Users/florian/.dotfiles/.config/nvim/mason/packages/lua-language-server/libexec/meta/default%20utf8/System.Net.Mime.lua , size = 3.519 KB
[20:16:35.976][info] [#0:script/workspace/loading.lua:100]: Preload file at: file:///Users/florian/.dotfiles/.config/nvim/mason/packages/lua-language-server/libexec/meta/default%20utf8/UnityEngine.Accessibility.lua , size = 1.033 KB
[20:16:35.976][info] [#0:script/workspace/loading.lua:100]: Preload file at: file:///Users/florian/.dotfiles/.config/nvim/mason/packages/lua-language-server/libexec/meta/default%20utf8/UnityEngine.UIElements.Experimental.lua , size = 19.990 KB
[20:16:35.980][info] [#0:script/workspace/loading.lua:100]: Preload file at: file:///Users/florian/.dotfiles/.config/nvim/mason/packages/lua-language-server/libexec/meta/default%20utf8/UnityEngine.Video.lua , size = 28.498 KB
[20:16:35.985][info] [#0:script/workspace/loading.lua:100]: Preload file at: file:///Users/florian/.dotfiles/.config/nvim/mason/packages/lua-language-server/libexec/meta/default%20utf8/UnityEngine.SearchService.lua , size = 1.175 KB
[20:16:35.985][info] [#0:script/workspace/loading.lua:100]: Preload file at: file:///Users/florian/.dotfiles/.config/nvim/mason/packages/lua-language-server/libexec/meta/default%20utf8/System.Data.Common.lua , size = 56.171 KB
[20:16:35.998][info] [#0:script/workspace/loading.lua:100]: Preload file at: file:///Users/florian/.dotfiles/.config/nvim/mason/packages/lua-language-server/libexec/meta/default%20utf8/System.Diagnostics.Eventing.lua , size = 6.302 KB
[20:16:36.000][info] [#0:script/workspace/loading.lua:100]: Preload file at: file:///Users/florian/.dotfiles/.config/nvim/mason/packages/lua-language-server/libexec/meta/default%20utf8/System.ComponentModel.lua , size = 161.355 KB
[20:16:36.036][info] [#0:script/workspace/loading.lua:100]: Preload file at: file:///Users/florian/.dotfiles/.config/nvim/mason/packages/lua-language-server/libexec/meta/default%20utf8/UnityEngine.Experimental.Video.lua , size = 3.693 KB
[20:16:36.037][info] [#0:script/workspace/loading.lua:100]: Preload file at: file:///Users/florian/.dotfiles/.config/nvim/mason/packages/lua-language-server/libexec/meta/default%20utf8/System.Runtime.Remoting.Proxies.lua , size = 3.094 KB
[20:16:36.038][info] [#0:script/workspace/loading.lua:100]: Preload file at: file:///Users/florian/.dotfiles/.config/nvim/mason/packages/lua-language-server/libexec/meta/default%20utf8/System.Management.Instrumentation.lua , size = 6.796 KB
[20:16:36.039][info] [#0:script/workspace/loading.lua:100]: Preload file at: file:///Users/florian/.dotfiles/.config/nvim/mason/packages/lua-language-server/libexec/meta/default%20utf8/UnityEngine.Tilemaps.lua , size = 36.893 KB
[20:16:36.045][info] [#0:script/workspace/loading.lua:100]: Preload file at: file:///Users/florian/.dotfiles/.config/nvim/mason/packages/lua-language-server/libexec/meta/default%20utf8/UnityEngine.XR.WSA.lua , size = 0.511 KB
[20:16:36.045][info] [#0:script/workspace/loading.lua:100]: Preload file at: file:///Users/florian/.dotfiles/.config/nvim/mason/packages/lua-language-server/libexec/meta/default%20utf8/System.Collections.ObjectModel.lua , size = 5.798 KB
[20:16:36.046][info] [#0:script/workspace/loading.lua:100]: Preload file at: file:///Users/florian/.dotfiles/.config/nvim/mason/packages/lua-language-server/libexec/meta/default%20utf8/System.CodeDom.Compiler.lua , size = 26.997 KB
[20:16:36.053][info] [#0:script/workspace/loading.lua:100]: Preload file at: file:///Users/florian/.dotfiles/.config/nvim/mason/packages/lua-language-server/libexec/meta/default%20utf8/UnityEngine.Build.Pipeline.lua , size = 3.447 KB
[20:16:36.053][info] [#0:script/workspace/loading.lua:100]: Preload file at: file:///Users/florian/.dotfiles/.config/nvim/mason/packages/lua-language-server/libexec/meta/default%20utf8/System.Threading.Tasks.lua , size = 79.859 KB
[20:16:36.071][info] [#0:script/workspace/loading.lua:100]: Preload file at: file:///Users/florian/.dotfiles/.config/nvim/mason/packages/lua-language-server/libexec/meta/default%20utf8/System.IO.Ports.lua , size = 10.580 KB
[20:16:36.074][info] [#0:script/workspace/loading.lua:100]: Preload file at: file:///Users/florian/.dotfiles/.config/nvim/mason/packages/lua-language-server/libexec/meta/default%20utf8/System.Diagnostics.Tracing.lua , size = 21.189 KB
[20:16:36.078][info] [#0:script/workspace/loading.lua:100]: Preload file at: file:///Users/florian/.dotfiles/.config/nvim/mason/packages/lua-language-server/libexec/meta/default%20utf8/UnityEngine.SceneManagement.lua , size = 23.765 KB
[20:16:36.082][info] [#0:script/workspace/loading.lua:100]: Preload file at: file:///Users/florian/.dotfiles/.config/nvim/mason/packages/lua-language-server/libexec/meta/default%20utf8/UnityEngine.Android.lua , size = 22.264 KB
[20:16:36.085][info] [#0:script/workspace/loading.lua:100]: Preload file at: file:///Users/florian/.dotfiles/.config/nvim/mason/packages/lua-language-server/libexec/meta/default%20utf8/System.Collections.Generic.lua , size = 39.646 KB
[20:16:36.096][info] [#0:script/workspace/loading.lua:100]: Preload file at: file:///Users/florian/.dotfiles/.config/nvim/mason/packages/lua-language-server/libexec/meta/default%20utf8/UnityEngine.Experimental.Audio.lua , size = 9.348 KB
[20:16:36.097][info] [#0:script/workspace/loading.lua:100]: Preload file at: file:///Users/florian/.dotfiles/.config/nvim/mason/packages/lua-language-server/libexec/meta/default%20utf8/UnityEngine.UI.lua , size = 90.659 KB
[20:16:36.117][info] [#0:script/workspace/loading.lua:100]: Preload file at: file:///Users/florian/.dotfiles/.config/nvim/mason/packages/lua-language-server/libexec/meta/default%20utf8/UnityEngine.Windows.Speech.lua , size = 24.016 KB
[20:16:36.120][info] [#0:script/workspace/loading.lua:100]: Preload file at: file:///Users/florian/.dotfiles/.config/nvim/mason/packages/lua-language-server/libexec/meta/default%20utf8/System.Security.Cryptography.lua , size = 136.015 KB
[20:16:36.150][info] [#0:script/workspace/loading.lua:100]: Preload file at: file:///Users/florian/.dotfiles/.config/nvim/mason/packages/lua-language-server/libexec/meta/default%20utf8/System.Runtime.Remoting.Metadata.W3cXsd2001.lua , size = 21.497 KB
[20:16:36.156][info] [#0:script/workspace/loading.lua:100]: Preload file at: file:///Users/florian/.dotfiles/.config/nvim/mason/packages/lua-language-server/libexec/meta/default%20utf8/System.Runtime.DesignerServices.lua , size = 0.981 KB
[20:16:36.156][info] [#0:script/workspace/loading.lua:100]: Preload file at: file:///Users/florian/.dotfiles/.config/nvim/mason/packages/lua-language-server/libexec/meta/default%20utf8/UnityEngine.Timeline.lua , size = 48.965 KB
[20:16:36.166][info] [#0:script/workspace/loading.lua:100]: Preload file at: file:///Users/florian/.dotfiles/.config/nvim/mason/packages/lua-language-server/libexec/meta/default%20utf8/UnityEngine.lua , size = 2462.148 KB
[20:16:36.166][info] [#0:script/client.lua:112]: ShowMessage	Info	Too large file: mason/packages/lua-language-server/libexec/meta/default utf8/UnityEngine.lua skipped. The currently set size limit is: 500 KB, and the file size is: 2521.24 KB.
[20:16:36.166][info] [#0:script/workspace/loading.lua:100]: Preload file at: file:///Users/florian/.dotfiles/.config/nvim/mason/packages/lua-language-server/libexec/meta/default%20utf8/System.Xml.Schema.lua , size = 59.300 KB
[20:16:36.178][info] [#0:script/workspace/loading.lua:100]: Preload file at: file:///Users/florian/.dotfiles/.config/nvim/mason/packages/lua-language-server/libexec/meta/default%20utf8/System.IO.MemoryMappedFiles.lua , size = 12.125 KB
[20:16:36.180][info] [#0:script/workspace/loading.lua:100]: Preload file at: file:///Users/florian/.dotfiles/.config/nvim/mason/packages/lua-language-server/libexec/meta/default%20utf8/System.Windows.Input.lua , size = 0.708 KB
[20:16:36.180][info] [#0:script/workspace/loading.lua:100]: Preload file at: file:///Users/florian/.dotfiles/.config/nvim/mason/packages/lua-language-server/libexec/meta/default%20utf8/System.Diagnostics.PerformanceData.lua , size = 6.790 KB
[20:16:36.182][info] [#0:script/workspace/loading.lua:100]: Preload file at: file:///Users/florian/.dotfiles/.config/nvim/mason/packages/lua-language-server/libexec/meta/default%20utf8/System.ComponentModel.Design.lua , size = 56.153 KB
[20:16:36.193][info] [#0:script/workspace/loading.lua:100]: Preload file at: file:///Users/florian/.dotfiles/.config/nvim/mason/packages/lua-language-server/libexec/meta/default%20utf8/System.Runtime.Versioning.lua , size = 4.865 KB
[20:16:36.194][info] [#0:script/workspace/loading.lua:100]: Preload file at: file:///Users/florian/.dotfiles/.config/nvim/mason/packages/lua-language-server/libexec/meta/default%20utf8/System.Resources.lua , size = 7.785 KB
[20:16:36.196][info] [#0:script/workspace/loading.lua:100]: Preload file at: file:///Users/florian/.dotfiles/.config/nvim/mason/packages/lua-language-server/libexec/meta/default%20utf8/UnityEngine.AI.lua , size = 45.281 KB
[20:16:36.204][info] [#0:script/workspace/loading.lua:100]: Preload file at: file:///Users/florian/.dotfiles/.config/nvim/mason/packages/lua-language-server/libexec/meta/default%20utf8/System.Diagnostics.SymbolStore.lua , size = 16.163 KB
[20:16:36.208][info] [#0:script/workspace/loading.lua:100]: Preload file at: file:///Users/florian/.dotfiles/.config/nvim/mason/packages/lua-language-server/libexec/meta/default%20utf8/UnityEngine.SocialPlatforms.lua , size = 15.120 KB
[20:16:36.210][info] [#0:script/workspace/loading.lua:100]: Preload file at: file:///Users/florian/.dotfiles/.config/nvim/mason/packages/lua-language-server/libexec/meta/default%20utf8/System.Globalization.lua , size = 88.709 KB
[20:16:36.233][info] [#0:script/workspace/loading.lua:100]: Preload file at: file:///Users/florian/.dotfiles/.config/nvim/mason/packages/lua-language-server/libexec/meta/default%20utf8/UnityEngine.Lumin.lua , size = 0.420 KB
[20:16:36.233][info] [#0:script/workspace/loading.lua:100]: Preload file at: file:///Users/florian/.dotfiles/.config/nvim/mason/packages/lua-language-server/libexec/meta/default%20utf8/System.Collections.Specialized.lua , size = 18.693 KB
[20:16:36.238][info] [#0:script/workspace/loading.lua:100]: Preload file at: file:///Users/florian/.dotfiles/.config/nvim/mason/packages/lua-language-server/libexec/meta/default%20utf8/System.Data.Sql.lua , size = 0.710 KB
[20:16:36.238][info] [#0:script/workspace/loading.lua:100]: Preload file at: file:///Users/florian/.dotfiles/.config/nvim/mason/packages/lua-language-server/libexec/meta/default%20utf8/System.Runtime.Remoting.lua , size = 20.229 KB
[20:16:36.243][info] [#0:script/workspace/loading.lua:100]: Preload file at: file:///Users/florian/.dotfiles/.config/nvim/mason/packages/lua-language-server/libexec/meta/default%20utf8/System.Xml.Serialization.Advanced.lua , size = 4.420 KB
[20:16:36.244][info] [#0:script/workspace/loading.lua:100]: Preload file at: file:///Users/florian/.dotfiles/.config/nvim/mason/packages/lua-language-server/libexec/meta/default%20utf8/UnityEngine.Subsystems.lua , size = 1.105 KB
[20:16:36.245][info] [#0:script/workspace/loading.lua:100]: Preload file at: file:///Users/florian/.dotfiles/.config/nvim/mason/packages/lua-language-server/libexec/meta/default%20utf8/System.Security.Policy.lua , size = 43.002 KB
[20:16:36.254][info] [#0:script/workspace/loading.lua:100]: Preload file at: file:///Users/florian/.dotfiles/.config/nvim/mason/packages/lua-language-server/libexec/meta/default%20utf8/System.Runtime.lua , size = 2.640 KB
[20:16:36.255][info] [#0:script/workspace/loading.lua:100]: Preload file at: file:///Users/florian/.dotfiles/.config/nvim/mason/packages/lua-language-server/libexec/meta/default%20utf8/UnityEngineInternal.lua , size = 5.821 KB
[20:16:36.256][info] [#0:script/workspace/loading.lua:100]: Preload file at: file:///Users/florian/.dotfiles/.config/nvim/mason/packages/lua-language-server/libexec/meta/default%20utf8/System.Xml.Resolvers.lua , size = 2.564 KB
[20:16:36.257][info] [#0:script/workspace/loading.lua:100]: Preload file at: file:///Users/florian/.dotfiles/.config/nvim/mason/packages/lua-language-server/libexec/meta/default%20utf8/System.Runtime.CompilerServices.lua , size = 44.095 KB
[20:16:36.266][info] [#0:script/workspace/loading.lua:100]: Preload file at: file:///Users/florian/.dotfiles/.config/nvim/mason/packages/lua-language-server/libexec/meta/default%20utf8/UnityEngine.Animations.lua , size = 105.935 KB
[20:16:36.284][info] [#0:script/workspace/loading.lua:100]: Preload file at: file:///Users/florian/.dotfiles/.config/nvim/mason/packages/lua-language-server/libexec/meta/default%20utf8/UnityEngine.Diagnostics.lua , size = 2.951 KB
[20:16:36.285][info] [#0:script/workspace/loading.lua:100]: Preload file at: file:///Users/florian/.dotfiles/.config/nvim/mason/packages/lua-language-server/libexec/meta/default%20utf8/UnityEngine.VFX.lua , size = 85.528 KB
[20:16:36.298][info] [#0:script/workspace/loading.lua:100]: Preload file at: file:///Users/florian/.dotfiles/.config/nvim/mason/packages/lua-language-server/libexec/meta/default%20utf8/UnityEngine.Profiling.lua , size = 15.659 KB
[20:16:36.301][info] [#0:script/workspace/loading.lua:100]: Preload file at: file:///Users/florian/.dotfiles/.config/nvim/mason/packages/lua-language-server/libexec/meta/default%20utf8/System.lua , size = 418.521 KB
[20:16:36.494][warn] [#0:script/files.lua:556]: Parse LuaDoc of [file:///Users/florian/.dotfiles/.config/nvim/mason/packages/lua-language-server/libexec/meta/default%20utf8/System.lua] takes [0.162] sec, size [428.566] kb.
[20:16:36.557][info] [#0:script/workspace/loading.lua:100]: Preload file at: file:///Users/florian/.dotfiles/.config/nvim/mason/packages/lua-language-server/libexec/meta/default%20utf8/UnityEngine.Rendering.lua , size = 426.643 KB
[20:16:36.625][info] [#0:script/workspace/loading.lua:100]: Preload file at: file:///Users/florian/.dotfiles/.config/nvim/mason/packages/lua-language-server/libexec/meta/default%20utf8/System.IO.IsolatedStorage.lua , size = 13.610 KB
[20:16:36.628][info] [#0:script/workspace/loading.lua:100]: Preload file at: file:///Users/florian/.dotfiles/.config/nvim/mason/packages/lua-language-server/libexec/meta/default%20utf8/System.Linq.Expressions.lua , size = 123.213 KB
[20:16:36.657][info] [#0:script/workspace/loading.lua:100]: Preload file at: file:///Users/florian/.dotfiles/.config/nvim/mason/packages/lua-language-server/libexec/meta/default%20utf8/System.Data.lua , size = 108.626 KB
[20:16:36.682][info] [#0:script/workspace/loading.lua:100]: Preload file at: file:///Users/florian/.dotfiles/.config/nvim/mason/packages/lua-language-server/libexec/meta/default%20utf8/System.Configuration.Assemblies.lua , size = 2.307 KB
[20:16:36.682][info] [#0:script/workspace/loading.lua:100]: Preload file at: file:///Users/florian/.dotfiles/.config/nvim/mason/packages/lua-language-server/libexec/meta/default%20utf8/UnityEngine.Experimental.GlobalIllumination.lua , size = 30.305 KB
[20:16:36.687][info] [#0:script/workspace/loading.lua:100]: Preload file at: file:///Users/florian/.dotfiles/.config/nvim/mason/packages/lua-language-server/libexec/meta/default%20utf8/System.IO.Pipes.lua , size = 13.634 KB
[20:16:36.690][info] [#0:script/workspace/loading.lua:100]: Preload file at: file:///Users/florian/.dotfiles/.config/nvim/mason/packages/lua-language-server/libexec/meta/default%20utf8/System.Runtime.InteropServices.lua , size = 211.883 KB
[20:16:36.740][info] [#0:script/workspace/loading.lua:100]: Preload file at: file:///Users/florian/.dotfiles/.config/nvim/mason/packages/lua-language-server/libexec/meta/default%20utf8/System.Runtime.InteropServices.ComTypes.lua , size = 67.928 KB
[20:16:36.753][info] [#0:script/workspace/loading.lua:100]: Preload file at: file:///Users/florian/.dotfiles/.config/nvim/mason/packages/lua-language-server/libexec/meta/default%20utf8/UnityEngine.Playables.lua , size = 53.928 KB
[20:16:36.763][info] [#0:script/workspace/loading.lua:100]: Preload file at: file:///Users/florian/.dotfiles/.config/nvim/mason/packages/lua-language-server/libexec/meta/default%20utf8/UnityEngine.XR.lua , size = 91.891 KB
[20:16:36.778][info] [#0:script/workspace/loading.lua:100]: Preload file at: file:///Users/florian/.dotfiles/.config/nvim/mason/packages/lua-language-server/libexec/meta/default%20utf8/UnityEngine.Scripting.lua , size = 4.674 KB
[20:16:36.779][info] [#0:script/workspace/loading.lua:100]: Preload file at: file:///Users/florian/.dotfiles/.config/nvim/mason/packages/lua-language-server/libexec/meta/default%20utf8/System.Runtime.ConstrainedExecution.lua , size = 2.079 KB
[20:16:36.780][info] [#0:script/workspace/loading.lua:100]: Preload file at: file:///Users/florian/.dotfiles/.config/nvim/mason/packages/lua-language-server/libexec/meta/default%20utf8/UnityEngine.Profiling.Memory.Experimental.lua , size = 3.857 KB
[20:16:36.780][info] [#0:script/workspace/loading.lua:100]: Preload file at: file:///Users/florian/.dotfiles/.config/nvim/mason/packages/lua-language-server/libexec/meta/default%20utf8/System.Text.RegularExpressions.lua , size = 16.256 KB
[20:16:36.784][info] [#0:script/workspace/loading.lua:100]: Preload file at: file:///Users/florian/.dotfiles/.config/nvim/mason/packages/lua-language-server/libexec/meta/default%20utf8/System.IO.Compression.lua , size = 7.517 KB
[20:16:36.786][info] [#0:script/workspace/loading.lua:100]: Preload file at: file:///Users/florian/.dotfiles/.config/nvim/mason/packages/lua-language-server/libexec/meta/default%20utf8/System.Timers.lua , size = 2.220 KB
[20:16:36.787][info] [#0:script/workspace/loading.lua:100]: Preload file at: file:///Users/florian/.dotfiles/.config/nvim/mason/packages/lua-language-server/libexec/meta/default%20utf8/UnityEngine.Networking.PlayerConnection.lua , size = 4.080 KB
[20:16:36.788][info] [#0:script/workspace/loading.lua:100]: Preload file at: file:///Users/florian/.dotfiles/.config/nvim/mason/packages/lua-language-server/libexec/meta/default%20utf8/System.Runtime.Serialization.lua , size = 57.881 KB
[20:16:36.800][info] [#0:script/workspace/loading.lua:100]: Preload file at: file:///Users/florian/.dotfiles/.config/nvim/mason/packages/lua-language-server/libexec/meta/default%20utf8/UnityEngine.tvOS.lua , size = 3.779 KB
[20:16:36.800][info] [#0:script/workspace/loading.lua:100]: Preload file at: file:///Users/florian/.dotfiles/.config/nvim/mason/packages/lua-language-server/libexec/meta/default%20utf8/System.Collections.Concurrent.lua , size = 17.661 KB
[20:16:36.805][info] [#0:script/workspace/loading.lua:100]: Preload file at: file:///Users/florian/.dotfiles/.config/nvim/mason/packages/lua-language-server/libexec/meta/default%20utf8/UnityEngine.Windows.WebCam.lua , size = 26.911 KB
[20:16:36.809][info] [#0:script/workspace/loading.lua:100]: Preload file at: file:///Users/florian/.dotfiles/.config/nvim/mason/packages/lua-language-server/libexec/meta/default%20utf8/UnityEngine.Networking.Match.lua , size = 9.843 KB
[20:16:36.811][info] [#0:script/workspace/loading.lua:100]: Preload file at: file:///Users/florian/.dotfiles/.config/nvim/mason/packages/lua-language-server/libexec/meta/default%20utf8/UnityEngine.SubsystemsImplementation.lua , size = 5.452 KB
[20:16:36.812][info] [#0:script/workspace/loading.lua:100]: Preload file at: file:///Users/florian/.dotfiles/.config/nvim/mason/packages/lua-language-server/libexec/meta/default%20utf8/System.Runtime.Serialization.Formatters.Binary.lua , size = 2.783 KB
[20:16:36.813][info] [#0:script/workspace/loading.lua:100]: Preload file at: file:///Users/florian/.dotfiles/.config/nvim/mason/packages/lua-language-server/libexec/meta/default%20utf8/System.Xml.Serialization.lua , size = 60.651 KB
[20:16:36.825][info] [#0:script/workspace/loading.lua:100]: Preload file at: file:///Users/florian/.dotfiles/.config/nvim/mason/packages/lua-language-server/libexec/meta/default%20utf8/System.Data.SqlTypes.lua , size = 122.720 KB
[20:16:36.865][info] [#0:script/workspace/loading.lua:100]: Preload file at: file:///Users/florian/.dotfiles/.config/nvim/mason/packages/lua-language-server/libexec/meta/default%20utf8/System.Diagnostics.Eventing.Reader.lua , size = 26.731 KB
[20:16:36.871][info] [#0:script/workspace/loading.lua:100]: Preload file at: file:///Users/florian/.dotfiles/.config/nvim/mason/packages/lua-language-server/libexec/meta/default%20utf8/UnityEngine.XR.Provider.lua , size = 0.463 KB
[20:16:36.871][info] [#0:script/workspace/loading.lua:100]: Preload file at: file:///Users/florian/.dotfiles/.config/nvim/mason/packages/lua-language-server/libexec/meta/default%20utf8/System.Data.SqlClient.lua , size = 65.225 KB
[20:16:36.885][info] [#0:script/workspace/loading.lua:100]: Preload file at: file:///Users/florian/.dotfiles/.config/nvim/mason/packages/lua-language-server/libexec/meta/default%20utf8/System.Xml.Serialization.Configuration.lua , size = 5.143 KB
[20:16:36.886][info] [#0:script/workspace/loading.lua:100]: Preload file at: file:///Users/florian/.dotfiles/.config/nvim/mason/packages/lua-language-server/libexec/meta/default%20utf8/UnityEngine.Assertions.lua , size = 27.176 KB
[20:16:36.891][info] [#0:script/workspace/loading.lua:100]: Preload file at: file:///Users/florian/.dotfiles/.config/nvim/mason/packages/lua-language-server/libexec/meta/default%20utf8/System.Runtime.ExceptionServices.lua , size = 1.038 KB
[20:16:36.891][info] [#0:script/workspace/loading.lua:100]: Preload file at: file:///Users/florian/.dotfiles/.config/nvim/mason/packages/lua-language-server/libexec/meta/default%20utf8/System.Net.Configuration.lua , size = 20.063 KB
[20:16:36.895][info] [#0:script/workspace/loading.lua:100]: Preload file at: file:///Users/florian/.dotfiles/.config/nvim/mason/packages/lua-language-server/libexec/meta/default%20utf8/System.Runtime.Remoting.Messaging.lua , size = 21.586 KB
[20:16:36.900][info] [#0:script/workspace/loading.lua:100]: Preload file at: file:///Users/florian/.dotfiles/.config/nvim/mason/packages/lua-language-server/libexec/meta/default%20utf8/System.Net.Mail.lua , size = 18.069 KB
[20:16:36.904][info] [#0:script/workspace/loading.lua:100]: Preload file at: file:///Users/florian/.dotfiles/.config/nvim/mason/packages/lua-language-server/libexec/meta/default%20utf8/UnityEngine.Assertions.Must.lua , size = 4.223 KB
[20:16:36.905][info] [#0:script/workspace/loading.lua:100]: Preload file at: file:///Users/florian/.dotfiles/.config/nvim/mason/packages/lua-language-server/libexec/meta/default%20utf8/System.Runtime.Remoting.Activation.lua , size = 3.042 KB
[20:16:36.905][info] [#0:script/workspace/loading.lua:100]: Preload file at: file:///Users/florian/.dotfiles/.config/nvim/mason/packages/lua-language-server/libexec/meta/default%20utf8/System.Diagnostics.CodeAnalysis.lua , size = 0.703 KB
[20:16:36.906][info] [#0:script/workspace/loading.lua:100]: Preload file at: file:///Users/florian/.dotfiles/.config/nvim/mason/packages/lua-language-server/libexec/meta/default%20utf8/UnityEngine.Internal.lua , size = 0.736 KB
[20:16:36.906][info] [#0:script/workspace/loading.lua:100]: Preload file at: file:///Users/florian/.dotfiles/.config/nvim/mason/packages/lua-language-server/libexec/meta/default%20utf8/System.Security.Authentication.ExtendedProtection.Configuration.lua , size = 2.905 KB
[20:16:36.907][info] [#0:script/workspace/loading.lua:100]: Preload file at: file:///Users/florian/.dotfiles/.config/nvim/mason/packages/lua-language-server/libexec/meta/default%20utf8/UnityEngine.TextCore.LowLevel.lua , size = 29.067 KB
[20:16:36.910][info] [#0:script/workspace/loading.lua:100]: Preload file at: file:///Users/florian/.dotfiles/.config/nvim/mason/packages/lua-language-server/libexec/meta/default%20utf8/UnityEngine.SubsystemsImplementation.Extensions.lua , size = 0.854 KB
[20:16:36.910][info] [#0:script/workspace/loading.lua:100]: Preload file at: file:///Users/florian/.dotfiles/.config/nvim/mason/packages/lua-language-server/libexec/meta/default%20utf8/UnityEngine.Experimental.TerrainAPI.lua , size = 31.936 KB
[20:16:36.916][info] [#0:script/workspace/loading.lua:100]: Preload file at: file:///Users/florian/.dotfiles/.config/nvim/mason/packages/lua-language-server/libexec/meta/default%20utf8/System.Runtime.InteropServices.WindowsRuntime.lua , size = 8.978 KB
[20:16:36.917][info] [#0:script/workspace/loading.lua:100]: Preload file at: file:///Users/florian/.dotfiles/.config/nvim/mason/packages/lua-language-server/libexec/meta/default%20utf8/UnityEngine.EventSystems.lua , size = 34.987 KB
[20:16:36.924][info] [#0:script/workspace/loading.lua:100]: Preload file at: file:///Users/florian/.dotfiles/.config/nvim/mason/packages/lua-language-server/libexec/meta/default%20utf8/System.Collections.lua , size = 23.941 KB
[20:16:36.930][info] [#0:script/workspace/loading.lua:100]: Preload file at: file:///Users/florian/.dotfiles/.config/nvim/mason/packages/lua-language-server/libexec/meta/default%20utf8/UnityEngine.Experimental.AssetBundlePatching.lua , size = 0.479 KB
[20:16:36.930][info] [#0:script/workspace/loading.lua:100]: Preload file at: file:///Users/florian/.dotfiles/.config/nvim/mason/packages/lua-language-server/libexec/meta/default%20utf8/UnityEngine.Scripting.APIUpdating.lua , size = 0.296 KB
[20:16:36.931][info] [#0:script/workspace/loading.lua:100]: Preload file at: file:///Users/florian/.dotfiles/.config/nvim/mason/packages/lua-language-server/libexec/meta/default%20utf8/UnityEngine.UIElements.lua , size = 298.350 KB
[20:16:36.980][info] [#0:script/workspace/loading.lua:100]: Preload file at: file:///Users/florian/.dotfiles/.config/nvim/mason/packages/lua-language-server/libexec/meta/default%20utf8/System.Web.lua , size = 2.355 KB
[20:16:36.980][info] [#0:script/workspace/loading.lua:100]: Preload file at: file:///Users/florian/.dotfiles/.config/nvim/mason/packages/lua-language-server/libexec/meta/default%20utf8/System.Diagnostics.Contracts.lua , size = 8.239 KB
[20:16:36.982][info] [#0:script/workspace/loading.lua:100]: Preload file at: file:///Users/florian/.dotfiles/.config/nvim/mason/packages/lua-language-server/libexec/meta/default%20utf8/UnityEngine.Experimental.Animations.lua , size = 2.645 KB
[20:16:36.983][info] [#0:script/workspace/loading.lua:100]: Preload file at: file:///Users/florian/.dotfiles/.config/nvim/mason/packages/lua-language-server/libexec/meta/default%20utf8/System.Net.Security.lua , size = 27.139 KB
[20:16:36.988][info] [#0:script/workspace/loading.lua:100]: Preload file at: file:///Users/florian/.dotfiles/.config/nvim/mason/packages/lua-language-server/libexec/meta/default%20utf8/UnityEngine.Events.lua , size = 12.489 KB
[20:16:36.991][info] [#0:script/workspace/loading.lua:100]: Preload file at: file:///Users/florian/.dotfiles/.config/nvim/mason/packages/lua-language-server/libexec/meta/default%20utf8/System.Net.Http.Headers.lua , size = 33.340 KB
[20:16:36.998][info] [#0:script/workspace/loading.lua:100]: Preload file at: file:///Users/florian/.dotfiles/.config/nvim/mason/packages/lua-language-server/libexec/meta/default%20utf8/System.Xml.Linq.lua , size = 39.577 KB
[20:16:37.008][info] [#0:script/workspace/loading.lua:100]: Preload file at: file:///Users/florian/.dotfiles/.config/nvim/mason/packages/lua-language-server/libexec/meta/default%20utf8/System.Security.Principal.lua , size = 22.007 KB
[20:16:37.012][info] [#0:script/workspace/loading.lua:100]: Preload file at: file:///Users/florian/.dotfiles/.config/nvim/mason/packages/lua-language-server/libexec/meta/default%20utf8/System.IO.lua , size = 80.052 KB
[20:16:37.035][info] [#0:script/workspace/loading.lua:100]: Preload file at: file:///Users/florian/.dotfiles/.config/nvim/mason/packages/lua-language-server/libexec/meta/default%20utf8/UnityEngine.WSA.lua , size = 33.145 KB
[20:16:37.040][info] [#0:script/workspace/loading.lua:100]: Preload file at: file:///Users/florian/.dotfiles/.config/nvim/mason/packages/lua-language-server/libexec/meta/default%20utf8/UnityEngine.Experimental.Rendering.lua , size = 98.020 KB
[20:16:37.051][info] [#0:script/workspace/loading.lua:100]: Preload file at: file:///Users/florian/.dotfiles/.config/nvim/mason/packages/lua-language-server/libexec/meta/default%20utf8/System.Reflection.lua , size = 92.548 KB
[20:16:37.071][info] [#0:script/workspace/loading.lua:100]: Preload file at: file:///Users/florian/.dotfiles/.config/nvim/mason/packages/lua-language-server/libexec/meta/default%20utf8/System.Net.lua , size = 105.698 KB
[20:16:37.096][info] [#0:script/workspace/loading.lua:100]: Preload file at: file:///Users/florian/.dotfiles/.config/nvim/mason/packages/lua-language-server/libexec/meta/default%20utf8/System.Dynamic.lua , size = 23.368 KB
[20:16:37.102][info] [#0:script/workspace/loading.lua:100]: Preload file at: file:///Users/florian/.dotfiles/.config/nvim/mason/packages/lua-language-server/libexec/meta/default%20utf8/UnityEngine.Analytics.lua , size = 90.617 KB
[20:16:37.119][info] [#0:script/workspace/loading.lua:100]: Preload file at: file:///Users/florian/.dotfiles/.config/nvim/mason/packages/lua-language-server/libexec/meta/default%20utf8/System.Runtime.Remoting.Channels.lua , size = 20.468 KB
[20:16:37.123][info] [#0:script/workspace/loading.lua:100]: Preload file at: file:///Users/florian/.dotfiles/.config/nvim/mason/packages/lua-language-server/libexec/meta/default%20utf8/System.Media.lua , size = 2.497 KB
[20:16:37.124][info] [#0:script/workspace/loading.lua:100]: Preload file at: file:///Users/florian/.dotfiles/.config/nvim/mason/packages/lua-language-server/libexec/meta/default%20utf8/System.Security.Permissions.lua , size = 60.844 KB
[20:16:37.136][info] [#0:script/workspace/loading.lua:100]: Preload file at: file:///Users/florian/.dotfiles/.config/nvim/mason/packages/lua-language-server/libexec/meta/default%20utf8/System.Runtime.Remoting.Metadata.lua , size = 3.699 KB
[20:16:37.137][info] [#0:script/workspace/loading.lua:100]: Preload file at: file:///Users/florian/.dotfiles/.config/nvim/mason/packages/lua-language-server/libexec/meta/default%20utf8/CS.lua , size = 644.007 KB
[20:16:37.137][info] [#0:script/workspace/loading.lua:100]: Preload file at: file:///Users/florian/.dotfiles/.config/nvim/mason/packages/lua-language-server/libexec/meta/default%20utf8/UnityEngine.PlayerLoop.lua , size = 33.623 KB
[20:16:37.142][info] [#0:script/workspace/loading.lua:100]: Preload file at: file:///Users/florian/.dotfiles/.config/nvim/mason/packages/lua-language-server/libexec/meta/default%20utf8/System.Threading.lua , size = 76.587 KB
[20:16:37.162][info] [#0:script/workspace/loading.lua:100]: Preload file at: file:///Users/florian/.dotfiles/.config/nvim/mason/packages/lua-language-server/libexec/meta/default%20utf8/System.Security.Authentication.ExtendedProtection.lua , size = 6.107 KB
[20:16:37.163][info] [#0:script/workspace/loading.lua:100]: Preload file at: file:///Users/florian/.dotfiles/.config/nvim/mason/packages/lua-language-server/libexec/meta/default%20utf8/UnityEngine.TextCore.lua , size = 8.132 KB
[20:16:37.164][info] [#0:script/workspace/loading.lua:100]: Preload file at: file:///Users/florian/.dotfiles/.config/nvim/mason/packages/lua-language-server/libexec/meta/default%20utf8/System.Diagnostics.lua , size = 98.948 KB
[20:16:37.188][info] [#0:script/workspace/loading.lua:100]: Preload file at: file:///Users/florian/.dotfiles/.config/nvim/mason/packages/lua-language-server/libexec/meta/default%20utf8/System.ComponentModel.Design.Serialization.lua , size = 16.526 KB
[20:16:37.326][warn] [#0:script/files.lua:704]: Compile [file:///Users/florian/.dotfiles/.config/nvim/mason/packages/lua-language-server/libexec/meta/default%20utf8/System.ComponentModel.Design.Serialization.lua] takes [0.138] sec, size [16.923] kb.
[20:16:37.328][info] [#0:script/workspace/loading.lua:100]: Preload file at: file:///Users/florian/.dotfiles/.config/nvim/mason/packages/lua-language-server/libexec/meta/default%20utf8/System.Xml.XPath.lua , size = 24.373 KB
[20:16:37.335][info] [#0:script/workspace/loading.lua:100]: Preload file at: file:///Users/florian/.dotfiles/.config/nvim/mason/packages/lua-language-server/libexec/meta/default%20utf8/UnityEngine.Networking.Types.lua , size = 4.943 KB
[20:16:37.336][info] [#0:script/workspace/loading.lua:100]: Preload file at: file:///Users/florian/.dotfiles/.config/nvim/mason/packages/lua-language-server/libexec/meta/default%20utf8/UnityEngine.Sprites.lua , size = 1.006 KB
[20:16:37.336][info] [#0:script/workspace/loading.lua:100]: Preload file at: file:///Users/florian/.dotfiles/.config/nvim/mason/packages/lua-language-server/libexec/meta/default%20utf8/System.Xml.XmlConfiguration.lua , size = 0.634 KB
[20:16:37.336][info] [#0:script/workspace/loading.lua:100]: Preload file at: file:///Users/florian/.dotfiles/.config/nvim/mason/packages/lua-language-server/libexec/meta/default%20utf8/System.Configuration.lua , size = 30.104 KB
[20:16:37.343][info] [#0:script/workspace/loading.lua:100]: Preload file at: file:///Users/florian/.dotfiles/.config/nvim/mason/packages/lua-language-server/libexec/meta/default%20utf8/System.Data.OleDb.lua , size = 36.748 KB
[20:16:37.351][info] [#0:script/workspace/loading.lua:100]: Preload file at: file:///Users/florian/.dotfiles/.config/nvim/mason/packages/lua-language-server/libexec/meta/default%20utf8/UnityEngine.CrashReportHandler.lua , size = 1.337 KB
[20:16:37.352][info] [#0:script/workspace/loading.lua:100]: Preload file at: file:///Users/florian/.dotfiles/.config/nvim/mason/packages/lua-language-server/libexec/meta/default%20utf8/System.Net.NetworkInformation.lua , size = 51.652 KB
[20:16:37.363][info] [#0:script/workspace/loading.lua:100]: Preload file at: file:///Users/florian/.dotfiles/.config/nvim/mason/packages/lua-language-server/libexec/meta/default%20utf8/System.Net.Cache.lua , size = 3.527 KB
[20:16:37.364][info] [#0:script/workspace/loading.lua:100]: Preload file at: file:///Users/florian/.dotfiles/.config/nvim/mason/packages/lua-language-server/libexec/meta/default%20utf8/System.Net.Http.lua , size = 17.795 KB
[20:16:37.368][info] [#0:script/workspace/loading.lua:100]: Preload file at: file:///Users/florian/.dotfiles/.config/nvim/mason/packages/lua-language-server/libexec/meta/default%20utf8/UnityEngine.SocialPlatforms.Impl.lua , size = 9.355 KB
[20:16:37.370][info] [#0:script/workspace/loading.lua:100]: Preload file at: file:///Users/florian/.dotfiles/.config/nvim/mason/packages/lua-language-server/libexec/meta/default%20utf8/System.Windows.Markup.lua , size = 0.304 KB
[20:16:37.370][info] [#0:script/workspace/loading.lua:100]: Preload file at: file:///Users/florian/.dotfiles/.config/nvim/mason/packages/lua-language-server/libexec/meta/default%20utf8/System.Runtime.Remoting.Services.lua , size = 2.211 KB
[20:16:37.370][info] [#0:script/workspace/loading.lua:100]: Preload file at: file:///Users/florian/.dotfiles/.config/nvim/mason/packages/lua-language-server/libexec/meta/default%20utf8/System.Net.Sockets.lua , size = 69.397 KB
[20:16:37.386][info] [#0:script/workspace/loading.lua:100]: Preload file at: file:///Users/florian/.dotfiles/.config/nvim/mason/packages/lua-language-server/libexec/meta/default%20utf8/UnityEngine.Jobs.lua , size = 4.501 KB
[20:16:37.387][info] [#0:script/workspace/loading.lua:100]: Preload file at: file:///Users/florian/.dotfiles/.config/nvim/mason/packages/lua-language-server/libexec/meta/default%20utf8/UnityEngine.Rendering.PostProcessing.lua , size = 98.178 KB
[20:16:37.402][info] [#0:script/workspace/loading.lua:100]: Preload file at: file:///Users/florian/.dotfiles/.config/nvim/mason/packages/lua-language-server/libexec/meta/default%20utf8/System.Security.Claims.lua , size = 11.056 KB
[20:16:37.405][info] [#0:script/workspace/loading.lua:100]: Preload file at: file:///Users/florian/.dotfiles/.config/nvim/mason/packages/lua-language-server/libexec/meta/default%20utf8/UnityEngine.Serialization.lua , size = 1.281 KB
[20:16:37.405][info] [#0:script/workspace/loading.lua:100]: Preload file at: file:///Users/florian/.dotfiles/.config/nvim/mason/packages/lua-language-server/libexec/meta/default%20utf8/System.Security.Cryptography.X509Certificates.lua , size = 52.798 KB
[20:16:37.414][info] [#0:script/workspace/loading.lua:100]: Preload file at: file:///Users/florian/.dotfiles/.config/nvim/mason/packages/lua-language-server/libexec/meta/default%20utf8/UnityEngine.TestTools.lua , size = 4.341 KB
[20:16:37.415][info] [#0:script/workspace/loading.lua:100]: Preload file at: file:///Users/florian/.dotfiles/.config/nvim/mason/packages/lua-language-server/libexec/meta/default%20utf8/UnityEngine.Windows.lua , size = 4.466 KB
[20:16:37.416][info] [#0:script/workspace/loading.lua:100]: Preload file at: file:///Users/florian/.dotfiles/.config/nvim/mason/packages/lua-language-server/libexec/meta/Lua%205.4%20zh-cn%20utf8/builtin.lua , size = 0.302 KB
[20:16:37.416][info] [#0:script/workspace/loading.lua:100]: Preload file at: file:///Users/florian/.dotfiles/.config/nvim/mason/packages/lua-language-server/libexec/meta/Lua%205.4%20zh-cn%20utf8/package.lua , size = 2.858 KB
[20:16:37.417][info] [#0:script/workspace/loading.lua:100]: Preload file at: file:///Users/florian/.dotfiles/.config/nvim/mason/packages/lua-language-server/libexec/meta/default%20utf8/System.Data.Odbc.lua , size = 28.487 KB
[20:16:37.423][info] [#0:script/workspace/loading.lua:100]: Preload file at: file:///Users/florian/.dotfiles/.config/nvim/mason/packages/lua-language-server/libexec/meta/Lua%205.4%20zh-cn%20utf8/utf8.lua , size = 2.369 KB
[20:16:37.424][info] [#0:script/workspace/loading.lua:100]: Preload file at: file:///Users/florian/.dotfiles/.config/nvim/mason/packages/lua-language-server/libexec/meta/Lua%205.4%20zh-cn%20utf8/ffi.lua , size = 2.529 KB
[20:16:37.425][info] [#0:script/workspace/loading.lua:100]: Preload file at: file:///Users/florian/.dotfiles/.config/nvim/mason/packages/lua-language-server/libexec/meta/Lua%205.4%20zh-cn%20utf8/bit.lua , size = 1.243 KB
[20:16:37.425][info] [#0:script/workspace/loading.lua:100]: Preload file at: file:///Users/florian/.dotfiles/.config/nvim/mason/packages/lua-language-server/libexec/meta/Lua%205.4%20zh-cn%20utf8/debug.lua , size = 7.489 KB
[20:16:37.427][info] [#0:script/workspace/loading.lua:100]: Preload file at: file:///Users/florian/.dotfiles/.config/nvim/mason/packages/lua-language-server/libexec/meta/Lua%205.4%20zh-cn%20utf8/io.lua , size = 6.633 KB
[20:16:37.428][info] [#0:script/workspace/loading.lua:100]: Preload file at: file:///Users/florian/.dotfiles/.config/nvim/mason/packages/lua-language-server/libexec/meta/Lua%205.4%20zh-cn%20utf8/coroutine.lua , size = 2.712 KB
[20:16:37.429][info] [#0:script/workspace/loading.lua:100]: Preload file at: file:///Users/florian/.dotfiles/.config/nvim/mason/packages/lua-language-server/libexec/meta/Lua%205.4%20zh-cn%20utf8/jit.lua , size = 0.884 KB
[20:16:37.429][info] [#0:script/workspace/loading.lua:100]: Preload file at: file:///Users/florian/.dotfiles/.config/nvim/mason/packages/lua-language-server/libexec/meta/Lua%205.4%20zh-cn%20utf8/table/clear.lua , size = 0.715 KB
[20:16:37.430][info] [#0:script/workspace/loading.lua:100]: Preload file at: file:///Users/florian/.dotfiles/.config/nvim/mason/packages/lua-language-server/libexec/meta/Lua%205.4%20zh-cn%20utf8/table/new.lua , size = 0.634 KB
[20:16:37.430][info] [#0:script/workspace/loading.lua:100]: Preload file at: file:///Users/florian/.dotfiles/.config/nvim/mason/packages/lua-language-server/libexec/meta/Lua%205.4%20zh-cn%20utf8/math.lua , size = 8.656 KB
[20:16:37.432][info] [#0:script/workspace/loading.lua:100]: Preload file at: file:///Users/florian/.dotfiles/.config/nvim/mason/packages/lua-language-server/libexec/meta/Lua%205.4%20zh-cn%20utf8/jit/profile.lua , size = 0.348 KB
[20:16:37.432][info] [#0:script/workspace/loading.lua:100]: Preload file at: file:///Users/florian/.dotfiles/.config/nvim/mason/packages/lua-language-server/libexec/meta/Lua%205.4%20zh-cn%20utf8/jit/util.lua , size = 1.984 KB
[20:16:37.432][info] [#0:script/workspace/loading.lua:100]: Preload file at: file:///Users/florian/.dotfiles/.config/nvim/mason/packages/lua-language-server/libexec/meta/Lua%205.4%20zh-cn%20utf8/os.lua , size = 5.698 KB
[20:16:37.434][info] [#0:script/workspace/loading.lua:100]: Preload file at: file:///Users/florian/.dotfiles/.config/nvim/mason/packages/lua-language-server/libexec/meta/Lua%205.4%20zh-cn%20utf8/string.lua , size = 6.671 KB
[20:16:37.435][info] [#0:script/workspace/loading.lua:100]: Preload file at: file:///Users/florian/.dotfiles/.config/nvim/mason/packages/lua-language-server/libexec/meta/Lua%205.4%20zh-cn%20utf8/table.lua , size = 4.270 KB
[20:16:37.436][info] [#0:script/workspace/loading.lua:100]: Preload file at: file:///Users/florian/.dotfiles/.config/nvim/mason/packages/lua-language-server/libexec/meta/Lua%205.4%20zh-cn%20utf8/bit32.lua , size = 3.697 KB
[20:16:37.437][info] [#0:script/workspace/loading.lua:100]: Preload file at: file:///Users/florian/.dotfiles/.config/nvim/mason/packages/lua-language-server/libexec/meta/Lua%205.4%20zh-cn%20utf8/string/buffer.lua , size = 18.123 KB
[20:16:37.438][info] [#0:script/workspace/loading.lua:100]: Preload file at: file:///Users/florian/.dotfiles/.config/nvim/mason/packages/lua-language-server/libexec/meta/Lua%205.4%20zh-cn%20utf8/basic.lua , size = 15.910 KB
[20:16:37.442][info] [#0:script/workspace/loading.lua:100]: Preload file at: file:///Users/florian/.dotfiles/.config/nvim/mason/packages/lua-language-server/libexec/meta/LuaJIT%20zh-cn%20utf8/builtin.lua , size = 0.302 KB
[20:16:37.442][info] [#0:script/workspace/loading.lua:100]: Preload file at: file:///Users/florian/.dotfiles/.config/nvim/mason/packages/lua-language-server/libexec/meta/LuaJIT%20zh-cn%20utf8/package.lua , size = 2.706 KB
[20:16:37.442][info] [#0:script/workspace/loading.lua:100]: Preload file at: file:///Users/florian/.dotfiles/.config/nvim/mason/packages/lua-language-server/libexec/meta/LuaJIT%20zh-cn%20utf8/utf8.lua , size = 2.287 KB
[20:16:37.443][info] [#0:script/workspace/loading.lua:100]: Preload file at: file:///Users/florian/.dotfiles/.config/nvim/mason/packages/lua-language-server/libexec/meta/LuaJIT%20zh-cn%20utf8/ffi.lua , size = 2.529 KB
[20:16:37.444][info] [#0:script/workspace/loading.lua:100]: Preload file at: file:///Users/florian/.dotfiles/.config/nvim/mason/packages/lua-language-server/libexec/meta/LuaJIT%20zh-cn%20utf8/bit.lua , size = 1.243 KB
[20:16:37.445][info] [#0:script/workspace/loading.lua:100]: Preload file at: file:///Users/florian/.dotfiles/.config/nvim/mason/packages/lua-language-server/libexec/meta/LuaJIT%20zh-cn%20utf8/io.lua , size = 6.633 KB
[20:16:37.446][info] [#0:script/workspace/loading.lua:100]: Preload file at: file:///Users/florian/.dotfiles/.config/nvim/mason/packages/lua-language-server/libexec/meta/LuaJIT%20zh-cn%20utf8/debug.lua , size = 7.242 KB
[20:16:37.448][info] [#0:script/workspace/loading.lua:100]: Preload file at: file:///Users/florian/.dotfiles/.config/nvim/mason/packages/lua-language-server/libexec/meta/LuaJIT%20zh-cn%20utf8/coroutine.lua , size = 2.678 KB
[20:16:37.448][info] [#0:script/workspace/loading.lua:100]: Preload file at: file:///Users/florian/.dotfiles/.config/nvim/mason/packages/lua-language-server/libexec/meta/LuaJIT%20zh-cn%20utf8/jit.lua , size = 0.884 KB
[20:16:37.448][info] [#0:script/workspace/loading.lua:100]: Preload file at: file:///Users/florian/.dotfiles/.config/nvim/mason/packages/lua-language-server/libexec/meta/LuaJIT%20zh-cn%20utf8/table/clear.lua , size = 0.715 KB
[20:16:37.449][info] [#0:script/workspace/loading.lua:100]: Preload file at: file:///Users/florian/.dotfiles/.config/nvim/mason/packages/lua-language-server/libexec/meta/LuaJIT%20zh-cn%20utf8/table/new.lua , size = 0.634 KB
[20:16:37.449][info] [#0:script/workspace/loading.lua:100]: Preload file at: file:///Users/florian/.dotfiles/.config/nvim/mason/packages/lua-language-server/libexec/meta/LuaJIT%20zh-cn%20utf8/math.lua , size = 8.120 KB
[20:16:37.450][info] [#0:script/workspace/loading.lua:100]: Preload file at: file:///Users/florian/.dotfiles/.config/nvim/mason/packages/lua-language-server/libexec/meta/LuaJIT%20zh-cn%20utf8/jit/profile.lua , size = 0.348 KB
[20:16:37.451][info] [#0:script/workspace/loading.lua:100]: Preload file at: file:///Users/florian/.dotfiles/.config/nvim/mason/packages/lua-language-server/libexec/meta/LuaJIT%20zh-cn%20utf8/jit/util.lua , size = 1.984 KB
[20:16:37.451][info] [#0:script/workspace/loading.lua:100]: Preload file at: file:///Users/florian/.dotfiles/.config/nvim/mason/packages/lua-language-server/libexec/meta/LuaJIT%20zh-cn%20utf8/string.lua , size = 6.653 KB
[20:16:37.453][info] [#0:script/workspace/loading.lua:100]: Preload file at: file:///Users/florian/.dotfiles/.config/nvim/mason/packages/lua-language-server/libexec/meta/LuaJIT%20zh-cn%20utf8/os.lua , size = 5.698 KB
[20:16:37.454][info] [#0:script/workspace/loading.lua:100]: Preload file at: file:///Users/florian/.dotfiles/.config/nvim/mason/packages/lua-language-server/libexec/meta/LuaJIT%20zh-cn%20utf8/table.lua , size = 4.270 KB
[20:16:37.455][info] [#0:script/workspace/loading.lua:100]: Preload file at: file:///Users/florian/.dotfiles/.config/nvim/mason/packages/lua-language-server/libexec/meta/LuaJIT%20zh-cn%20utf8/string/buffer.lua , size = 18.123 KB
[20:16:37.456][info] [#0:script/workspace/loading.lua:100]: Preload file at: file:///Users/florian/.dotfiles/.config/nvim/mason/packages/lua-language-server/libexec/meta/LuaJIT%20zh-cn%20utf8/bit32.lua , size = 3.697 KB
[20:16:37.457][info] [#0:script/workspace/loading.lua:100]: Preload file at: file:///Users/florian/.dotfiles/.config/nvim/mason/packages/lua-language-server/libexec/debugger.lua , size = 1.768 KB
[20:16:37.458][info] [#0:script/workspace/loading.lua:100]: Preload file at: file:///Users/florian/.dotfiles/.config/nvim/mason/packages/lua-language-server/libexec/meta/LuaJIT%20zh-cn%20utf8/basic.lua , size = 15.573 KB
[20:16:37.515][info] [#0:script/workspace/loading.lua:100]: Preload file at: file:///Users/florian/.dotfiles/.config/nvim/mason/packages/lua-language-server/libexec/script/await.lua , size = 5.906 KB
[20:16:37.517][info] [#0:script/workspace/loading.lua:100]: Preload file at: file:///Users/florian/.dotfiles/.config/nvim/mason/packages/lua-language-server/libexec/script/json-edit.lua , size = 20.130 KB
[20:16:37.522][info] [#0:script/workspace/loading.lua:100]: Preload file at: file:///Users/florian/.dotfiles/.config/nvim/mason/packages/lua-language-server/libexec/script/progress.lua , size = 4.025 KB
[20:16:37.523][info] [#0:script/workspace/loading.lua:100]: Preload file at: file:///Users/florian/.dotfiles/.config/nvim/mason/packages/lua-language-server/libexec/script/without-check-nil.lua , size = 2.761 KB
[20:16:37.523][info] [#0:script/workspace/loading.lua:100]: Preload file at: file:///Users/florian/.dotfiles/.config/nvim/mason/packages/lua-language-server/libexec/script/string-merger.lua , size = 4.062 KB
[20:16:37.525][info] [#0:script/workspace/loading.lua:100]: Preload file at: file:///Users/florian/.dotfiles/.config/nvim/mason/packages/lua-language-server/libexec/script/lclient.lua , size = 6.226 KB
[20:16:37.526][info] [#0:script/workspace/loading.lua:100]: Preload file at: file:///Users/florian/.dotfiles/.config/nvim/mason/packages/lua-language-server/libexec/script/core/type-formatting.lua , size = 1.372 KB
[20:16:37.527][info] [#0:script/workspace/loading.lua:100]: Preload file at: file:///Users/florian/.dotfiles/.config/nvim/mason/packages/lua-language-server/libexec/script/core/matchkey.lua , size = 1.943 KB
[20:16:37.527][info] [#0:script/workspace/loading.lua:100]: Preload file at: file:///Users/florian/.dotfiles/.config/nvim/mason/packages/lua-language-server/libexec/script/core/fix-indent.lua , size = 4.936 KB
[20:16:37.528][info] [#0:script/workspace/loading.lua:100]: Preload file at: file:///Users/florian/.dotfiles/.config/nvim/mason/packages/lua-language-server/libexec/script/core/hover/init.lua , size = 4.571 KB
[20:16:37.529][info] [#0:script/workspace/loading.lua:100]: Preload file at: file:///Users/florian/.dotfiles/.config/nvim/mason/packages/lua-language-server/libexec/script/core/hover/return.lua , size = 2.159 KB
[20:16:37.530][info] [#0:script/workspace/loading.lua:100]: Preload file at: file:///Users/florian/.dotfiles/.config/nvim/mason/packages/lua-language-server/libexec/script/core/hover/label.lua , size = 6.530 KB
[20:16:37.532][info] [#0:script/workspace/loading.lua:100]: Preload file at: file:///Users/florian/.dotfiles/.config/nvim/mason/packages/lua-language-server/libexec/script/core/hover/name.lua , size = 2.603 KB
[20:16:37.532][info] [#0:script/workspace/loading.lua:100]: Preload file at: file:///Users/florian/.dotfiles/.config/nvim/mason/packages/lua-language-server/libexec/script/core/hover/description.lua , size = 15.837 KB
[20:16:37.536][info] [#0:script/workspace/loading.lua:100]: Preload file at: file:///Users/florian/.dotfiles/.config/nvim/mason/packages/lua-language-server/libexec/script/core/hover/table.lua , size = 6.212 KB
[20:16:37.538][info] [#0:script/workspace/loading.lua:100]: Preload file at: file:///Users/florian/.dotfiles/.config/nvim/mason/packages/lua-language-server/libexec/script/core/hover/args.lua , size = 2.157 KB
[20:16:37.538][info] [#0:script/workspace/loading.lua:100]: Preload file at: file:///Users/florian/.dotfiles/.config/nvim/mason/packages/lua-language-server/libexec/script/core/formatting.lua , size = 0.728 KB
[20:16:37.538][info] [#0:script/workspace/loading.lua:100]: Preload file at: file:///Users/florian/.dotfiles/.config/nvim/mason/packages/lua-language-server/libexec/script/core/folding.lua , size = 5.489 KB
[20:16:37.539][info] [#0:script/workspace/loading.lua:100]: Preload file at: file:///Users/florian/.dotfiles/.config/nvim/mason/packages/lua-language-server/libexec/script/core/type-definition.lua , size = 4.407 KB
[20:16:37.540][info] [#0:script/workspace/loading.lua:100]: Preload file at: file:///Users/florian/.dotfiles/.config/nvim/mason/packages/lua-language-server/libexec/script/core/substring.lua , size = 0.328 KB
[20:16:37.540][info] [#0:script/workspace/loading.lua:100]: Preload file at: file:///Users/florian/.dotfiles/.config/nvim/mason/packages/lua-language-server/libexec/script/core/rename.lua , size = 13.200 KB
[20:16:37.543][info] [#0:script/workspace/loading.lua:100]: Preload file at: file:///Users/florian/.dotfiles/.config/nvim/mason/packages/lua-language-server/libexec/script/core/code-action.lua , size = 22.439 KB
[20:16:37.546][info] [#0:script/workspace/loading.lua:100]: Preload file at: file:///Users/florian/.dotfiles/.config/nvim/mason/packages/lua-language-server/libexec/script/core/completion/init.lua , size = 0.043 KB
[20:16:37.547][info] [#0:script/workspace/loading.lua:100]: Preload file at: file:///Users/florian/.dotfiles/.config/nvim/mason/packages/lua-language-server/libexec/script/core/completion/auto-require.lua , size = 5.439 KB
[20:16:37.548][info] [#0:script/workspace/loading.lua:100]: Preload file at: file:///Users/florian/.dotfiles/.config/nvim/mason/packages/lua-language-server/libexec/script/core/completion/postfix.lua , size = 12.881 KB
[20:16:37.550][info] [#0:script/workspace/loading.lua:100]: Preload file at: file:///Users/florian/.dotfiles/.config/nvim/mason/packages/lua-language-server/libexec/script/core/completion/keyword.lua , size = 12.557 KB
[20:16:37.552][info] [#0:script/workspace/loading.lua:100]: Preload file at: file:///Users/florian/.dotfiles/.config/nvim/mason/packages/lua-language-server/libexec/script/core/highlight.lua , size = 11.434 KB
[20:16:37.554][info] [#0:script/workspace/loading.lua:100]: Preload file at: file:///Users/florian/.dotfiles/.config/nvim/mason/packages/lua-language-server/libexec/script/core/reference.lua , size = 4.148 KB
[20:16:37.554][info] [#0:script/workspace/loading.lua:100]: Preload file at: file:///Users/florian/.dotfiles/.config/nvim/mason/packages/lua-language-server/libexec/script/core/completion/completion.lua , size = 77.020 KB
[20:16:37.569][info] [#0:script/workspace/loading.lua:100]: Preload file at: file:///Users/florian/.dotfiles/.config/nvim/mason/packages/lua-language-server/libexec/script/core/definition.lua , size = 6.088 KB
[20:16:37.570][info] [#0:script/workspace/loading.lua:100]: Preload file at: file:///Users/florian/.dotfiles/.config/nvim/mason/packages/lua-language-server/libexec/script/core/look-backward.lua , size = 2.277 KB
[20:16:37.571][info] [#0:script/workspace/loading.lua:100]: Preload file at: file:///Users/florian/.dotfiles/.config/nvim/mason/packages/lua-language-server/libexec/script/core/code-lens.lua , size = 3.799 KB
[20:16:37.572][info] [#0:script/workspace/loading.lua:100]: Preload file at: file:///Users/florian/.dotfiles/.config/nvim/mason/packages/lua-language-server/libexec/script/core/rangeformatting.lua , size = 0.877 KB
[20:16:37.572][info] [#0:script/workspace/loading.lua:100]: Preload file at: file:///Users/florian/.dotfiles/.config/nvim/mason/packages/lua-language-server/libexec/script/core/hint.lua , size = 9.232 KB
[20:16:37.574][info] [#0:script/workspace/loading.lua:100]: Preload file at: file:///Users/florian/.dotfiles/.config/nvim/mason/packages/lua-language-server/libexec/script/core/color.lua , size = 2.358 KB
[20:16:37.575][info] [#0:script/workspace/loading.lua:100]: Preload file at: file:///Users/florian/.dotfiles/.config/nvim/mason/packages/lua-language-server/libexec/script/core/find-source.lua , size = 0.854 KB
[20:16:37.575][info] [#0:script/workspace/loading.lua:100]: Preload file at: file:///Users/florian/.dotfiles/.config/nvim/mason/packages/lua-language-server/libexec/script/core/diagnostics/different-requires.lua , size = 1.607 KB
[20:16:37.575][info] [#0:script/workspace/loading.lua:100]: Preload file at: file:///Users/florian/.dotfiles/.config/nvim/mason/packages/lua-language-server/libexec/script/core/diagnostics/unnecessary-assert.lua , size = 0.861 KB
[20:16:37.576][info] [#0:script/workspace/loading.lua:100]: Preload file at: file:///Users/florian/.dotfiles/.config/nvim/mason/packages/lua-language-server/libexec/script/core/diagnostics/code-after-break.lua , size = 1.039 KB
[20:16:37.576][info] [#0:script/workspace/loading.lua:100]: Preload file at: file:///Users/florian/.dotfiles/.config/nvim/mason/packages/lua-language-server/libexec/script/core/diagnostics/param-type-mismatch.lua , size = 3.476 KB
[20:16:37.577][info] [#0:script/workspace/loading.lua:100]: Preload file at: file:///Users/florian/.dotfiles/.config/nvim/mason/packages/lua-language-server/libexec/script/core/diagnostics/redundant-parameter.lua , size = 2.292 KB
[20:16:37.577][info] [#0:script/workspace/loading.lua:100]: Preload file at: file:///Users/florian/.dotfiles/.config/nvim/mason/packages/lua-language-server/libexec/script/core/diagnostics/global-in-nil-env.lua , size = 1.027 KB
[20:16:37.578][info] [#0:script/workspace/loading.lua:100]: Preload file at: file:///Users/florian/.dotfiles/.config/nvim/mason/packages/lua-language-server/libexec/script/core/diagnostics/init.lua , size = 5.447 KB
[20:16:37.579][info] [#0:script/workspace/loading.lua:100]: Preload file at: file:///Users/florian/.dotfiles/.config/nvim/mason/packages/lua-language-server/libexec/script/core/diagnostics/await-in-sync.lua , size = 0.789 KB
[20:16:37.579][info] [#0:script/workspace/loading.lua:100]: Preload file at: file:///Users/florian/.dotfiles/.config/nvim/mason/packages/lua-language-server/libexec/script/core/diagnostics/duplicate-doc-param.lua , size = 0.947 KB
[20:16:37.579][info] [#0:script/workspace/loading.lua:100]: Preload file at: file:///Users/florian/.dotfiles/.config/nvim/mason/packages/lua-language-server/libexec/script/core/diagnostics/redundant-value.lua , size = 0.749 KB
[20:16:37.580][info] [#0:script/workspace/loading.lua:100]: Preload file at: file:///Users/florian/.dotfiles/.config/nvim/mason/packages/lua-language-server/libexec/script/core/diagnostics/undefined-doc-param.lua , size = 0.568 KB
[20:16:37.580][info] [#0:script/workspace/loading.lua:100]: Preload file at: file:///Users/florian/.dotfiles/.config/nvim/mason/packages/lua-language-server/libexec/script/core/diagnostics/undefined-global.lua , size = 1.020 KB
[20:16:37.580][info] [#0:script/workspace/loading.lua:100]: Preload file at: file:///Users/florian/.dotfiles/.config/nvim/mason/packages/lua-language-server/libexec/script/core/diagnostics/global-element.lua , size = 2.166 KB
[20:16:37.581][info] [#0:script/workspace/loading.lua:100]: Preload file at: file:///Users/florian/.dotfiles/.config/nvim/mason/packages/lua-language-server/libexec/script/core/diagnostics/redundant-return.lua , size = 0.764 KB
[20:16:37.581][info] [#0:script/workspace/loading.lua:100]: Preload file at: file:///Users/florian/.dotfiles/.config/nvim/mason/packages/lua-language-server/libexec/script/core/diagnostics/not-yieldable.lua , size = 1.795 KB
[20:16:37.581][info] [#0:script/workspace/loading.lua:100]: Preload file at: file:///Users/florian/.dotfiles/.config/nvim/mason/packages/lua-language-server/libexec/script/core/diagnostics/codestyle-check.lua , size = 1.024 KB
[20:16:37.582][info] [#0:script/workspace/loading.lua:100]: Preload file at: file:///Users/florian/.dotfiles/.config/nvim/mason/packages/lua-language-server/libexec/script/core/diagnostics/name-style-check.lua , size = 0.929 KB
[20:16:37.582][info] [#0:script/workspace/loading.lua:100]: Preload file at: file:///Users/florian/.dotfiles/.config/nvim/mason/packages/lua-language-server/libexec/script/core/diagnostics/duplicate-doc-field.lua , size = 2.412 KB
[20:16:37.582][info] [#0:script/workspace/loading.lua:100]: Preload file at: file:///Users/florian/.dotfiles/.config/nvim/mason/packages/lua-language-server/libexec/script/core/diagnostics/redundant-return-value.lua , size = 1.874 KB
[20:16:37.583][info] [#0:script/workspace/loading.lua:100]: Preload file at: file:///Users/florian/.dotfiles/.config/nvim/mason/packages/lua-language-server/libexec/script/core/diagnostics/doc-field-no-class.lua , size = 0.947 KB
[20:16:37.584][info] [#0:script/workspace/loading.lua:100]: Preload file at: file:///Users/florian/.dotfiles/.config/nvim/mason/packages/lua-language-server/libexec/script/core/diagnostics/missing-global-doc.lua , size = 0.680 KB
[20:16:37.584][info] [#0:script/workspace/loading.lua:100]: Preload file at: file:///Users/florian/.dotfiles/.config/nvim/mason/packages/lua-language-server/libexec/script/core/diagnostics/no-unknown.lua , size = 0.774 KB
[20:16:37.584][info] [#0:script/workspace/loading.lua:100]: Preload file at: file:///Users/florian/.dotfiles/.config/nvim/mason/packages/lua-language-server/libexec/script/core/diagnostics/undefined-doc-class.lua , size = 1.454 KB
[20:16:37.585][info] [#0:script/workspace/loading.lua:100]: Preload file at: file:///Users/florian/.dotfiles/.config/nvim/mason/packages/lua-language-server/libexec/script/core/diagnostics/undefined-field.lua , size = 2.518 KB
[20:16:37.585][info] [#0:script/workspace/loading.lua:100]: Preload file at: file:///Users/florian/.dotfiles/.config/nvim/mason/packages/lua-language-server/libexec/script/core/diagnostics/circle-doc-class.lua , size = 1.886 KB
[20:16:37.586][info] [#0:script/workspace/loading.lua:100]: Preload file at: file:///Users/florian/.dotfiles/.config/nvim/mason/packages/lua-language-server/libexec/script/core/diagnostics/duplicate-index.lua , size = 2.159 KB
[20:16:37.586][info] [#0:script/workspace/loading.lua:100]: Preload file at: file:///Users/florian/.dotfiles/.config/nvim/mason/packages/lua-language-server/libexec/script/core/diagnostics/trailing-space.lua , size = 1.693 KB
[20:16:37.587][info] [#0:script/workspace/loading.lua:100]: Preload file at: file:///Users/florian/.dotfiles/.config/nvim/mason/packages/lua-language-server/libexec/script/core/diagnostics/unknown-diag-code.lua , size = 0.884 KB
[20:16:37.587][info] [#0:script/workspace/loading.lua:100]: Preload file at: file:///Users/florian/.dotfiles/.config/nvim/mason/packages/lua-language-server/libexec/script/core/diagnostics/cast-type-mismatch.lua , size = 1.638 KB
[20:16:37.587][info] [#0:script/workspace/loading.lua:100]: Preload file at: file:///Users/florian/.dotfiles/.config/nvim/mason/packages/lua-language-server/libexec/script/core/diagnostics/ambiguity-1.lua , size = 2.264 KB
[20:16:37.588][info] [#0:script/workspace/loading.lua:100]: Preload file at: file:///Users/florian/.dotfiles/.config/nvim/mason/packages/lua-language-server/libexec/script/core/diagnostics/lowercase-global.lua , size = 2.237 KB
[20:16:37.588][info] [#0:script/workspace/loading.lua:100]: Preload file at: file:///Users/florian/.dotfiles/.config/nvim/mason/packages/lua-language-server/libexec/script/core/diagnostics/newfield-call.lua , size = 1.481 KB
[20:16:37.589][info] [#0:script/workspace/loading.lua:100]: Preload file at: file:///Users/florian/.dotfiles/.config/nvim/mason/packages/lua-language-server/libexec/script/core/diagnostics/unused-label.lua , size = 0.609 KB
[20:16:37.589][info] [#0:script/workspace/loading.lua:100]: Preload file at: file:///Users/florian/.dotfiles/.config/nvim/mason/packages/lua-language-server/libexec/script/core/diagnostics/missing-fields.lua , size = 4.226 KB
[20:16:37.590][info] [#0:script/workspace/loading.lua:100]: Preload file at: file:///Users/florian/.dotfiles/.config/nvim/mason/packages/lua-language-server/libexec/script/core/diagnostics/empty-block.lua , size = 1.475 KB
[20:16:37.590][info] [#0:script/workspace/loading.lua:100]: Preload file at: file:///Users/florian/.dotfiles/.config/nvim/mason/packages/lua-language-server/libexec/script/core/diagnostics/duplicate-set-field.lua , size = 2.490 KB
[20:16:37.591][info] [#0:script/workspace/loading.lua:100]: Preload file at: file:///Users/florian/.dotfiles/.config/nvim/mason/packages/lua-language-server/libexec/script/core/diagnostics/missing-return.lua , size = 1.897 KB
[20:16:37.591][info] [#0:script/workspace/loading.lua:100]: Preload file at: file:///Users/florian/.dotfiles/.config/nvim/mason/packages/lua-language-server/libexec/script/core/diagnostics/unused-vararg.lua , size = 0.982 KB
[20:16:37.591][info] [#0:script/workspace/loading.lua:100]: Preload file at: file:///Users/florian/.dotfiles/.config/nvim/mason/packages/lua-language-server/libexec/script/core/diagnostics/need-check-nil.lua , size = 1.363 KB
[20:16:37.592][info] [#0:script/workspace/loading.lua:100]: Preload file at: file:///Users/florian/.dotfiles/.config/nvim/mason/packages/lua-language-server/libexec/script/core/diagnostics/duplicate-doc-alias.lua , size = 1.728 KB
[20:16:37.592][info] [#0:script/workspace/loading.lua:100]: Preload file at: file:///Users/florian/.dotfiles/.config/nvim/mason/packages/lua-language-server/libexec/script/core/diagnostics/unused-local.lua , size = 3.213 KB
[20:16:37.593][info] [#0:script/workspace/loading.lua:100]: Preload file at: file:///Users/florian/.dotfiles/.config/nvim/mason/packages/lua-language-server/libexec/script/core/diagnostics/return-type-mismatch.lua , size = 2.843 KB
[20:16:37.594][info] [#0:script/workspace/loading.lua:100]: Preload file at: file:///Users/florian/.dotfiles/.config/nvim/mason/packages/lua-language-server/libexec/script/core/diagnostics/spell-check.lua , size = 0.915 KB
[20:16:37.594][info] [#0:script/workspace/loading.lua:100]: Preload file at: file:///Users/florian/.dotfiles/.config/nvim/mason/packages/lua-language-server/libexec/script/core/diagnostics/unused-function.lua , size = 3.269 KB
[20:16:37.594][info] [#0:script/workspace/loading.lua:100]: Preload file at: file:///Users/florian/.dotfiles/.config/nvim/mason/packages/lua-language-server/libexec/script/core/diagnostics/inject-field.lua , size = 4.168 KB
[20:16:37.595][info] [#0:script/workspace/loading.lua:100]: Preload file at: file:///Users/florian/.dotfiles/.config/nvim/mason/packages/lua-language-server/libexec/script/core/diagnostics/invisible.lua , size = 2.340 KB
[20:16:37.596][info] [#0:script/workspace/loading.lua:100]: Preload file at: file:///Users/florian/.dotfiles/.config/nvim/mason/packages/lua-language-server/libexec/script/core/diagnostics/incomplete-signature-doc.lua , size = 2.874 KB
[20:16:37.596][info] [#0:script/workspace/loading.lua:100]: Preload file at: file:///Users/florian/.dotfiles/.config/nvim/mason/packages/lua-language-server/libexec/script/core/diagnostics/newline-call.lua , size = 1.483 KB
[20:16:37.597][info] [#0:script/workspace/loading.lua:100]: Preload file at: file:///Users/florian/.dotfiles/.config/nvim/mason/packages/lua-language-server/libexec/script/core/diagnostics/unknown-operator.lua , size = 0.873 KB
[20:16:37.597][info] [#0:script/workspace/loading.lua:100]: Preload file at: file:///Users/florian/.dotfiles/.config/nvim/mason/packages/lua-language-server/libexec/script/core/diagnostics/close-non-object.lua , size = 1.137 KB
[20:16:37.597][info] [#0:script/workspace/loading.lua:100]: Preload file at: file:///Users/florian/.dotfiles/.config/nvim/mason/packages/lua-language-server/libexec/script/core/diagnostics/unbalanced-assignments.lua , size = 1.097 KB
[20:16:37.597][info] [#0:script/workspace/loading.lua:100]: Preload file at: file:///Users/florian/.dotfiles/.config/nvim/mason/packages/lua-language-server/libexec/script/core/diagnostics/undefined-env-child.lua , size = 1.048 KB
[20:16:37.598][info] [#0:script/workspace/loading.lua:100]: Preload file at: file:///Users/florian/.dotfiles/.config/nvim/mason/packages/lua-language-server/libexec/script/core/diagnostics/missing-return-value.lua , size = 1.529 KB
[20:16:37.598][info] [#0:script/workspace/loading.lua:100]: Preload file at: file:///Users/florian/.dotfiles/.config/nvim/mason/packages/lua-language-server/libexec/script/core/diagnostics/unknown-cast-variable.lua , size = 0.782 KB
[20:16:37.598][info] [#0:script/workspace/loading.lua:100]: Preload file at: file:///Users/florian/.dotfiles/.config/nvim/mason/packages/lua-language-server/libexec/script/core/diagnostics/cast-local-type.lua , size = 1.679 KB
[20:16:37.599][info] [#0:script/workspace/loading.lua:100]: Preload file at: file:///Users/florian/.dotfiles/.config/nvim/mason/packages/lua-language-server/libexec/script/core/diagnostics/assign-type-mismatch.lua , size = 3.090 KB
[20:16:37.599][info] [#0:script/workspace/loading.lua:100]: Preload file at: file:///Users/florian/.dotfiles/.config/nvim/mason/packages/lua-language-server/libexec/script/core/diagnostics/redefined-local.lua , size = 0.971 KB
[20:16:37.600][info] [#0:script/workspace/loading.lua:100]: Preload file at: file:///Users/florian/.dotfiles/.config/nvim/mason/packages/lua-language-server/libexec/script/core/diagnostics/discard-returns.lua , size = 0.780 KB
[20:16:37.600][info] [#0:script/workspace/loading.lua:100]: Preload file at: file:///Users/florian/.dotfiles/.config/nvim/mason/packages/lua-language-server/libexec/script/core/diagnostics/helper/missing-doc-helper.lua , size = 2.113 KB
[20:16:37.600][info] [#0:script/workspace/loading.lua:100]: Preload file at: file:///Users/florian/.dotfiles/.config/nvim/mason/packages/lua-language-server/libexec/script/core/diagnostics/unreachable-code.lua , size = 2.241 KB
[20:16:37.601][info] [#0:script/workspace/loading.lua:100]: Preload file at: file:///Users/florian/.dotfiles/.config/nvim/mason/packages/lua-language-server/libexec/script/core/diagnostics/undefined-doc-name.lua , size = 0.930 KB
[20:16:37.601][info] [#0:script/workspace/loading.lua:100]: Preload file at: file:///Users/florian/.dotfiles/.config/nvim/mason/packages/lua-language-server/libexec/script/core/diagnostics/count-down-loop.lua , size = 1.781 KB
[20:16:37.602][info] [#0:script/workspace/loading.lua:100]: Preload file at: file:///Users/florian/.dotfiles/.config/nvim/mason/packages/lua-language-server/libexec/script/core/diagnostics/missing-local-export-doc.lua , size = 1.418 KB
[20:16:37.602][info] [#0:script/workspace/loading.lua:100]: Preload file at: file:///Users/florian/.dotfiles/.config/nvim/mason/packages/lua-language-server/libexec/script/core/diagnostics/deprecated.lua , size = 2.369 KB
[20:16:37.602][info] [#0:script/workspace/loading.lua:100]: Preload file at: file:///Users/florian/.dotfiles/.config/nvim/mason/packages/lua-language-server/libexec/script/core/diagnostics/missing-parameter.lua , size = 0.788 KB
[20:16:37.603][info] [#0:script/workspace/loading.lua:100]: Preload file at: file:///Users/florian/.dotfiles/.config/nvim/mason/packages/lua-language-server/libexec/script/core/view/psi-select.lua , size = 0.341 KB
[20:16:37.603][info] [#0:script/workspace/loading.lua:100]: Preload file at: file:///Users/florian/.dotfiles/.config/nvim/mason/packages/lua-language-server/libexec/script/core/view/psi-view.lua , size = 2.613 KB
[20:16:37.604][info] [#0:script/workspace/loading.lua:100]: Preload file at: file:///Users/florian/.dotfiles/.config/nvim/mason/packages/lua-language-server/libexec/script/core/modifyRequirePath.lua , size = 2.059 KB
[20:16:37.604][info] [#0:script/workspace/loading.lua:100]: Preload file at: file:///Users/florian/.dotfiles/.config/nvim/mason/packages/lua-language-server/libexec/script/core/jump-source.lua , size = 1.957 KB
[20:16:37.605][info] [#0:script/workspace/loading.lua:100]: Preload file at: file:///Users/florian/.dotfiles/.config/nvim/mason/packages/lua-language-server/libexec/script/core/implementation.lua , size = 4.192 KB
[20:16:37.605][info] [#0:script/workspace/loading.lua:100]: Preload file at: file:///Users/florian/.dotfiles/.config/nvim/mason/packages/lua-language-server/libexec/script/core/command/autoRequire.lua , size = 4.282 KB
[20:16:37.606][info] [#0:script/workspace/loading.lua:100]: Preload file at: file:///Users/florian/.dotfiles/.config/nvim/mason/packages/lua-language-server/libexec/script/core/command/jsonToLua.lua , size = 1.732 KB
[20:16:37.607][info] [#0:script/workspace/loading.lua:100]: Preload file at: file:///Users/florian/.dotfiles/.config/nvim/mason/packages/lua-language-server/libexec/script/core/command/solve.lua , size = 2.582 KB
[20:16:37.607][info] [#0:script/workspace/loading.lua:100]: Preload file at: file:///Users/florian/.dotfiles/.config/nvim/mason/packages/lua-language-server/libexec/script/core/command/removeSpace.lua , size = 1.711 KB
[20:16:37.608][info] [#0:script/workspace/loading.lua:100]: Preload file at: file:///Users/florian/.dotfiles/.config/nvim/mason/packages/lua-language-server/libexec/script/core/command/exportDocument.lua , size = 0.528 KB
[20:16:37.608][info] [#0:script/workspace/loading.lua:100]: Preload file at: file:///Users/florian/.dotfiles/.config/nvim/mason/packages/lua-language-server/libexec/script/core/command/setConfig.lua , size = 0.229 KB
[20:16:37.608][info] [#0:script/workspace/loading.lua:100]: Preload file at: file:///Users/florian/.dotfiles/.config/nvim/mason/packages/lua-language-server/libexec/script/core/command/getConfig.lua , size = 0.281 KB
[20:16:37.608][info] [#0:script/workspace/loading.lua:100]: Preload file at: file:///Users/florian/.dotfiles/.config/nvim/mason/packages/lua-language-server/libexec/script/core/command/reloadFFIMeta.lua , size = 1.424 KB
[20:16:37.609][info] [#0:script/workspace/loading.lua:100]: Preload file at: file:///Users/florian/.dotfiles/.config/nvim/mason/packages/lua-language-server/libexec/script/core/workspace-symbol.lua , size = 4.524 KB
[20:16:37.610][info] [#0:script/workspace/loading.lua:100]: Preload file at: file:///Users/florian/.dotfiles/.config/nvim/mason/packages/lua-language-server/libexec/script/core/document-symbol.lua , size = 13.650 KB
[20:16:37.613][info] [#0:script/workspace/loading.lua:100]: Preload file at: file:///Users/florian/.dotfiles/.config/nvim/mason/packages/lua-language-server/libexec/script/core/signature.lua , size = 6.683 KB
[20:16:37.614][info] [#0:script/workspace/loading.lua:100]: Preload file at: file:///Users/florian/.dotfiles/.config/nvim/mason/packages/lua-language-server/libexec/script/core/semantic-tokens.lua , size = 30.491 KB
[20:16:37.619][info] [#0:script/workspace/loading.lua:100]: Preload file at: file:///Users/florian/.dotfiles/.config/nvim/mason/packages/lua-language-server/libexec/script/proto/diagnostic.lua , size = 6.046 KB
[20:16:37.620][info] [#0:script/workspace/loading.lua:100]: Preload file at: file:///Users/florian/.dotfiles/.config/nvim/mason/packages/lua-language-server/libexec/script/proto/init.lua , size = 0.051 KB
[20:16:37.621][info] [#0:script/workspace/loading.lua:100]: Preload file at: file:///Users/florian/.dotfiles/.config/nvim/mason/packages/lua-language-server/libexec/script/proto/proto.lua , size = 7.406 KB
[20:16:37.622][info] [#0:script/workspace/loading.lua:100]: Preload file at: file:///Users/florian/.dotfiles/.config/nvim/mason/packages/lua-language-server/libexec/script/proto/converter.lua , size = 6.004 KB
[20:16:37.624][info] [#0:script/workspace/loading.lua:100]: Preload file at: file:///Users/florian/.dotfiles/.config/nvim/mason/packages/lua-language-server/libexec/script/proto/define.lua , size = 4.137 KB
[20:16:37.625][info] [#0:script/workspace/loading.lua:100]: Preload file at: file:///Users/florian/.dotfiles/.config/nvim/mason/packages/lua-language-server/libexec/script/json.lua , size = 14.861 KB
[20:16:37.628][info] [#0:script/workspace/loading.lua:100]: Preload file at: file:///Users/florian/.dotfiles/.config/nvim/mason/packages/lua-language-server/libexec/script/lazy-cacher.lua , size = 4.464 KB
[20:16:37.629][info] [#0:script/workspace/loading.lua:100]: Preload file at: file:///Users/florian/.dotfiles/.config/nvim/mason/packages/lua-language-server/libexec/script/text-merger.lua , size = 3.001 KB
[20:16:37.630][info] [#0:script/workspace/loading.lua:100]: Preload file at: file:///Users/florian/.dotfiles/.config/nvim/mason/packages/lua-language-server/libexec/script/config/loader.lua , size = 3.535 KB
[20:16:37.631][info] [#0:script/workspace/loading.lua:100]: Preload file at: file:///Users/florian/.dotfiles/.config/nvim/mason/packages/lua-language-server/libexec/script/utility.lua , size = 24.061 KB
[20:16:37.637][info] [#0:script/workspace/loading.lua:100]: Preload file at: file:///Users/florian/.dotfiles/.config/nvim/mason/packages/lua-language-server/libexec/script/config/init.lua , size = 0.053 KB
[20:16:37.637][info] [#0:script/workspace/loading.lua:100]: Preload file at: file:///Users/florian/.dotfiles/.config/nvim/mason/packages/lua-language-server/libexec/script/config/env.lua , size = 1.405 KB
[20:16:37.638][info] [#0:script/workspace/loading.lua:100]: Preload file at: file:///Users/florian/.dotfiles/.config/nvim/mason/packages/lua-language-server/libexec/script/config/config.lua , size = 6.676 KB
[20:16:37.640][info] [#0:script/workspace/loading.lua:100]: Preload file at: file:///Users/florian/.dotfiles/.config/nvim/mason/packages/lua-language-server/libexec/script/plugins/init.lua , size = 0.021 KB
[20:16:37.640][info] [#0:script/workspace/loading.lua:100]: Preload file at: file:///Users/florian/.dotfiles/.config/nvim/mason/packages/lua-language-server/libexec/script/config/template.lua , size = 20.100 KB
[20:16:37.642][info] [#0:script/workspace/loading.lua:100]: Preload file at: file:///Users/florian/.dotfiles/.config/nvim/mason/packages/lua-language-server/libexec/script/plugins/ffi/init.lua , size = 10.152 KB
[20:16:37.645][info] [#0:script/workspace/loading.lua:100]: Preload file at: file:///Users/florian/.dotfiles/.config/nvim/mason/packages/lua-language-server/libexec/script/plugins/nodeHelper.lua , size = 1.880 KB
[20:16:37.645][info] [#0:script/workspace/loading.lua:100]: Preload file at: file:///Users/florian/.dotfiles/.config/nvim/mason/packages/lua-language-server/libexec/script/plugins/ffi/searchCode.lua , size = 1.740 KB
[20:16:37.646][info] [#0:script/workspace/loading.lua:100]: Preload file at: file:///Users/florian/.dotfiles/.config/nvim/mason/packages/lua-language-server/libexec/script/plugins/ffi/cdefRerence.lua , size = 1.023 KB
[20:16:37.646][info] [#0:script/workspace/loading.lua:100]: Preload file at: file:///Users/florian/.dotfiles/.config/nvim/mason/packages/lua-language-server/libexec/script/plugins/ffi/c-parser/cdriver.lua , size = 1.504 KB
[20:16:37.646][info] [#0:script/workspace/loading.lua:100]: Preload file at: file:///Users/florian/.dotfiles/.config/nvim/mason/packages/lua-language-server/libexec/script/plugins/ffi/c-parser/cdefines.lua , size = 4.068 KB
[20:16:37.647][info] [#0:script/workspace/loading.lua:100]: Preload file at: file:///Users/florian/.dotfiles/.config/nvim/mason/packages/lua-language-server/libexec/script/plugins/ffi/c-parser/cpp.lua , size = 27.731 KB
[20:16:37.653][info] [#0:script/workspace/loading.lua:100]: Preload file at: file:///Users/florian/.dotfiles/.config/nvim/mason/packages/lua-language-server/libexec/script/plugins/ffi/c-parser/c99.lua , size = 25.434 KB
[20:16:37.655][info] [#0:script/workspace/loading.lua:100]: Preload file at: file:///Users/florian/.dotfiles/.config/nvim/mason/packages/lua-language-server/libexec/script/plugins/ffi/c-parser/typed.lua , size = 4.115 KB
[20:16:37.656][info] [#0:script/workspace/loading.lua:100]: Preload file at: file:///Users/florian/.dotfiles/.config/nvim/mason/packages/lua-language-server/libexec/script/plugins/ffi/c-parser/util.lua , size = 0.475 KB
[20:16:37.656][info] [#0:script/workspace/loading.lua:100]: Preload file at: file:///Users/florian/.dotfiles/.config/nvim/mason/packages/lua-language-server/libexec/script/plugins/ffi/c-parser/ctypes.lua , size = 16.584 KB
[20:16:37.659][info] [#0:script/workspace/loading.lua:100]: Preload file at: file:///Users/florian/.dotfiles/.config/nvim/mason/packages/lua-language-server/libexec/script/filewatch.lua , size = 3.133 KB
[20:16:37.660][info] [#0:script/workspace/loading.lua:100]: Preload file at: file:///Users/florian/.dotfiles/.config/nvim/mason/packages/lua-language-server/libexec/script/plugins/astHelper.lua , size = 2.646 KB
[20:16:37.661][info] [#0:script/workspace/loading.lua:100]: Preload file at: file:///Users/florian/.dotfiles/.config/nvim/mason/packages/lua-language-server/libexec/script/encoder/init.lua , size = 3.137 KB
[20:16:37.662][info] [#0:script/workspace/loading.lua:100]: Preload file at: file:///Users/florian/.dotfiles/.config/nvim/mason/packages/lua-language-server/libexec/script/files.lua , size = 25.374 KB
[20:16:37.668][info] [#0:script/workspace/loading.lua:100]: Preload file at: file:///Users/florian/.dotfiles/.config/nvim/mason/packages/lua-language-server/libexec/script/encoder/utf16.lua , size = 4.196 KB
[20:16:37.669][info] [#0:script/workspace/loading.lua:100]: Preload file at: file:///Users/florian/.dotfiles/.config/nvim/mason/packages/lua-language-server/libexec/script/encoder/ansi.lua , size = 0.365 KB
[20:16:37.669][info] [#0:script/workspace/loading.lua:100]: Preload file at: file:///Users/florian/.dotfiles/.config/nvim/mason/packages/lua-language-server/libexec/script/plugin.lua , size = 5.141 KB
[20:16:37.670][info] [#0:script/workspace/loading.lua:100]: Preload file at: file:///Users/florian/.dotfiles/.config/nvim/mason/packages/lua-language-server/libexec/script/workspace/init.lua , size = 0.064 KB
[20:16:37.670][info] [#0:script/workspace/loading.lua:100]: Preload file at: file:///Users/florian/.dotfiles/.config/nvim/mason/packages/lua-language-server/libexec/script/workspace/scope.lua , size = 4.774 KB
[20:16:37.672][info] [#0:script/workspace/loading.lua:100]: Preload file at: file:///Users/florian/.dotfiles/.config/nvim/mason/packages/lua-language-server/libexec/script/workspace/require-path.lua , size = 9.975 KB
[20:16:37.674][info] [#0:script/workspace/loading.lua:100]: Preload file at: file:///Users/florian/.dotfiles/.config/nvim/mason/packages/lua-language-server/libexec/script/workspace/workspace.lua , size = 16.936 KB
[20:16:37.678][info] [#0:script/workspace/loading.lua:100]: Preload file at: file:///Users/florian/.dotfiles/.config/nvim/mason/packages/lua-language-server/libexec/script/workspace/loading.lua , size = 6.464 KB
[20:16:37.680][info] [#0:script/workspace/loading.lua:100]: Preload file at: file:///Users/florian/.dotfiles/.config/nvim/mason/packages/lua-language-server/libexec/script/tracy.lua , size = 0.655 KB
[20:16:37.680][info] [#0:script/workspace/loading.lua:100]: Preload file at: file:///Users/florian/.dotfiles/.config/nvim/mason/packages/lua-language-server/libexec/script/linked-table.lua , size = 4.326 KB
[20:16:37.682][info] [#0:script/workspace/loading.lua:100]: Preload file at: file:///Users/florian/.dotfiles/.config/nvim/mason/packages/lua-language-server/libexec/script/library.lua , size = 20.034 KB
[20:16:37.686][info] [#0:script/workspace/loading.lua:100]: Preload file at: file:///Users/florian/.dotfiles/.config/nvim/mason/packages/lua-language-server/libexec/script/global.d.lua , size = 2.529 KB
[20:16:37.686][info] [#0:script/workspace/loading.lua:100]: Preload file at: file:///Users/florian/.dotfiles/.config/nvim/mason/packages/lua-language-server/libexec/script/gc.lua , size = 2.936 KB
[20:16:37.687][info] [#0:script/workspace/loading.lua:100]: Preload file at: file:///Users/florian/.dotfiles/.config/nvim/mason/packages/lua-language-server/libexec/script/provider/markdown.lua , size = 4.229 KB
[20:16:37.688][info] [#0:script/workspace/loading.lua:100]: Preload file at: file:///Users/florian/.dotfiles/.config/nvim/mason/packages/lua-language-server/libexec/script/provider/diagnostic.lua , size = 18.749 KB
[20:16:37.692][info] [#0:script/workspace/loading.lua:100]: Preload file at: file:///Users/florian/.dotfiles/.config/nvim/mason/packages/lua-language-server/libexec/script/provider/init.lua , size = 0.063 KB
[20:16:37.692][info] [#0:script/workspace/loading.lua:100]: Preload file at: file:///Users/florian/.dotfiles/.config/nvim/mason/packages/lua-language-server/libexec/script/doctor.lua , size = 17.165 KB
[20:16:37.696][info] [#0:script/workspace/loading.lua:100]: Preload file at: file:///Users/florian/.dotfiles/.config/nvim/mason/packages/lua-language-server/libexec/script/provider/formatting.lua , size = 2.604 KB
[20:16:37.696][info] [#0:script/workspace/loading.lua:100]: Preload file at: file:///Users/florian/.dotfiles/.config/nvim/mason/packages/lua-language-server/libexec/script/provider/language-configuration.lua , size = 3.476 KB
[20:16:37.697][info] [#0:script/workspace/loading.lua:100]: Preload file at: file:///Users/florian/.dotfiles/.config/nvim/mason/packages/lua-language-server/libexec/script/provider/spell.lua , size = 1.290 KB
[20:16:37.697][info] [#0:script/workspace/loading.lua:100]: Preload file at: file:///Users/florian/.dotfiles/.config/nvim/mason/packages/lua-language-server/libexec/script/provider/inlay-hint.lua , size = 0.685 KB
[20:16:37.697][info] [#0:script/workspace/loading.lua:100]: Preload file at: file:///Users/florian/.dotfiles/.config/nvim/mason/packages/lua-language-server/libexec/script/provider/code-lens.lua , size = 0.684 KB
[20:16:37.698][info] [#0:script/workspace/loading.lua:100]: Preload file at: file:///Users/florian/.dotfiles/.config/nvim/mason/packages/lua-language-server/libexec/script/provider/capability.lua , size = 1.943 KB
[20:16:37.698][info] [#0:script/workspace/loading.lua:100]: Preload file at: file:///Users/florian/.dotfiles/.config/nvim/mason/packages/lua-language-server/libexec/script/provider/build-meta.lua , size = 4.304 KB
[20:16:37.699][info] [#0:script/workspace/loading.lua:100]: Preload file at: file:///Users/florian/.dotfiles/.config/nvim/mason/packages/lua-language-server/libexec/script/provider/completion.lua , size = 2.552 KB
[20:16:37.700][info] [#0:script/workspace/loading.lua:100]: Preload file at: file:///Users/florian/.dotfiles/.config/nvim/mason/packages/lua-language-server/libexec/script/provider/semantic-tokens.lua , size = 0.702 KB
[20:16:37.700][info] [#0:script/workspace/loading.lua:100]: Preload file at: file:///Users/florian/.dotfiles/.config/nvim/mason/packages/lua-language-server/libexec/script/provider/name-style.lua , size = 0.561 KB
[20:16:37.700][info] [#0:script/workspace/loading.lua:100]: Preload file at: file:///Users/florian/.dotfiles/.config/nvim/mason/packages/lua-language-server/libexec/script/provider/provider.lua , size = 50.729 KB
[20:16:37.709][info] [#0:script/workspace/loading.lua:100]: Preload file at: file:///Users/florian/.dotfiles/.config/nvim/mason/packages/lua-language-server/libexec/script/meta/bee/filewatch.lua , size = 0.509 KB
[20:16:37.710][info] [#0:script/workspace/loading.lua:100]: Preload file at: file:///Users/florian/.dotfiles/.config/nvim/mason/packages/lua-language-server/libexec/script/meta/bee/filesystem.lua , size = 1.916 KB
[20:16:37.711][info] [#0:script/workspace/loading.lua:100]: Preload file at: file:///Users/florian/.dotfiles/.config/nvim/mason/packages/lua-language-server/libexec/script/meta/bee/socket.lua , size = 1.332 KB
[20:16:37.711][info] [#0:script/workspace/loading.lua:100]: Preload file at: file:///Users/florian/.dotfiles/.config/nvim/mason/packages/lua-language-server/libexec/script/meta/bee/thread.lua , size = 0.598 KB
[20:16:37.711][info] [#0:script/workspace/loading.lua:100]: Preload file at: file:///Users/florian/.dotfiles/.config/nvim/mason/packages/lua-language-server/libexec/script/cli/check.lua , size = 3.581 KB
[20:16:37.712][info] [#0:script/workspace/loading.lua:100]: Preload file at: file:///Users/florian/.dotfiles/.config/nvim/mason/packages/lua-language-server/libexec/script/cli/init.lua , size = 0.592 KB
[20:16:37.713][info] [#0:script/workspace/loading.lua:100]: Preload file at: file:///Users/florian/.dotfiles/.config/nvim/mason/packages/lua-language-server/libexec/script/cli/visualize.lua , size = 2.457 KB
[20:16:37.713][info] [#0:script/workspace/loading.lua:100]: Preload file at: file:///Users/florian/.dotfiles/.config/nvim/mason/packages/lua-language-server/libexec/script/cli/version.lua , size = 0.061 KB
[20:16:37.713][info] [#0:script/workspace/loading.lua:100]: Preload file at: file:///Users/florian/.dotfiles/.config/nvim/mason/packages/lua-language-server/libexec/script/cli/check_worker.lua , size = 8.652 KB
[20:16:37.715][info] [#0:script/workspace/loading.lua:100]: Preload file at: file:///Users/florian/.dotfiles/.config/nvim/mason/packages/lua-language-server/libexec/script/cli/help.lua , size = 5.227 KB
[20:16:37.716][info] [#0:script/workspace/loading.lua:100]: Preload file at: file:///Users/florian/.dotfiles/.config/nvim/mason/packages/lua-language-server/libexec/script/cli/doc/init.lua , size = 8.425 KB
[20:16:37.718][info] [#0:script/workspace/loading.lua:100]: Preload file at: file:///Users/florian/.dotfiles/.config/nvim/mason/packages/lua-language-server/libexec/script/cli/doc/export.lua , size = 12.559 KB
[20:16:37.721][info] [#0:script/workspace/loading.lua:100]: Preload file at: file:///Users/florian/.dotfiles/.config/nvim/mason/packages/lua-language-server/libexec/script/brave/work.lua , size = 3.081 KB
[20:16:37.722][info] [#0:script/workspace/loading.lua:100]: Preload file at: file:///Users/florian/.dotfiles/.config/nvim/mason/packages/lua-language-server/libexec/script/brave/init.lua , size = 0.069 KB
[20:16:37.722][info] [#0:script/workspace/loading.lua:100]: Preload file at: file:///Users/florian/.dotfiles/.config/nvim/mason/packages/lua-language-server/libexec/script/inspect.lua , size = 8.271 KB
[20:16:37.724][info] [#0:script/workspace/loading.lua:100]: Preload file at: file:///Users/florian/.dotfiles/.config/nvim/mason/packages/lua-language-server/libexec/script/brave/log.lua , size = 1.054 KB
[20:16:37.724][info] [#0:script/workspace/loading.lua:100]: Preload file at: file:///Users/florian/.dotfiles/.config/nvim/mason/packages/lua-language-server/libexec/script/brave/brave.lua , size = 1.533 KB
[20:16:37.724][info] [#0:script/workspace/loading.lua:100]: Preload file at: file:///Users/florian/.dotfiles/.config/nvim/mason/packages/lua-language-server/libexec/script/parser/init.lua , size = 0.197 KB
[20:16:37.724][info] [#0:script/workspace/loading.lua:100]: Preload file at: file:///Users/florian/.dotfiles/.config/nvim/mason/packages/lua-language-server/libexec/script/parser/tokens.lua , size = 1.255 KB
[20:16:37.725][info] [#0:script/workspace/loading.lua:100]: Preload file at: file:///Users/florian/.dotfiles/.config/nvim/mason/packages/lua-language-server/libexec/script/parser/lines.lua , size = 0.516 KB
[20:16:37.725][info] [#0:script/workspace/loading.lua:100]: Preload file at: file:///Users/florian/.dotfiles/.config/nvim/mason/packages/lua-language-server/libexec/script/parser/guide.lua , size = 35.174 KB
[20:16:37.732][info] [#0:script/workspace/loading.lua:100]: Preload file at: file:///Users/florian/.dotfiles/.config/nvim/mason/packages/lua-language-server/libexec/script/parser/relabel.lua , size = 9.647 KB
[20:16:37.736][info] [#0:script/workspace/loading.lua:100]: Preload file at: file:///Users/florian/.dotfiles/.config/nvim/mason/packages/lua-language-server/libexec/script/parser/compile.lua , size = 110.182 KB
[20:16:37.756][info] [#0:script/workspace/loading.lua:100]: Preload file at: file:///Users/florian/.dotfiles/.config/nvim/mason/packages/lua-language-server/libexec/script/jsonc.lua , size = 10.552 KB
[20:16:37.758][info] [#0:script/workspace/loading.lua:100]: Preload file at: file:///Users/florian/.dotfiles/.config/nvim/mason/packages/lua-language-server/libexec/script/parser/luadoc.lua , size = 63.926 KB
[20:16:37.769][info] [#0:script/workspace/loading.lua:100]: Preload file at: file:///Users/florian/.dotfiles/.config/nvim/mason/packages/lua-language-server/libexec/script/timer.lua , size = 5.013 KB
[20:16:37.770][info] [#0:script/workspace/loading.lua:100]: Preload file at: file:///Users/florian/.dotfiles/.config/nvim/mason/packages/lua-language-server/libexec/script/vm/global.lua , size = 19.343 KB
[20:16:37.775][info] [#0:script/workspace/loading.lua:100]: Preload file at: file:///Users/florian/.dotfiles/.config/nvim/mason/packages/lua-language-server/libexec/script/vm/tracer.lua , size = 29.874 KB
[20:16:37.781][info] [#0:script/workspace/loading.lua:100]: Preload file at: file:///Users/florian/.dotfiles/.config/nvim/mason/packages/lua-language-server/libexec/script/vm/init.lua , size = 0.453 KB
[20:16:37.781][info] [#0:script/workspace/loading.lua:100]: Preload file at: file:///Users/florian/.dotfiles/.config/nvim/mason/packages/lua-language-server/libexec/script/vm/vm.lua , size = 2.757 KB
[20:16:37.782][info] [#0:script/workspace/loading.lua:100]: Preload file at: file:///Users/florian/.dotfiles/.config/nvim/mason/packages/lua-language-server/libexec/script/vm/variable.lua , size = 10.557 KB
[20:16:37.784][info] [#0:script/workspace/loading.lua:100]: Preload file at: file:///Users/florian/.dotfiles/.config/nvim/mason/packages/lua-language-server/libexec/script/vm/doc.lua , size = 13.879 KB
[20:16:37.787][info] [#0:script/workspace/loading.lua:100]: Preload file at: file:///Users/florian/.dotfiles/.config/nvim/mason/packages/lua-language-server/libexec/script/vm/type.lua , size = 28.945 KB
[20:16:37.793][info] [#0:script/workspace/loading.lua:100]: Preload file at: file:///Users/florian/.dotfiles/.config/nvim/mason/packages/lua-language-server/libexec/script/vm/visible.lua , size = 5.727 KB
[20:16:37.794][info] [#0:script/workspace/loading.lua:100]: Preload file at: file:///Users/florian/.dotfiles/.config/nvim/mason/packages/lua-language-server/libexec/script/vm/function.lua , size = 14.858 KB
[20:16:37.797][info] [#0:script/workspace/loading.lua:100]: Preload file at: file:///Users/florian/.dotfiles/.config/nvim/mason/packages/lua-language-server/libexec/script/vm/library.lua , size = 0.307 KB
[20:16:37.798][info] [#0:script/workspace/loading.lua:100]: Preload file at: file:///Users/florian/.dotfiles/.config/nvim/mason/packages/lua-language-server/libexec/script/vm/def.lua , size = 3.571 KB
[20:16:37.798][info] [#0:script/workspace/loading.lua:100]: Preload file at: file:///Users/florian/.dotfiles/.config/nvim/mason/packages/lua-language-server/libexec/script/vm/field.lua , size = 1.460 KB
[20:16:37.799][info] [#0:script/workspace/loading.lua:100]: Preload file at: file:///Users/florian/.dotfiles/.config/nvim/mason/packages/lua-language-server/libexec/script/vm/sign.lua , size = 11.414 KB
[20:16:37.801][info] [#0:script/workspace/loading.lua:100]: Preload file at: file:///Users/florian/.dotfiles/.config/nvim/mason/packages/lua-language-server/libexec/script/vm/value.lua , size = 5.620 KB
[20:16:37.802][info] [#0:script/workspace/loading.lua:100]: Preload file at: file:///Users/florian/.dotfiles/.config/nvim/mason/packages/lua-language-server/libexec/script/vm/node.lua , size = 13.608 KB
[20:16:37.806][info] [#0:script/workspace/loading.lua:100]: Preload file at: file:///Users/florian/.dotfiles/.config/nvim/mason/packages/lua-language-server/libexec/script/vm/operator.lua , size = 13.934 KB
[20:16:37.808][info] [#0:script/workspace/loading.lua:100]: Preload file at: file:///Users/florian/.dotfiles/.config/nvim/mason/packages/lua-language-server/libexec/script/vm/precompile.lua , size = 0.471 KB
[20:16:37.809][info] [#0:script/workspace/loading.lua:100]: Preload file at: file:///Users/florian/.dotfiles/.config/nvim/mason/packages/lua-language-server/libexec/script/vm/generic.lua , size = 4.938 KB
[20:16:37.810][info] [#0:script/workspace/loading.lua:100]: Preload file at: file:///Users/florian/.dotfiles/.config/nvim/mason/packages/lua-language-server/libexec/script/vm/infer.lua , size = 16.351 KB
[20:16:37.814][info] [#0:script/workspace/loading.lua:100]: Preload file at: file:///Users/florian/.dotfiles/.config/nvim/mason/packages/lua-language-server/libexec/script/vm/ref.lua , size = 8.909 KB
[20:16:37.816][info] [#0:script/workspace/loading.lua:100]: Preload file at: file:///Users/florian/.dotfiles/.config/nvim/mason/packages/lua-language-server/libexec/script/version.lua , size = 0.546 KB
[20:16:37.816][info] [#0:script/workspace/loading.lua:100]: Preload file at: file:///Users/florian/.dotfiles/.config/nvim/mason/packages/lua-language-server/libexec/script/lazytable.lua , size = 8.425 KB
[20:16:37.818][info] [#0:script/workspace/loading.lua:100]: Preload file at: file:///Users/florian/.dotfiles/.config/nvim/mason/packages/lua-language-server/libexec/script/language.lua , size = 3.602 KB
[20:16:37.819][info] [#0:script/workspace/loading.lua:100]: Preload file at: file:///Users/florian/.dotfiles/.config/nvim/mason/packages/lua-language-server/libexec/script/vm/compiler.lua , size = 74.850 KB
[20:16:37.832][info] [#0:script/workspace/loading.lua:100]: Preload file at: file:///Users/florian/.dotfiles/.config/nvim/mason/packages/lua-language-server/libexec/script/glob/init.lua , size = 0.083 KB
[20:16:37.832][info] [#0:script/workspace/loading.lua:100]: Preload file at: file:///Users/florian/.dotfiles/.config/nvim/mason/packages/lua-language-server/libexec/script/glob/glob.lua , size = 3.361 KB
[20:16:37.833][info] [#0:script/workspace/loading.lua:100]: Preload file at: file:///Users/florian/.dotfiles/.config/nvim/mason/packages/lua-language-server/libexec/script/glob/matcher.lua , size = 3.496 KB
[20:16:37.834][info] [#0:script/workspace/loading.lua:100]: Preload file at: file:///Users/florian/.dotfiles/.config/nvim/mason/packages/lua-language-server/libexec/script/glob/gitignore.lua , size = 6.645 KB
[20:16:37.836][info] [#0:script/workspace/loading.lua:100]: Preload file at: file:///Users/florian/.dotfiles/.config/nvim/mason/packages/lua-language-server/libexec/script/log.lua , size = 3.695 KB
[20:16:37.837][info] [#0:script/workspace/loading.lua:100]: Preload file at: file:///Users/florian/.dotfiles/.config/nvim/mason/packages/lua-language-server/libexec/script/pub/init.lua , size = 0.062 KB
[20:16:37.837][info] [#0:script/workspace/loading.lua:100]: Preload file at: file:///Users/florian/.dotfiles/.config/nvim/mason/packages/lua-language-server/libexec/script/fs-utility.lua , size = 16.334 KB
[20:16:37.841][info] [#0:script/workspace/loading.lua:100]: Preload file at: file:///Users/florian/.dotfiles/.config/nvim/mason/packages/lua-language-server/libexec/script/pub/pub.lua , size = 4.837 KB
[20:16:37.842][info] [#0:script/workspace/loading.lua:100]: Preload file at: file:///Users/florian/.dotfiles/.config/nvim/mason/packages/lua-language-server/libexec/script/pub/report.lua , size = 0.622 KB
[20:16:37.843][info] [#0:script/workspace/loading.lua:100]: Preload file at: file:///Users/florian/.dotfiles/.config/nvim/mason/packages/lua-language-server/libexec/script/service/init.lua , size = 0.057 KB
[20:16:37.843][info] [#0:script/workspace/loading.lua:100]: Preload file at: file:///Users/florian/.dotfiles/.config/nvim/mason/packages/lua-language-server/libexec/script/service/service.lua , size = 7.820 KB
[20:16:37.845][info] [#0:script/workspace/loading.lua:100]: Preload file at: file:///Users/florian/.dotfiles/.config/nvim/mason/packages/lua-language-server/libexec/script/service/net.lua , size = 6.350 KB
[20:16:37.846][info] [#0:script/workspace/loading.lua:100]: Preload file at: file:///Users/florian/.dotfiles/.config/nvim/mason/packages/lua-language-server/libexec/script/json-beautify.lua , size = 4.594 KB
[20:16:37.847][info] [#0:script/workspace/loading.lua:100]: Preload file at: file:///Users/florian/.dotfiles/.config/nvim/mason/packages/lua-language-server/libexec/script/jsonrpc.lua , size = 1.716 KB
[20:16:37.848][info] [#0:script/workspace/loading.lua:100]: Preload file at: file:///Users/florian/.dotfiles/.config/nvim/mason/packages/lua-language-server/libexec/script/locale-loader.lua , size = 0.593 KB
[20:16:37.848][info] [#0:script/workspace/loading.lua:100]: Preload file at: file:///Users/florian/.dotfiles/.config/nvim/mason/packages/lua-language-server/libexec/script/client.lua , size = 18.508 KB
[20:16:37.852][info] [#0:script/workspace/loading.lua:100]: Preload file at: file:///Users/florian/.dotfiles/.config/nvim/mason/packages/lua-language-server/libexec/script/file-uri.lua , size = 2.697 KB
[20:16:37.853][info] [#0:script/workspace/loading.lua:100]: Preload file at: file:///Users/florian/.dotfiles/.config/nvim/mason/packages/lua-language-server/libexec/log/middleScript.lua , size = 1.304 KB
[20:16:37.853][info] [#0:script/workspace/loading.lua:100]: Preload file at: file:///Users/florian/.dotfiles/.config/nvim/mason/packages/lua-language-server/libexec/script/SDBMHash.lua , size = 1.206 KB
[20:16:37.853][info] [#0:script/workspace/loading.lua:100]: Preload file at: file:///Users/florian/.dotfiles/.config/nvim/lazy/telescope-undo.nvim/lua/telescope/_extensions/undo.lua , size = 2.702 KB
[20:16:37.854][info] [#0:script/workspace/loading.lua:100]: Preload file at: file:///Users/florian/.dotfiles/.config/nvim/lazy/telescope-undo.nvim/lua/telescope-undo/init.lua , size = 6.719 KB
[20:16:37.855][info] [#0:script/workspace/loading.lua:139]: Preload dll at: file:///Users/florian/.dotfiles/.config/nvim/mason/packages/yamllint/venv/lib/python3.13/site-packages/yaml/_yaml.cpython-313-darwin.so , size = 372.273 KB
[20:16:37.857][info] [#0:script/workspace/loading.lua:100]: Preload file at: file:///Users/florian/.dotfiles/.config/nvim/lazy/telescope-undo.nvim/lua/telescope-undo/lua-timeago.lua , size = 1.984 KB
[20:16:37.858][info] [#0:script/workspace/loading.lua:100]: Preload file at: file:///Users/florian/.dotfiles/.config/nvim/lazy/telescope-undo.nvim/lua/telescope-undo/actions.lua , size = 2.831 KB
[20:16:37.858][info] [#0:script/workspace/loading.lua:100]: Preload file at: file:///Users/florian/.dotfiles/.config/nvim/lazy/telescope-undo.nvim/lua/telescope-undo/previewer.lua , size = 1.941 KB
[20:16:37.859][info] [#0:script/workspace/loading.lua:100]: Preload file at: file:///Users/florian/.dotfiles/.config/nvim/lazy/aerial.nvim/tests/navigation_spec.lua , size = 5.303 KB
[20:16:37.860][info] [#0:script/workspace/loading.lua:100]: Preload file at: file:///Users/florian/.dotfiles/.config/nvim/lazy/aerial.nvim/tests/config_spec.lua , size = 3.736 KB
[20:16:37.861][info] [#0:script/workspace/loading.lua:100]: Preload file at: file:///Users/florian/.dotfiles/.config/nvim/lazy/aerial.nvim/tests/treesitter/lua_test.lua , size = 0.600 KB
[20:16:37.862][info] [#0:script/workspace/loading.lua:100]: Preload file at: file:///Users/florian/.dotfiles/.config/nvim/lazy/aerial.nvim/tests/test_util.lua , size = 4.635 KB
[20:16:37.863][info] [#0:script/workspace/loading.lua:100]: Preload file at: file:///Users/florian/.dotfiles/.config/nvim/lazy/aerial.nvim/tests/window_spec.lua , size = 3.582 KB
[20:16:37.864][info] [#0:script/workspace/loading.lua:100]: Preload file at: file:///Users/florian/.dotfiles/.config/nvim/lazy/aerial.nvim/tests/attach_and_events_spec.lua , size = 8.062 KB
[20:16:37.866][info] [#0:script/workspace/loading.lua:100]: Preload file at: file:///Users/florian/.dotfiles/.config/nvim/lazy/aerial.nvim/tests/open_spec.lua , size = 2.207 KB
[20:16:37.866][info] [#0:script/workspace/loading.lua:100]: Preload file at: file:///Users/florian/.dotfiles/.config/nvim/lazy/aerial.nvim/tests/treesitter_spec.lua , size = 1.710 KB
[20:16:37.867][info] [#0:script/workspace/loading.lua:100]: Preload file at: file:///Users/florian/.dotfiles/.config/nvim/lazy/aerial.nvim/tests/minimal_init.lua , size = 2.304 KB
[20:16:37.867][info] [#0:script/workspace/loading.lua:100]: Preload file at: file:///Users/florian/.dotfiles/.config/nvim/lazy/aerial.nvim/tests/asciidoc_spec.lua , size = 0.258 KB
[20:16:37.868][info] [#0:script/workspace/loading.lua:100]: Preload file at: file:///Users/florian/.dotfiles/.config/nvim/lazy/aerial.nvim/lua/telescope/_extensions/aerial.lua , size = 7.261 KB
[20:16:37.869][info] [#0:script/workspace/loading.lua:100]: Preload file at: file:///Users/florian/.dotfiles/.config/nvim/lazy/aerial.nvim/lua/resession/extensions/aerial.lua , size = 1.302 KB
[20:16:37.870][info] [#0:script/workspace/loading.lua:100]: Preload file at: file:///Users/florian/.dotfiles/.config/nvim/lazy/aerial.nvim/lua/aerial/fzf-lua.lua , size = 3.157 KB
[20:16:37.870][info] [#0:script/workspace/loading.lua:100]: Preload file at: file:///Users/florian/.dotfiles/.config/nvim/lazy/aerial.nvim/lua/aerial/nav_view.lua , size = 10.793 KB
[20:16:37.874][info] [#0:script/workspace/loading.lua:100]: Preload file at: file:///Users/florian/.dotfiles/.config/nvim/lazy/aerial.nvim/lua/aerial/init.lua , size = 16.549 KB
[20:16:37.877][info] [#0:script/workspace/loading.lua:100]: Preload file at: file:///Users/florian/.dotfiles/.config/nvim/lazy/aerial.nvim/lua/aerial/fzf.lua , size = 0.967 KB
[20:16:37.877][info] [#0:script/workspace/loading.lua:100]: Preload file at: file:///Users/florian/.dotfiles/.config/nvim/lazy/aerial.nvim/lua/aerial/actions.lua , size = 3.312 KB
[20:16:37.878][info] [#0:script/workspace/loading.lua:100]: Preload file at: file:///Users/florian/.dotfiles/.config/nvim/lazy/aerial.nvim/lua/aerial/backends/markdown.lua , size = 2.062 KB
[20:16:37.878][info] [#0:script/workspace/loading.lua:100]: Preload file at: file:///Users/florian/.dotfiles/.config/nvim/lazy/aerial.nvim/lua/aerial/autocommands.lua , size = 4.502 KB
[20:16:37.879][info] [#0:script/workspace/loading.lua:100]: Preload file at: file:///Users/florian/.dotfiles/.config/nvim/lazy/aerial.nvim/lua/aerial/backends/init.lua , size = 7.408 KB
[20:16:37.881][info] [#0:script/workspace/loading.lua:100]: Preload file at: file:///Users/florian/.dotfiles/.config/nvim/lazy/aerial.nvim/lua/aerial/backends/treesitter/helpers.lua , size = 1.576 KB
[20:16:37.882][info] [#0:script/workspace/loading.lua:100]: Preload file at: file:///Users/florian/.dotfiles/.config/nvim/lazy/aerial.nvim/lua/aerial/backends/treesitter/init.lua , size = 7.344 KB
[20:16:37.883][info] [#0:script/workspace/loading.lua:100]: Preload file at: file:///Users/florian/.dotfiles/.config/nvim/lazy/aerial.nvim/lua/aerial/backends/treesitter/extensions.lua , size = 12.494 KB
[20:16:37.886][info] [#0:script/workspace/loading.lua:100]: Preload file at: file:///Users/florian/.dotfiles/.config/nvim/lazy/aerial.nvim/lua/aerial/backends/lsp/init.lua , size = 4.058 KB
[20:16:37.887][info] [#0:script/workspace/loading.lua:100]: Preload file at: file:///Users/florian/.dotfiles/.config/nvim/lazy/aerial.nvim/lua/aerial/backends/lsp/callbacks.lua , size = 7.187 KB
[20:16:37.888][info] [#0:script/workspace/loading.lua:100]: Preload file at: file:///Users/florian/.dotfiles/.config/nvim/lazy/aerial.nvim/lua/aerial/backends/lsp/util.lua , size = 0.986 KB
[20:16:37.889][info] [#0:script/workspace/loading.lua:100]: Preload file at: file:///Users/florian/.dotfiles/.config/nvim/lazy/aerial.nvim/lua/aerial/backends/man.lua , size = 2.313 KB
[20:16:37.889][info] [#0:script/workspace/loading.lua:100]: Preload file at: file:///Users/florian/.dotfiles/.config/nvim/lazy/aerial.nvim/lua/aerial/backends/asciidoc.lua , size = 2.237 KB
[20:16:37.890][info] [#0:script/workspace/loading.lua:100]: Preload file at: file:///Users/florian/.dotfiles/.config/nvim/lazy/aerial.nvim/lua/aerial/backends/util.lua , size = 1.514 KB
[20:16:37.890][info] [#0:script/workspace/loading.lua:100]: Preload file at: file:///Users/florian/.dotfiles/.config/nvim/lazy/aerial.nvim/lua/aerial/fold.lua , size = 7.677 KB
[20:16:37.892][info] [#0:script/workspace/loading.lua:100]: Preload file at: file:///Users/florian/.dotfiles/.config/nvim/lazy/aerial.nvim/lua/aerial/highlight.lua , size = 4.166 KB
[20:16:37.893][info] [#0:script/workspace/loading.lua:100]: Preload file at: file:///Users/florian/.dotfiles/.config/nvim/lazy/aerial.nvim/lua/aerial/keymap_util.lua , size = 3.639 KB
[20:16:37.894][info] [#0:script/workspace/loading.lua:100]: Preload file at: file:///Users/florian/.dotfiles/.config/nvim/lazy/aerial.nvim/lua/aerial/layout.lua , size = 2.779 KB
[20:16:37.895][info] [#0:script/workspace/loading.lua:100]: Preload file at: file:///Users/florian/.dotfiles/.config/nvim/lazy/aerial.nvim/lua/aerial/config.lua , size = 20.731 KB
[20:16:37.897][info] [#0:script/workspace/loading.lua:100]: Preload file at: file:///Users/florian/.dotfiles/.config/nvim/lazy/aerial.nvim/lua/aerial/window.lua , size = 17.264 KB
[20:16:37.903][info] [#0:script/workspace/loading.lua:100]: Preload file at: file:///Users/florian/.dotfiles/.config/nvim/lazy/aerial.nvim/lua/aerial/data.lua , size = 5.896 KB
[20:16:37.906][info] [#0:script/workspace/loading.lua:100]: Preload file at: file:///Users/florian/.dotfiles/.config/nvim/lazy/aerial.nvim/lua/aerial/tree.lua , size = 6.375 KB
[20:16:37.908][info] [#0:script/workspace/loading.lua:100]: Preload file at: file:///Users/florian/.dotfiles/.config/nvim/lazy/aerial.nvim/lua/aerial/snacks.lua , size = 2.320 KB
[20:16:37.908][info] [#0:script/workspace/loading.lua:100]: Preload file at: file:///Users/florian/.dotfiles/.config/nvim/lazy/aerial.nvim/lua/aerial/command.lua , size = 2.725 KB
[20:16:37.909][info] [#0:script/workspace/loading.lua:100]: Preload file at: file:///Users/florian/.dotfiles/.config/nvim/lazy/aerial.nvim/lua/aerial/util.lua , size = 11.103 KB
[20:16:37.912][info] [#0:script/workspace/loading.lua:100]: Preload file at: file:///Users/florian/.dotfiles/.config/nvim/lazy/aerial.nvim/lua/aerial/render.lua , size = 9.128 KB
[20:16:37.914][info] [#0:script/workspace/loading.lua:100]: Preload file at: file:///Users/florian/.dotfiles/.config/nvim/lazy/aerial.nvim/lua/aerial/loading.lua , size = 2.646 KB
[20:16:37.915][info] [#0:script/workspace/loading.lua:100]: Preload file at: file:///Users/florian/.dotfiles/.config/nvim/lazy/aerial.nvim/lua/aerial/navigation.lua , size = 7.192 KB
[20:16:37.916][info] [#0:script/workspace/loading.lua:100]: Preload file at: file:///Users/florian/.dotfiles/.config/nvim/lazy/aerial.nvim/lua/aerial/nav_actions.lua , size = 1.576 KB
[20:16:37.917][info] [#0:script/workspace/loading.lua:100]: Preload file at: file:///Users/florian/.dotfiles/.config/nvim/lazy/aerial.nvim/lua/lualine/components/aerial.lua , size = 4.899 KB
[20:16:37.918][info] [#0:script/workspace/loading.lua:100]: Preload file at: file:///Users/florian/.dotfiles/.config/nvim/lazy/vim/lua/lualine/themes/embark.lua , size = 1.400 KB
[20:16:37.918][info] [#0:script/workspace/loading.lua:100]: Preload file at: file:///Users/florian/.dotfiles/.config/nvim/lazy/which-key.nvim/tests/mappings_spec.lua , size = 2.607 KB
[20:16:37.919][info] [#0:script/workspace/loading.lua:100]: Preload file at: file:///Users/florian/.dotfiles/.config/nvim/lazy/which-key.nvim/tests/layout_spec.lua , size = 1.235 KB
[20:16:37.919][info] [#0:script/workspace/loading.lua:100]: Preload file at: file:///Users/florian/.dotfiles/.config/nvim/lazy/which-key.nvim/tests/minit.lua , size = 0.498 KB
[20:16:37.920][info] [#0:script/workspace/loading.lua:100]: Preload file at: file:///Users/florian/.dotfiles/.config/nvim/lazy/which-key.nvim/tests/helpers.lua , size = 0.279 KB
[20:16:37.920][info] [#0:script/workspace/loading.lua:100]: Preload file at: file:///Users/florian/.dotfiles/.config/nvim/lazy/which-key.nvim/tests/buf_spec.lua , size = 0.349 KB
[20:16:37.920][info] [#0:script/workspace/loading.lua:100]: Preload file at: file:///Users/florian/.dotfiles/.config/nvim/lazy/which-key.nvim/plugin/which-key.lua , size = 0.197 KB
[20:16:37.920][info] [#0:script/workspace/loading.lua:100]: Preload file at: file:///Users/florian/.dotfiles/.config/nvim/lazy/which-key.nvim/lua/which-key/init.lua , size = 1.225 KB
[20:16:37.921][info] [#0:script/workspace/loading.lua:100]: Preload file at: file:///Users/florian/.dotfiles/.config/nvim/lazy/which-key.nvim/tests/util_spec.lua , size = 2.751 KB
[20:16:37.921][info] [#0:script/workspace/loading.lua:100]: Preload file at: file:///Users/florian/.dotfiles/.config/nvim/lazy/which-key.nvim/lua/which-key/colors.lua , size = 1.627 KB
[20:16:37.922][info] [#0:script/workspace/loading.lua:100]: Preload file at: file:///Users/florian/.dotfiles/.config/nvim/lazy/which-key.nvim/lua/which-key/health.lua , size = 5.291 KB
[20:16:37.923][info] [#0:script/workspace/loading.lua:100]: Preload file at: file:///Users/florian/.dotfiles/.config/nvim/lazy/which-key.nvim/lua/which-key/triggers.lua , size = 3.883 KB
[20:16:37.924][info] [#0:script/workspace/loading.lua:100]: Preload file at: file:///Users/florian/.dotfiles/.config/nvim/lazy/which-key.nvim/lua/which-key/plugins/init.lua , size = 1.079 KB
[20:16:37.925][info] [#0:script/workspace/loading.lua:100]: Preload file at: file:///Users/florian/.dotfiles/.config/nvim/lazy/which-key.nvim/lua/which-key/plugins/spelling.lua , size = 1.216 KB
[20:16:37.925][info] [#0:script/workspace/loading.lua:100]: Preload file at: file:///Users/florian/.dotfiles/.config/nvim/lazy/which-key.nvim/lua/which-key/plugins/registers.lua , size = 1.851 KB
[20:16:37.926][info] [#0:script/workspace/loading.lua:100]: Preload file at: file:///Users/florian/.dotfiles/.config/nvim/lazy/which-key.nvim/lua/which-key/plugins/marks.lua , size = 1.717 KB
[20:16:37.926][info] [#0:script/workspace/loading.lua:100]: Preload file at: file:///Users/florian/.dotfiles/.config/nvim/lazy/which-key.nvim/lua/which-key/win.lua , size = 2.816 KB
[20:16:37.927][info] [#0:script/workspace/loading.lua:100]: Preload file at: file:///Users/florian/.dotfiles/.config/nvim/lazy/which-key.nvim/lua/which-key/plugins/presets.lua , size = 6.682 KB
[20:16:37.929][info] [#0:script/workspace/loading.lua:100]: Preload file at: file:///Users/florian/.dotfiles/.config/nvim/lazy/which-key.nvim/lua/which-key/migrate.lua , size = 1.882 KB
[20:16:37.929][info] [#0:script/workspace/loading.lua:100]: Preload file at: file:///Users/florian/.dotfiles/.config/nvim/lazy/which-key.nvim/lua/which-key/extras.lua , size = 1.563 KB
[20:16:37.930][info] [#0:script/workspace/loading.lua:100]: Preload file at: file:///Users/florian/.dotfiles/.config/nvim/lazy/which-key.nvim/lua/which-key/config.lua , size = 10.268 KB
[20:16:37.932][info] [#0:script/workspace/loading.lua:100]: Preload file at: file:///Users/florian/.dotfiles/.config/nvim/lazy/which-key.nvim/lua/which-key/state.lua , size = 9.947 KB
[20:16:37.935][info] [#0:script/workspace/loading.lua:100]: Preload file at: file:///Users/florian/.dotfiles/.config/nvim/lazy/which-key.nvim/lua/which-key/layout.lua , size = 3.939 KB
[20:16:37.936][info] [#0:script/workspace/loading.lua:100]: Preload file at: file:///Users/florian/.dotfiles/.config/nvim/lazy/which-key.nvim/lua/which-key/mappings.lua , size = 8.400 KB
[20:16:37.938][info] [#0:script/workspace/loading.lua:100]: Preload file at: file:///Users/florian/.dotfiles/.config/nvim/lazy/which-key.nvim/lua/which-key/node.lua , size = 4.787 KB
[20:16:37.940][info] [#0:script/workspace/loading.lua:100]: Preload file at: file:///Users/florian/.dotfiles/.config/nvim/lazy/which-key.nvim/lua/which-key/tree.lua , size = 2.548 KB
[20:16:37.941][info] [#0:script/workspace/loading.lua:100]: Preload file at: file:///Users/florian/.dotfiles/.config/nvim/lazy/which-key.nvim/lua/which-key/icons.lua , size = 6.754 KB
[20:16:37.943][info] [#0:script/workspace/loading.lua:100]: Preload file at: file:///Users/florian/.dotfiles/.config/nvim/lazy/which-key.nvim/lua/which-key/view.lua , size = 13.413 KB
[20:16:37.947][info] [#0:script/workspace/loading.lua:100]: Preload file at: file:///Users/florian/.dotfiles/.config/nvim/lazy/which-key.nvim/lua/which-key/presets.lua , size = 0.677 KB
[20:16:37.947][info] [#0:script/workspace/loading.lua:100]: Preload file at: file:///Users/florian/.dotfiles/.config/nvim/lazy/which-key.nvim/lua/which-key/docs.lua , size = 0.424 KB
[20:16:37.947][info] [#0:script/workspace/loading.lua:100]: Preload file at: file:///Users/florian/.dotfiles/.config/nvim/lazy/which-key.nvim/lua/which-key/types.lua , size = 3.190 KB
[20:16:37.948][info] [#0:script/workspace/loading.lua:100]: Preload file at: file:///Users/florian/.dotfiles/.config/nvim/lazy/which-key.nvim/lua/which-key/util.lua , size = 7.483 KB
[20:16:37.951][info] [#0:script/workspace/loading.lua:100]: Preload file at: file:///Users/florian/.dotfiles/.config/nvim/lazy/which-key.nvim/lua/which-key/buf.lua , size = 5.517 KB
[20:16:37.953][info] [#0:script/workspace/loading.lua:100]: Preload file at: file:///Users/florian/.dotfiles/.config/nvim/lazy/which-key.nvim/lua/which-key/text.lua , size = 3.578 KB
[20:16:37.954][info] [#0:script/workspace/loading.lua:100]: Preload file at: file:///Users/florian/.dotfiles/.config/nvim/lazy/rose-pine/lua/rose-pine/palette.lua , size = 1.739 KB
[20:16:37.955][info] [#0:script/workspace/loading.lua:100]: Preload file at: file:///Users/florian/.dotfiles/.config/nvim/lazy/rose-pine/lua/rose-pine/plugins/galaxyline.lua , size = 0.379 KB
[20:16:37.955][info] [#0:script/workspace/loading.lua:100]: Preload file at: file:///Users/florian/.dotfiles/.config/nvim/lazy/rose-pine/lua/rose-pine/plugins/obsidian.lua , size = 0.400 KB
[20:16:37.955][info] [#0:script/workspace/loading.lua:100]: Preload file at: file:///Users/florian/.dotfiles/.config/nvim/lazy/rose-pine/lua/rose-pine/plugins/toggleterm.lua , size = 0.446 KB
[20:16:37.955][info] [#0:script/workspace/loading.lua:100]: Preload file at: file:///Users/florian/.dotfiles/.config/nvim/lazy/rose-pine/lua/rose-pine/plugins/markid.lua , size = 0.307 KB
[20:16:37.955][info] [#0:script/workspace/loading.lua:100]: Preload file at: file:///Users/florian/.dotfiles/.config/nvim/lazy/rose-pine/lua/rose-pine/plugins/bufferline.lua , size = 5.034 KB
[20:16:37.956][info] [#0:script/workspace/loading.lua:100]: Preload file at: file:///Users/florian/.dotfiles/.config/nvim/lazy/rose-pine/lua/rose-pine/utilities.lua , size = 1.542 KB
[20:16:37.956][info] [#0:script/workspace/loading.lua:100]: Preload file at: file:///Users/florian/.dotfiles/.config/nvim/lazy/rose-pine/lua/rose-pine/config.lua , size = 5.843 KB
[20:16:37.958][info] [#0:script/workspace/loading.lua:100]: Preload file at: file:///Users/florian/.dotfiles/.config/nvim/lazy/rose-pine/lua/lualine/themes/rose-pine.lua , size = 1.020 KB
[20:16:37.958][info] [#0:script/workspace/loading.lua:100]: Preload file at: file:///Users/florian/.dotfiles/.config/nvim/lazy/rose-pine/lua/lualine/themes/rose-pine-alt.lua , size = 0.772 KB
[20:16:37.958][info] [#0:script/workspace/loading.lua:100]: Preload file at: file:///Users/florian/.dotfiles/.config/nvim/lazy/rose-pine/colors/rose-pine-moon.lua , size = 0.081 KB
[20:16:37.958][info] [#0:script/workspace/loading.lua:100]: Preload file at: file:///Users/florian/.dotfiles/.config/nvim/lazy/rose-pine/colors/rose-pine-dawn.lua , size = 0.081 KB
[20:16:37.958][info] [#0:script/workspace/loading.lua:100]: Preload file at: file:///Users/florian/.dotfiles/.config/nvim/lazy/rose-pine/colors/rose-pine.lua , size = 0.075 KB
[20:16:37.959][info] [#0:script/workspace/loading.lua:100]: Preload file at: file:///Users/florian/.dotfiles/.config/nvim/lazy/rose-pine/colors/rose-pine-main.lua , size = 0.081 KB
[20:16:37.959][info] [#0:script/workspace/loading.lua:100]: Preload file at: file:///Users/florian/.dotfiles/.config/nvim/lazy/LuaSnip/tests/unit/snippet_collection_spec.lua , size = 2.429 KB
[20:16:37.959][info] [#0:script/workspace/loading.lua:100]: Preload file at: file:///Users/florian/.dotfiles/.config/nvim/lazy/LuaSnip/tests/unit/fmt_spec.lua , size = 5.166 KB
[20:16:37.960][info] [#0:script/workspace/loading.lua:100]: Preload file at: file:///Users/florian/.dotfiles/.config/nvim/lazy/rose-pine/lua/rose-pine.lua , size = 52.644 KB
[20:16:37.969][info] [#0:script/workspace/loading.lua:100]: Preload file at: file:///Users/florian/.dotfiles/.config/nvim/lazy/LuaSnip/tests/unit/split_lines_spec.lua , size = 1.614 KB
[20:16:37.970][info] [#0:script/workspace/loading.lua:100]: Preload file at: file:///Users/florian/.dotfiles/.config/nvim/lazy/LuaSnip/tests/unit/environ_spec.lua , size = 5.523 KB
[20:16:37.970][info] [#0:script/workspace/loading.lua:100]: Preload file at: file:///Users/florian/.dotfiles/.config/nvim/lazy/LuaSnip/tests/unit/extend_decorator_spec.lua , size = 2.052 KB
[20:16:37.971][info] [#0:script/workspace/loading.lua:100]: Preload file at: file:///Users/florian/.dotfiles/.config/nvim/lazy/LuaSnip/tests/unit/snippetProxy_spec.lua , size = 2.610 KB
[20:16:37.971][info] [#0:script/workspace/loading.lua:100]: Preload file at: file:///Users/florian/.dotfiles/.config/nvim/lazy/LuaSnip/tests/unit/otf_spec.lua , size = 1.278 KB
[20:16:37.972][info] [#0:script/workspace/loading.lua:100]: Preload file at: file:///Users/florian/.dotfiles/.config/nvim/lazy/LuaSnip/tests/unit/fswatcher_spec.lua , size = 6.893 KB
[20:16:37.973][info] [#0:script/workspace/loading.lua:100]: Preload file at: file:///Users/florian/.dotfiles/.config/nvim/lazy/LuaSnip/tests/unit/utils_spec.lua , size = 3.114 KB
[20:16:37.973][info] [#0:script/workspace/loading.lua:100]: Preload file at: file:///Users/florian/.dotfiles/.config/nvim/lazy/LuaSnip/tests/unit/loader_spec.lua , size = 0.824 KB
[20:16:37.973][info] [#0:script/workspace/loading.lua:100]: Preload file at: file:///Users/florian/.dotfiles/.config/nvim/lazy/LuaSnip/tests/unit/conditions_spec.lua , size = 7.566 KB
[20:16:37.975][info] [#0:script/workspace/loading.lua:100]: Preload file at: file:///Users/florian/.dotfiles/.config/nvim/lazy/LuaSnip/tests/unit/directed_graph_spec.lua , size = 2.063 KB
[20:16:37.975][info] [#0:script/workspace/loading.lua:100]: Preload file at: file:///Users/florian/.dotfiles/.config/nvim/lazy/LuaSnip/tests/unit/str_spec.lua , size = 8.593 KB
[20:16:37.977][info] [#0:script/workspace/loading.lua:139]: Preload dll at: file:///Users/florian/.dotfiles/.config/nvim/lazy/LuaSnip/tests/parsers/jsonc.so , size = 17.469 KB
[20:16:37.977][info] [#0:script/workspace/loading.lua:139]: Preload dll at: file:///Users/florian/.dotfiles/.config/nvim/lazy/LuaSnip/tests/parsers/lua_07_09.so , size = 60.023 KB
[20:16:37.977][info] [#0:script/workspace/loading.lua:139]: Preload dll at: file:///Users/florian/.dotfiles/.config/nvim/lazy/LuaSnip/tests/parsers/json.so , size = 15.156 KB
[20:16:37.977][info] [#0:script/workspace/loading.lua:100]: Preload file at: file:///Users/florian/.dotfiles/.config/nvim/lazy/LuaSnip/tests/integration/snippet_ft_spec.lua , size = 5.481 KB
[20:16:37.978][info] [#0:script/workspace/loading.lua:100]: Preload file at: file:///Users/florian/.dotfiles/.config/nvim/lazy/LuaSnip/tests/integration/treesitter_postfix_spec.lua , size = 4.912 KB
[20:16:37.979][info] [#0:script/workspace/loading.lua:100]: Preload file at: file:///Users/florian/.dotfiles/.config/nvim/lazy/LuaSnip/tests/integration/choice_spec.lua , size = 20.229 KB
[20:16:37.981][info] [#0:script/workspace/loading.lua:100]: Preload file at: file:///Users/florian/.dotfiles/.config/nvim/lazy/LuaSnip/tests/integration/fmt_spec.lua , size = 1.424 KB
[20:16:37.981][info] [#0:script/workspace/loading.lua:100]: Preload file at: file:///Users/florian/.dotfiles/.config/nvim/lazy/LuaSnip/tests/integration/multisnippet_spec.lua , size = 4.835 KB
[20:16:37.982][info] [#0:script/workspace/loading.lua:100]: Preload file at: file:///Users/florian/.dotfiles/.config/nvim/lazy/LuaSnip/tests/integration/snippet_basics_spec.lua , size = 46.992 KB
[20:16:37.987][info] [#0:script/workspace/loading.lua:100]: Preload file at: file:///Users/florian/.dotfiles/.config/nvim/lazy/LuaSnip/tests/integration/restore_spec.lua , size = 14.375 KB
[20:16:37.988][info] [#0:script/workspace/loading.lua:100]: Preload file at: file:///Users/florian/.dotfiles/.config/nvim/lazy/LuaSnip/tests/integration/loaders_spec.lua , size = 34.766 KB
[20:16:37.992][info] [#0:script/workspace/loading.lua:100]: Preload file at: file:///Users/florian/.dotfiles/.config/nvim/lazy/LuaSnip/tests/integration/jump_spec.lua , size = 6.809 KB
[20:16:37.995][info] [#0:script/workspace/loading.lua:100]: Preload file at: file:///Users/florian/.dotfiles/.config/nvim/lazy/LuaSnip/tests/integration/function_spec.lua , size = 8.038 KB
[20:16:37.996][info] [#0:script/workspace/loading.lua:100]: Preload file at: file:///Users/florian/.dotfiles/.config/nvim/lazy/LuaSnip/tests/integration/add_snippets_spec.lua , size = 10.904 KB
[20:16:37.998][info] [#0:script/workspace/loading.lua:100]: Preload file at: file:///Users/florian/.dotfiles/.config/nvim/lazy/LuaSnip/tests/integration/parser_spec.lua , size = 29.006 KB
[20:16:38.001][info] [#0:script/workspace/loading.lua:100]: Preload file at: file:///Users/florian/.dotfiles/.config/nvim/lazy/LuaSnip/tests/integration/select_spec.lua , size = 9.218 KB
[20:16:38.002][info] [#0:script/workspace/loading.lua:100]: Preload file at: file:///Users/florian/.dotfiles/.config/nvim/lazy/LuaSnip/tests/integration/session_spec.lua , size = 100.922 KB
[20:16:38.007][info] [#0:script/workspace/loading.lua:100]: Preload file at: file:///Users/florian/.dotfiles/.config/nvim/lazy/LuaSnip/tests/integration/dynamic_spec.lua , size = 12.683 KB
[20:16:38.008][info] [#0:script/workspace/loading.lua:100]: Preload file at: file:///Users/florian/.dotfiles/.config/nvim/lazy/LuaSnip/tests/integration/selection_spec.lua , size = 3.840 KB
[20:16:38.008][info] [#0:script/workspace/loading.lua:100]: Preload file at: file:///Users/florian/.dotfiles/.config/nvim/lazy/LuaSnip/tests/integration/simple_nodes_spec.lua , size = 1.033 KB
[20:16:38.009][info] [#0:script/workspace/loading.lua:100]: Preload file at: file:///Users/florian/.dotfiles/.config/nvim/lazy/LuaSnip/tests/integration/ext_opts_spec.lua , size = 4.596 KB
[20:16:38.009][info] [#0:script/workspace/loading.lua:100]: Preload file at: file:///Users/florian/.dotfiles/.config/nvim/lazy/LuaSnip/tests/integration/source_spec.lua , size = 7.523 KB
[20:16:38.010][info] [#0:script/workspace/loading.lua:100]: Preload file at: file:///Users/florian/.dotfiles/.config/nvim/lazy/LuaSnip/tests/integration/postfix_snippet_spec.lua , size = 5.048 KB
[20:16:38.011][info] [#0:script/workspace/loading.lua:100]: Preload file at: file:///Users/florian/.dotfiles/.config/nvim/lazy/LuaSnip/tests/integration/extras_spec.lua , size = 7.866 KB
[20:16:38.012][info] [#0:script/workspace/loading.lua:100]: Preload file at: file:///Users/florian/.dotfiles/.config/nvim/lazy/LuaSnip/tests/helpers.lua , size = 11.348 KB
[20:16:38.013][info] [#0:script/workspace/loading.lua:100]: Preload file at: file:///Users/florian/.dotfiles/.config/nvim/lazy/LuaSnip/tests/data/lua-snippets/luasnippets2_env_test_extend/all.lua , size = 0.133 KB
[20:16:38.013][info] [#0:script/workspace/loading.lua:100]: Preload file at: file:///Users/florian/.dotfiles/.config/nvim/lazy/LuaSnip/tests/data/lua-snippets/luasnippets2_env_test_set/all.lua , size = 0.082 KB
[20:16:38.013][info] [#0:script/workspace/loading.lua:100]: Preload file at: file:///Users/florian/.dotfiles/.config/nvim/lazy/LuaSnip/tests/data/lua-snippets/luasnippets/prio.lua , size = 0.033 KB
[20:16:38.014][info] [#0:script/workspace/loading.lua:100]: Preload file at: file:///Users/florian/.dotfiles/.config/nvim/lazy/LuaSnip/tests/data/lua-snippets/luasnippets/all.lua , size = 0.117 KB
[20:16:38.014][info] [#0:script/workspace/loading.lua:100]: Preload file at: file:///Users/florian/.dotfiles/.config/nvim/lazy/LuaSnip/tests/data/lua-snippets/luasnippets/lua/anyname.lua , size = 0.135 KB
[20:16:38.014][info] [#0:script/workspace/loading.lua:100]: Preload file at: file:///Users/florian/.dotfiles/.config/nvim/lazy/LuaSnip/tests/data/lua-snippets/luasnippets/lua/test_env.lua , size = 0.376 KB
[20:16:38.014][info] [#0:script/workspace/loading.lua:100]: Preload file at: file:///Users/florian/.dotfiles/.config/nvim/lazy/LuaSnip/tests/symlinked_data/lua-snippets/luasnippets2_env_test_extend/all.lua , size = 0.133 KB
[20:16:38.014][info] [#0:script/workspace/loading.lua:100]: Preload file at: file:///Users/florian/.dotfiles/.config/nvim/lazy/LuaSnip/tests/symlinked_data/lua-snippets/luasnippets2_env_test_set/all.lua , size = 0.082 KB
[20:16:38.014][info] [#0:script/workspace/loading.lua:100]: Preload file at: file:///Users/florian/.dotfiles/.config/nvim/lazy/LuaSnip/tests/symlinked_data/lua-snippets/luasnippets/prio.lua , size = 0.033 KB
[20:16:38.014][info] [#0:script/workspace/loading.lua:100]: Preload file at: file:///Users/florian/.dotfiles/.config/nvim/lazy/LuaSnip/tests/symlinked_data/lua-snippets/luasnippets/all.lua , size = 0.117 KB
[20:16:38.014][info] [#0:script/workspace/loading.lua:100]: Preload file at: file:///Users/florian/.dotfiles/.config/nvim/lazy/LuaSnip/tests/symlinked_data/lua-snippets/luasnippets/lua/anyname.lua , size = 0.135 KB
[20:16:38.015][info] [#0:script/workspace/loading.lua:100]: Preload file at: file:///Users/florian/.dotfiles/.config/nvim/lazy/LuaSnip/tests/symlinked_data/lua-snippets/luasnippets/lua/test_env.lua , size = 0.376 KB
[20:16:38.015][info] [#0:script/workspace/loading.lua:100]: Preload file at: file:///Users/florian/.dotfiles/.config/nvim/lazy/LuaSnip/plugin/luasnip.lua , size = 3.245 KB
[20:16:38.015][info] [#0:script/workspace/loading.lua:100]: Preload file at: file:///Users/florian/.dotfiles/.config/nvim/lazy/LuaSnip/lua/luasnip/init.lua , size = 46.506 KB
[20:16:38.023][info] [#0:script/workspace/loading.lua:100]: Preload file at: file:///Users/florian/.dotfiles/.config/nvim/lazy/LuaSnip/lua/luasnip/util/functions.lua , size = 0.890 KB
[20:16:38.024][info] [#0:script/workspace/loading.lua:100]: Preload file at: file:///Users/florian/.dotfiles/.config/nvim/lazy/LuaSnip/lua/luasnip/util/pattern_tokenizer.lua , size = 3.092 KB
[20:16:38.025][info] [#0:script/workspace/loading.lua:100]: Preload file at: file:///Users/florian/.dotfiles/.config/nvim/lazy/LuaSnip/lua/luasnip/util/ext_opts.lua , size = 4.381 KB
[20:16:38.026][info] [#0:script/workspace/loading.lua:100]: Preload file at: file:///Users/florian/.dotfiles/.config/nvim/lazy/LuaSnip/lua/luasnip/util/feedkeys.lua , size = 7.500 KB
[20:16:38.027][info] [#0:script/workspace/loading.lua:100]: Preload file at: file:///Users/florian/.dotfiles/.config/nvim/lazy/LuaSnip/lua/luasnip/util/time.lua , size = 0.396 KB
[20:16:38.027][info] [#0:script/workspace/loading.lua:100]: Preload file at: file:///Users/florian/.dotfiles/.config/nvim/lazy/LuaSnip/lua/luasnip/util/extend_decorator.lua , size = 2.584 KB
[20:16:38.028][info] [#0:script/workspace/loading.lua:100]: Preload file at: file:///Users/florian/.dotfiles/.config/nvim/lazy/LuaSnip/lua/luasnip/util/environ.lua , size = 3.968 KB
[20:16:38.029][info] [#0:script/workspace/loading.lua:100]: Preload file at: file:///Users/florian/.dotfiles/.config/nvim/lazy/LuaSnip/lua/luasnip/util/events.lua , size = 0.370 KB
[20:16:38.029][info] [#0:script/workspace/loading.lua:100]: Preload file at: file:///Users/florian/.dotfiles/.config/nvim/lazy/LuaSnip/lua/luasnip/util/lazy_table.lua , size = 0.240 KB
[20:16:38.029][info] [#0:script/workspace/loading.lua:100]: Preload file at: file:///Users/florian/.dotfiles/.config/nvim/lazy/LuaSnip/lua/luasnip/util/path.lua , size = 7.016 KB
[20:16:38.031][info] [#0:script/workspace/loading.lua:100]: Preload file at: file:///Users/florian/.dotfiles/.config/nvim/lazy/LuaSnip/lua/luasnip/util/str.lua , size = 7.310 KB
[20:16:38.032][info] [#0:script/workspace/loading.lua:100]: Preload file at: file:///Users/florian/.dotfiles/.config/nvim/lazy/LuaSnip/lua/luasnip/util/parser/init.lua , size = 3.884 KB
[20:16:38.033][info] [#0:script/workspace/loading.lua:100]: Preload file at: file:///Users/florian/.dotfiles/.config/nvim/lazy/LuaSnip/lua/luasnip/util/parser/neovim_parser.lua , size = 8.948 KB
[20:16:38.036][info] [#0:script/workspace/loading.lua:100]: Preload file at: file:///Users/florian/.dotfiles/.config/nvim/lazy/LuaSnip/lua/luasnip/util/parser/ast_utils.lua , size = 13.928 KB
[20:16:38.038][info] [#0:script/workspace/loading.lua:100]: Preload file at: file:///Users/florian/.dotfiles/.config/nvim/lazy/LuaSnip/lua/luasnip/util/parser/neovim_ast.lua , size = 5.278 KB
[20:16:38.040][info] [#0:script/workspace/loading.lua:100]: Preload file at: file:///Users/florian/.dotfiles/.config/nvim/lazy/LuaSnip/lua/luasnip/util/jsonc.lua , size = 10.452 KB
[20:16:38.042][info] [#0:script/workspace/loading.lua:100]: Preload file at: file:///Users/florian/.dotfiles/.config/nvim/lazy/LuaSnip/lua/luasnip/util/parser/ast_parser.lua , size = 10.378 KB
[20:16:38.044][info] [#0:script/workspace/loading.lua:100]: Preload file at: file:///Users/florian/.dotfiles/.config/nvim/lazy/LuaSnip/lua/luasnip/util/directed_graph.lua , size = 7.562 KB
[20:16:38.045][info] [#0:script/workspace/loading.lua:100]: Preload file at: file:///Users/florian/.dotfiles/.config/nvim/lazy/LuaSnip/lua/luasnip/util/dict.lua , size = 1.227 KB
[20:16:38.046][info] [#0:script/workspace/loading.lua:100]: Preload file at: file:///Users/florian/.dotfiles/.config/nvim/lazy/LuaSnip/lua/luasnip/util/log.lua , size = 5.147 KB
[20:16:38.047][info] [#0:script/workspace/loading.lua:100]: Preload file at: file:///Users/florian/.dotfiles/.config/nvim/lazy/LuaSnip/lua/luasnip/util/select.lua , size = 4.234 KB
[20:16:38.048][info] [#0:script/workspace/loading.lua:100]: Preload file at: file:///Users/florian/.dotfiles/.config/nvim/lazy/LuaSnip/lua/luasnip/util/types.lua , size = 0.521 KB
[20:16:38.048][info] [#0:script/workspace/loading.lua:100]: Preload file at: file:///Users/florian/.dotfiles/.config/nvim/lazy/LuaSnip/lua/luasnip/util/mark.lua , size = 4.589 KB
[20:16:38.049][info] [#0:script/workspace/loading.lua:100]: Preload file at: file:///Users/florian/.dotfiles/.config/nvim/lazy/LuaSnip/lua/luasnip/util/_builtin_vars.lua , size = 4.841 KB
[20:16:38.051][info] [#0:script/workspace/loading.lua:100]: Preload file at: file:///Users/florian/.dotfiles/.config/nvim/lazy/LuaSnip/lua/luasnip/util/jsregexp.lua , size = 3.356 KB
[20:16:38.051][info] [#0:script/workspace/loading.lua:100]: Preload file at: file:///Users/florian/.dotfiles/.config/nvim/lazy/LuaSnip/lua/luasnip/util/vimversion.lua , size = 0.266 KB
[20:16:38.051][info] [#0:script/workspace/loading.lua:100]: Preload file at: file:///Users/florian/.dotfiles/.config/nvim/lazy/LuaSnip/lua/luasnip/util/table.lua , size = 0.894 KB
[20:16:38.052][info] [#0:script/workspace/loading.lua:100]: Preload file at: file:///Users/florian/.dotfiles/.config/nvim/lazy/LuaSnip/lua/luasnip/util/auto_table.lua , size = 1.429 KB
[20:16:38.052][info] [#0:script/workspace/loading.lua:100]: Preload file at: file:///Users/florian/.dotfiles/.config/nvim/lazy/LuaSnip/lua/luasnip/health.lua , size = 0.380 KB
[20:16:38.052][info] [#0:script/workspace/loading.lua:100]: Preload file at: file:///Users/florian/.dotfiles/.config/nvim/lazy/LuaSnip/lua/luasnip/util/util.lua , size = 11.580 KB
[20:16:38.055][info] [#0:script/workspace/loading.lua:100]: Preload file at: file:///Users/florian/.dotfiles/.config/nvim/lazy/LuaSnip/lua/luasnip/nodes/optional_arg.lua , size = 0.170 KB
[20:16:38.055][info] [#0:script/workspace/loading.lua:100]: Preload file at: file:///Users/florian/.dotfiles/.config/nvim/lazy/LuaSnip/lua/luasnip/nodes/util/trig_engines.lua , size = 3.675 KB
[20:16:38.056][info] [#0:script/workspace/loading.lua:100]: Preload file at: file:///Users/florian/.dotfiles/.config/nvim/lazy/LuaSnip/lua/luasnip/_types.lua , size = 0.794 KB
[20:16:38.056][info] [#0:script/workspace/loading.lua:100]: Preload file at: file:///Users/florian/.dotfiles/.config/nvim/lazy/LuaSnip/lua/luasnip/nodes/functionNode.lua , size = 4.708 KB
[20:16:38.057][info] [#0:script/workspace/loading.lua:100]: Preload file at: file:///Users/florian/.dotfiles/.config/nvim/lazy/LuaSnip/lua/luasnip/nodes/duplicate.lua , size = 1.745 KB
[20:16:38.058][info] [#0:script/workspace/loading.lua:100]: Preload file at: file:///Users/florian/.dotfiles/.config/nvim/lazy/LuaSnip/lua/luasnip/nodes/choiceNode.lua , size = 12.464 KB
[20:16:38.061][info] [#0:script/workspace/loading.lua:100]: Preload file at: file:///Users/florian/.dotfiles/.config/nvim/lazy/LuaSnip/lua/luasnip/nodes/textNode.lua , size = 1.426 KB
[20:16:38.061][info] [#0:script/workspace/loading.lua:100]: Preload file at: file:///Users/florian/.dotfiles/.config/nvim/lazy/LuaSnip/lua/luasnip/nodes/util/snippet_string.lua , size = 16.444 KB
[20:16:38.064][info] [#0:script/workspace/loading.lua:100]: Preload file at: file:///Users/florian/.dotfiles/.config/nvim/lazy/LuaSnip/lua/luasnip/nodes/key_indexer.lua , size = 0.170 KB
[20:16:38.065][info] [#0:script/workspace/loading.lua:100]: Preload file at: file:///Users/florian/.dotfiles/.config/nvim/lazy/LuaSnip/lua/luasnip/nodes/insertNode.lua , size = 12.785 KB
[20:16:38.068][info] [#0:script/workspace/loading.lua:100]: Preload file at: file:///Users/florian/.dotfiles/.config/nvim/lazy/LuaSnip/lua/luasnip/nodes/node.lua , size = 20.185 KB
[20:16:38.072][info] [#0:script/workspace/loading.lua:100]: Preload file at: file:///Users/florian/.dotfiles/.config/nvim/lazy/LuaSnip/lua/luasnip/nodes/dynamicNode.lua , size = 14.176 KB
[20:16:38.075][info] [#0:script/workspace/loading.lua:100]: Preload file at: file:///Users/florian/.dotfiles/.config/nvim/lazy/LuaSnip/lua/luasnip/nodes/restoreNode.lua , size = 7.715 KB
[20:16:38.077][info] [#0:script/workspace/loading.lua:100]: Preload file at: file:///Users/florian/.dotfiles/.config/nvim/lazy/LuaSnip/lua/luasnip/nodes/multiSnippet.lua , size = 3.218 KB
[20:16:38.078][info] [#0:script/workspace/loading.lua:100]: Preload file at: file:///Users/florian/.dotfiles/.config/nvim/lazy/LuaSnip/lua/luasnip/nodes/absolute_indexer.lua , size = 0.622 KB
[20:16:38.078][info] [#0:script/workspace/loading.lua:100]: Preload file at: file:///Users/florian/.dotfiles/.config/nvim/lazy/LuaSnip/lua/luasnip/nodes/util.lua , size = 34.716 KB
[20:16:38.083][info] [#0:script/workspace/loading.lua:100]: Preload file at: file:///Users/florian/.dotfiles/.config/nvim/lazy/LuaSnip/lua/luasnip/nodes/snippetProxy.lua , size = 3.776 KB
[20:16:38.084][info] [#0:script/workspace/loading.lua:100]: Preload file at: file:///Users/florian/.dotfiles/.config/nvim/lazy/LuaSnip/lua/luasnip/config.lua , size = 4.364 KB
[20:16:38.085][info] [#0:script/workspace/loading.lua:100]: Preload file at: file:///Users/florian/.dotfiles/.config/nvim/lazy/LuaSnip/lua/luasnip/loaders/init.lua , size = 4.425 KB
[20:16:38.086][info] [#0:script/workspace/loading.lua:100]: Preload file at: file:///Users/florian/.dotfiles/.config/nvim/lazy/LuaSnip/lua/luasnip/loaders/from_lua.lua , size = 13.186 KB
[20:16:38.088][info] [#0:script/workspace/loading.lua:100]: Preload file at: file:///Users/florian/.dotfiles/.config/nvim/lazy/LuaSnip/lua/luasnip/loaders/from_snipmate.lua , size = 15.168 KB
[20:16:38.091][info] [#0:script/workspace/loading.lua:100]: Preload file at: file:///Users/florian/.dotfiles/.config/nvim/lazy/LuaSnip/lua/luasnip/loaders/data.lua , size = 0.816 KB
[20:16:38.091][info] [#0:script/workspace/loading.lua:100]: Preload file at: file:///Users/florian/.dotfiles/.config/nvim/lazy/LuaSnip/lua/luasnip/loaders/snippet_cache.lua , size = 2.640 KB
[20:16:38.091][info] [#0:script/workspace/loading.lua:100]: Preload file at: file:///Users/florian/.dotfiles/.config/nvim/lazy/LuaSnip/lua/luasnip/loaders/types.lua , size = 0.727 KB
[20:16:38.092][info] [#0:script/workspace/loading.lua:100]: Preload file at: file:///Users/florian/.dotfiles/.config/nvim/lazy/LuaSnip/lua/luasnip/nodes/snippet.lua , size = 46.158 KB
[20:16:38.101][info] [#0:script/workspace/loading.lua:100]: Preload file at: file:///Users/florian/.dotfiles/.config/nvim/lazy/LuaSnip/lua/luasnip/loaders/util.lua , size = 8.981 KB
[20:16:38.104][info] [#0:script/workspace/loading.lua:100]: Preload file at: file:///Users/florian/.dotfiles/.config/nvim/lazy/LuaSnip/lua/luasnip/loaders/from_vscode.lua , size = 17.689 KB
[20:16:38.107][info] [#0:script/workspace/loading.lua:100]: Preload file at: file:///Users/florian/.dotfiles/.config/nvim/lazy/LuaSnip/lua/luasnip/loaders/fs_watchers.lua , size = 20.396 KB
[20:16:38.113][info] [#0:script/workspace/loading.lua:100]: Preload file at: file:///Users/florian/.dotfiles/.config/nvim/lazy/LuaSnip/lua/luasnip/default_config.lua , size = 6.565 KB
[20:16:38.115][info] [#0:script/workspace/loading.lua:100]: Preload file at: file:///Users/florian/.dotfiles/.config/nvim/lazy/LuaSnip/lua/luasnip/session/init.lua , size = 1.637 KB
[20:16:38.116][info] [#0:script/workspace/loading.lua:100]: Preload file at: file:///Users/florian/.dotfiles/.config/nvim/lazy/LuaSnip/lua/luasnip/session/enqueueable_operations.lua , size = 0.670 KB
[20:16:38.116][info] [#0:script/workspace/loading.lua:100]: Preload file at: file:///Users/florian/.dotfiles/.config/nvim/lazy/LuaSnip/lua/luasnip/session/snippet_collection/source.lua , size = 0.750 KB
[20:16:38.116][info] [#0:script/workspace/loading.lua:100]: Preload file at: file:///Users/florian/.dotfiles/.config/nvim/lazy/LuaSnip/lua/luasnip/session/snippet_collection/init.lua , size = 8.332 KB
[20:16:38.118][info] [#0:script/workspace/loading.lua:100]: Preload file at: file:///Users/florian/.dotfiles/.config/nvim/lazy/LuaSnip/lua/luasnip/extras/init.lua , size = 3.793 KB
[20:16:38.119][info] [#0:script/workspace/loading.lua:100]: Preload file at: file:///Users/florian/.dotfiles/.config/nvim/lazy/LuaSnip/lua/luasnip/extras/expand_conditions.lua , size = 0.050 KB
[20:16:38.119][info] [#0:script/workspace/loading.lua:100]: Preload file at: file:///Users/florian/.dotfiles/.config/nvim/lazy/LuaSnip/lua/luasnip/extras/snip_location.lua , size = 4.831 KB
[20:16:38.121][info] [#0:script/workspace/loading.lua:100]: Preload file at: file:///Users/florian/.dotfiles/.config/nvim/lazy/LuaSnip/lua/luasnip/extras/_parser_combinator.lua , size = 2.056 KB
[20:16:38.121][info] [#0:script/workspace/loading.lua:100]: Preload file at: file:///Users/florian/.dotfiles/.config/nvim/lazy/LuaSnip/lua/luasnip/extras/filetype_functions.lua , size = 2.316 KB
[20:16:38.122][info] [#0:script/workspace/loading.lua:100]: Preload file at: file:///Users/florian/.dotfiles/.config/nvim/lazy/LuaSnip/lua/luasnip/extras/otf.lua , size = 2.137 KB
[20:16:38.123][info] [#0:script/workspace/loading.lua:100]: Preload file at: file:///Users/florian/.dotfiles/.config/nvim/lazy/LuaSnip/lua/luasnip/extras/_extra_types.lua , size = 1.424 KB
[20:16:38.123][info] [#0:script/workspace/loading.lua:100]: Preload file at: file:///Users/florian/.dotfiles/.config/nvim/lazy/LuaSnip/lua/luasnip/extras/treesitter_postfix.lua , size = 7.877 KB
[20:16:38.125][info] [#0:script/workspace/loading.lua:100]: Preload file at: file:///Users/florian/.dotfiles/.config/nvim/lazy/LuaSnip/lua/luasnip/extras/snippet_list.lua , size = 2.207 KB
[20:16:38.125][info] [#0:script/workspace/loading.lua:100]: Preload file at: file:///Users/florian/.dotfiles/.config/nvim/lazy/LuaSnip/lua/luasnip/extras/conditions/init.lua , size = 1.211 KB
[20:16:38.126][info] [#0:script/workspace/loading.lua:100]: Preload file at: file:///Users/florian/.dotfiles/.config/nvim/lazy/LuaSnip/lua/luasnip/extras/conditions/show.lua , size = 0.623 KB
[20:16:38.126][info] [#0:script/workspace/loading.lua:100]: Preload file at: file:///Users/florian/.dotfiles/.config/nvim/lazy/LuaSnip/lua/luasnip/extras/conditions/expand.lua , size = 2.423 KB
[20:16:38.127][info] [#0:script/workspace/loading.lua:100]: Preload file at: file:///Users/florian/.dotfiles/.config/nvim/lazy/LuaSnip/lua/luasnip/extras/_lambda.lua , size = 8.079 KB
[20:16:38.129][info] [#0:script/workspace/loading.lua:100]: Preload file at: file:///Users/florian/.dotfiles/.config/nvim/lazy/LuaSnip/lua/luasnip/extras/select_choice.lua , size = 1.298 KB
[20:16:38.129][info] [#0:script/workspace/loading.lua:100]: Preload file at: file:///Users/florian/.dotfiles/.config/nvim/lazy/LuaSnip/lua/luasnip/extras/postfix.lua , size = 1.949 KB
[20:16:38.129][info] [#0:script/workspace/loading.lua:100]: Preload file at: file:///Users/florian/.dotfiles/.config/nvim/lazy/LuaSnip/lua/luasnip/extras/_treesitter.lua , size = 10.744 KB
[20:16:38.132][info] [#0:script/workspace/loading.lua:100]: Preload file at: file:///Users/florian/.dotfiles/.config/nvim/lazy/LuaSnip/lua/luasnip/extras/fmt.lua , size = 6.761 KB
[20:16:38.133][info] [#0:script/workspace/loading.lua:100]: Preload file at: file:///Users/florian/.dotfiles/.config/nvim/lazy/LuaSnip/lua/luasnip-jsregexp.lua , size = 5.895 KB
[20:16:38.135][info] [#0:script/workspace/loading.lua:100]: Preload file at: file:///Users/florian/.dotfiles/.config/nvim/lazy/LuaSnip/Examples/snippets.lua , size = 17.584 KB
[20:16:38.138][info] [#0:script/workspace/loading.lua:100]: Preload file at: file:///Users/florian/.dotfiles/.config/nvim/lazy/LuaSnip/deps/jsregexp/EmmyLua/jsregexp/core.lua , size = 5.538 KB
[20:16:38.140][info] [#0:script/workspace/loading.lua:100]: Preload file at: file:///Users/florian/.dotfiles/.config/nvim/lazy/LuaSnip/deps/jsregexp/test.lua , size = 11.079 KB
[20:16:38.142][info] [#0:script/workspace/loading.lua:100]: Preload file at: file:///Users/florian/.dotfiles/.config/nvim/lazy/LuaSnip/deps/jsregexp/jsregexp.lua , size = 5.895 KB
[20:16:38.144][info] [#0:script/workspace/loading.lua:139]: Preload dll at: file:///Users/florian/.dotfiles/.config/nvim/lazy/LuaSnip/deps/jsregexp/jsregexp.so , size = 140.430 KB
[20:16:38.146][info] [#0:script/workspace/loading.lua:139]: Preload dll at: file:///Users/florian/.dotfiles/.config/nvim/lazy/LuaSnip/deps/jsregexp005/jsregexp.so , size = 122.758 KB
[20:16:38.148][info] [#0:script/workspace/loading.lua:100]: Preload file at: file:///Users/florian/.dotfiles/.config/nvim/lazy/LuaSnip/deps/jsregexp005/test.lua , size = 6.253 KB
[20:16:38.149][info] [#0:script/workspace/loading.lua:100]: Preload file at: file:///Users/florian/.dotfiles/.config/nvim/lazy/LuaSnip/deps/jsregexp006/test.lua , size = 13.487 KB
[20:16:38.152][info] [#0:script/workspace/loading.lua:100]: Preload file at: file:///Users/florian/.dotfiles/.config/nvim/lazy/LuaSnip/deps/jsregexp006/jsregexp.lua , size = 6.087 KB
[20:16:38.154][info] [#0:script/workspace/loading.lua:139]: Preload dll at: file:///Users/florian/.dotfiles/.config/nvim/lazy/LuaSnip/deps/luasnip-jsregexp.so , size = 140.430 KB
[20:16:38.156][info] [#0:script/workspace/loading.lua:100]: Preload file at: file:///Users/florian/.dotfiles/.config/nvim/lazy/telescope-oil.nvim/lua/telescope/_extensions/oil.lua , size = 0.287 KB
[20:16:38.156][info] [#0:script/workspace/loading.lua:100]: Preload file at: file:///Users/florian/.dotfiles/.config/nvim/lazy/telescope-oil.nvim/lua/telescope-oil/init.lua , size = 0.191 KB
[20:16:38.156][info] [#0:script/workspace/loading.lua:139]: Preload dll at: file:///Users/florian/.dotfiles/.config/nvim/lazy/LuaSnip/deps/jsregexp006/jsregexp.so , size = 140.273 KB
[20:16:38.158][info] [#0:script/workspace/loading.lua:100]: Preload file at: file:///Users/florian/.dotfiles/.config/nvim/lazy/telescope-oil.nvim/lua/telescope-oil/time.lua , size = 0.248 KB
[20:16:38.158][info] [#0:script/workspace/loading.lua:100]: Preload file at: file:///Users/florian/.dotfiles/.config/nvim/lazy/telescope-oil.nvim/lua/telescope-oil/settings.lua , size = 0.486 KB
[20:16:38.159][info] [#0:script/workspace/loading.lua:100]: Preload file at: file:///Users/florian/.dotfiles/.config/nvim/lazy/telescope-oil.nvim/lua/telescope-oil/utils.lua , size = 3.564 KB
[20:16:38.160][info] [#0:script/workspace/loading.lua:100]: Preload file at: file:///Users/florian/.dotfiles/.config/nvim/lazy/multinput.nvim/lua/lib/config.lua , size = 0.915 KB
[20:16:38.160][info] [#0:script/workspace/loading.lua:100]: Preload file at: file:///Users/florian/.dotfiles/.config/nvim/lazy/multinput.nvim/lua/lib/input.lua , size = 4.157 KB
[20:16:38.161][info] [#0:script/workspace/loading.lua:100]: Preload file at: file:///Users/florian/.dotfiles/.config/nvim/lazy/multinput.nvim/lua/lib/utils.lua , size = 1.448 KB
[20:16:38.162][info] [#0:script/workspace/loading.lua:100]: Preload file at: file:///Users/florian/.dotfiles/.config/nvim/lazy/multinput.nvim/lua/multinput.lua , size = 0.269 KB
[20:16:38.162][info] [#0:script/workspace/loading.lua:100]: Preload file at: file:///Users/florian/.dotfiles/.config/nvim/lazy/telescope-ssh-config/lua/telescope/_extensions/ssh-config.lua , size = 0.272 KB
[20:16:38.162][info] [#0:script/workspace/loading.lua:100]: Preload file at: file:///Users/florian/.dotfiles/.config/nvim/lazy/telescope-ssh-config/lua/ssh-config/init.lua , size = 2.351 KB
[20:16:38.163][info] [#0:script/workspace/loading.lua:100]: Preload file at: file:///Users/florian/.dotfiles/.config/nvim/lazy/telescope-ssh-config/lua/ssh-config/utils.lua , size = 0.779 KB
[20:16:38.163][info] [#0:script/workspace/loading.lua:100]: Preload file at: file:///Users/florian/.dotfiles/.config/nvim/lazy/darkvoid.nvim/lua/darkvoid/init.lua , size = 0.608 KB
[20:16:38.164][info] [#0:script/workspace/loading.lua:100]: Preload file at: file:///Users/florian/.dotfiles/.config/nvim/lazy/darkvoid.nvim/lua/darkvoid/colors.lua , size = 4.639 KB
[20:16:38.164][info] [#0:script/workspace/loading.lua:100]: Preload file at: file:///Users/florian/.dotfiles/.config/nvim/lazy/darkvoid.nvim/lua/lualine/themes/darkvoid.lua , size = 0.027 KB
[20:16:38.165][info] [#0:script/workspace/loading.lua:100]: Preload file at: file:///Users/florian/.dotfiles/.config/nvim/lazy/darkvoid.nvim/lua/darkvoid/plugins/oil.lua , size = 1.261 KB
[20:16:38.165][info] [#0:script/workspace/loading.lua:100]: Preload file at: file:///Users/florian/.dotfiles/.config/nvim/lazy/darkvoid.nvim/lua/darkvoid/plugins/nvim_notify.lua , size = 1.307 KB
[20:16:38.165][info] [#0:script/workspace/loading.lua:100]: Preload file at: file:///Users/florian/.dotfiles/.config/nvim/lazy/darkvoid.nvim/lua/darkvoid/plugins/telescope.lua , size = 1.178 KB
[20:16:38.166][info] [#0:script/workspace/loading.lua:100]: Preload file at: file:///Users/florian/.dotfiles/.config/nvim/lazy/darkvoid.nvim/lua/darkvoid/plugins/nvim-cmp.lua , size = 1.421 KB
[20:16:38.166][info] [#0:script/workspace/loading.lua:100]: Preload file at: file:///Users/florian/.dotfiles/.config/nvim/lazy/darkvoid.nvim/lua/darkvoid/plugins/lualine.lua , size = 2.040 KB
[20:16:38.166][info] [#0:script/workspace/loading.lua:100]: Preload file at: file:///Users/florian/.dotfiles/.config/nvim/lazy/darkvoid.nvim/lua/darkvoid/plugins/gitsigns.lua , size = 0.646 KB
[20:16:38.167][info] [#0:script/workspace/loading.lua:100]: Preload file at: file:///Users/florian/.dotfiles/.config/nvim/lazy/darkvoid.nvim/lua/darkvoid/plugins/nvimtree.lua , size = 1.196 KB
[20:16:38.167][info] [#0:script/workspace/loading.lua:100]: Preload file at: file:///Users/florian/.dotfiles/.config/nvim/lazy/darkvoid.nvim/lua/darkvoid/plugins/whichkey.lua , size = 2.050 KB
[20:16:38.168][info] [#0:script/workspace/loading.lua:100]: Preload file at: file:///Users/florian/.dotfiles/.config/nvim/lazy/darkvoid.nvim/lua/darkvoid/plugins/treesitter.lua , size = 2.577 KB
[20:16:38.168][info] [#0:script/workspace/loading.lua:100]: Preload file at: file:///Users/florian/.dotfiles/.config/nvim/lazy/darkvoid.nvim/lua/darkvoid/config.lua , size = 0.908 KB
[20:16:38.168][info] [#0:script/workspace/loading.lua:100]: Preload file at: file:///Users/florian/.dotfiles/.config/nvim/lazy/darkvoid.nvim/lua/darkvoid/plugins/bufferline.lua , size = 1.255 KB
[20:16:38.169][info] [#0:script/workspace/loading.lua:100]: Preload file at: file:///Users/florian/.dotfiles/.config/nvim/lazy/darkvoid.nvim/colors/darkvoid.lua , size = 0.026 KB
[20:16:38.169][info] [#0:script/workspace/loading.lua:100]: Preload file at: file:///Users/florian/.dotfiles/.config/nvim/lazy/persistence.nvim/lua/persistence/init.lua , size = 3.386 KB
[20:16:38.170][info] [#0:script/workspace/loading.lua:100]: Preload file at: file:///Users/florian/.dotfiles/.config/nvim/lazy/persistence.nvim/lua/persistence/config.lua , size = 0.487 KB
[20:16:38.170][info] [#0:script/workspace/loading.lua:100]: Preload file at: file:///Users/florian/.dotfiles/.config/nvim/lazy/toggleterm-manager.nvim/lua/config.lua , size = 2.263 KB
[20:16:38.171][info] [#0:script/workspace/loading.lua:100]: Preload file at: file:///Users/florian/.dotfiles/.config/nvim/lazy/toggleterm-manager.nvim/lua/telescope/_extensions/toggleterm_manager.lua , size = 0.166 KB
[20:16:38.171][info] [#0:script/workspace/loading.lua:100]: Preload file at: file:///Users/florian/.dotfiles/.config/nvim/lazy/toggleterm-manager.nvim/lua/toggleterm-manager.lua , size = 0.391 KB
[20:16:38.171][info] [#0:script/workspace/loading.lua:100]: Preload file at: file:///Users/florian/.dotfiles/.config/nvim/lazy/toggleterm-manager.nvim/lua/lib/telescope/init.lua , size = 2.278 KB
[20:16:38.171][info] [#0:script/workspace/loading.lua:100]: Preload file at: file:///Users/florian/.dotfiles/.config/nvim/lazy/toggleterm-manager.nvim/lua/lib/displayer/init.lua , size = 3.964 KB
[20:16:38.172][info] [#0:script/workspace/loading.lua:100]: Preload file at: file:///Users/florian/.dotfiles/.config/nvim/lazy/toggleterm-manager.nvim/lua/lib/utils/init.lua , size = 9.459 KB
[20:16:38.174][info] [#0:script/workspace/loading.lua:100]: Preload file at: file:///Users/florian/.dotfiles/.config/nvim/lazy/toggleterm-manager.nvim/lua/lib/actions/init.lua , size = 7.735 KB
[20:16:38.175][info] [#0:script/workspace/loading.lua:100]: Preload file at: file:///Users/florian/.dotfiles/.config/nvim/lazy/lackluster.nvim/lua/lackluster/spec.lua , size = 1.447 KB
[20:16:38.176][info] [#0:script/workspace/loading.lua:100]: Preload file at: file:///Users/florian/.dotfiles/.config/nvim/lazy/lackluster.nvim/lua/lackluster/init.lua , size = 8.449 KB
[20:16:38.177][info] [#0:script/workspace/loading.lua:100]: Preload file at: file:///Users/florian/.dotfiles/.config/nvim/lazy/lackluster.nvim/lua/lackluster/plugin/noice.lua , size = 1.142 KB
[20:16:38.178][info] [#0:script/workspace/loading.lua:100]: Preload file at: file:///Users/florian/.dotfiles/.config/nvim/lazy/lackluster.nvim/lua/lackluster/plugin/oil.lua , size = 1.001 KB
[20:16:38.178][info] [#0:script/workspace/loading.lua:100]: Preload file at: file:///Users/florian/.dotfiles/.config/nvim/lazy/lackluster.nvim/lua/lackluster/plugin/dashboard.lua , size = 0.766 KB
[20:16:38.178][info] [#0:script/workspace/loading.lua:100]: Preload file at: file:///Users/florian/.dotfiles/.config/nvim/lazy/lackluster.nvim/lua/lackluster/plugin/lsp-config.lua , size = 0.275 KB
[20:16:38.179][info] [#0:script/workspace/loading.lua:100]: Preload file at: file:///Users/florian/.dotfiles/.config/nvim/lazy/lackluster.nvim/lua/lackluster/plugin/headlines.lua , size = 0.446 KB
[20:16:38.179][info] [#0:script/workspace/loading.lua:100]: Preload file at: file:///Users/florian/.dotfiles/.config/nvim/lazy/lackluster.nvim/lua/lackluster/plugin/flash.lua , size = 0.518 KB
[20:16:38.179][info] [#0:script/workspace/loading.lua:100]: Preload file at: file:///Users/florian/.dotfiles/.config/nvim/lazy/lackluster.nvim/lua/lackluster/plugin/git-gutter.lua , size = 0.572 KB
[20:16:38.179][info] [#0:script/workspace/loading.lua:100]: Preload file at: file:///Users/florian/.dotfiles/.config/nvim/lazy/lackluster.nvim/lua/lackluster/plugin/telescope.lua , size = 2.444 KB
[20:16:38.180][info] [#0:script/workspace/loading.lua:100]: Preload file at: file:///Users/florian/.dotfiles/.config/nvim/lazy/lackluster.nvim/lua/lackluster/plugin/trouble.lua , size = 0.685 KB
[20:16:38.180][info] [#0:script/workspace/loading.lua:100]: Preload file at: file:///Users/florian/.dotfiles/.config/nvim/lazy/lackluster.nvim/lua/lackluster/plugin/todo-comments.lua , size = 0.812 KB
[20:16:38.180][info] [#0:script/workspace/loading.lua:100]: Preload file at: file:///Users/florian/.dotfiles/.config/nvim/lazy/lackluster.nvim/lua/lackluster/plugin/navic.lua , size = 2.601 KB
[20:16:38.181][info] [#0:script/workspace/loading.lua:100]: Preload file at: file:///Users/florian/.dotfiles/.config/nvim/lazy/lackluster.nvim/lua/lackluster/plugin/indentmini.lua , size = 0.417 KB
[20:16:38.181][info] [#0:script/workspace/loading.lua:100]: Preload file at: file:///Users/florian/.dotfiles/.config/nvim/lazy/lackluster.nvim/lua/lackluster/plugin/yanky.lua , size = 0.301 KB
[20:16:38.181][info] [#0:script/workspace/loading.lua:100]: Preload file at: file:///Users/florian/.dotfiles/.config/nvim/lazy/lackluster.nvim/lua/lackluster/plugin/notify.lua , size = 1.724 KB
[20:16:38.181][info] [#0:script/workspace/loading.lua:100]: Preload file at: file:///Users/florian/.dotfiles/.config/nvim/lazy/lackluster.nvim/lua/lackluster/plugin/tree.lua , size = 1.633 KB
[20:16:38.182][info] [#0:script/workspace/loading.lua:100]: Preload file at: file:///Users/florian/.dotfiles/.config/nvim/lazy/lackluster.nvim/lua/lackluster/plugin/mini.lua , size = 2.913 KB
[20:16:38.182][info] [#0:script/workspace/loading.lua:100]: Preload file at: file:///Users/florian/.dotfiles/.config/nvim/lazy/lackluster.nvim/lua/lackluster/plugin/cmp.lua , size = 0.404 KB
[20:16:38.182][info] [#0:script/workspace/loading.lua:100]: Preload file at: file:///Users/florian/.dotfiles/.config/nvim/lazy/lackluster.nvim/lua/lackluster/plugin/which-key.lua , size = 0.475 KB
[20:16:38.183][info] [#0:script/workspace/loading.lua:100]: Preload file at: file:///Users/florian/.dotfiles/.config/nvim/lazy/lackluster.nvim/lua/lackluster/plugin/git-signs.lua , size = 0.383 KB
[20:16:38.183][info] [#0:script/workspace/loading.lua:100]: Preload file at: file:///Users/florian/.dotfiles/.config/nvim/lazy/lackluster.nvim/lua/lackluster/plugin/scrollbar.lua , size = 1.501 KB
[20:16:38.183][info] [#0:script/workspace/loading.lua:100]: Preload file at: file:///Users/florian/.dotfiles/.config/nvim/lazy/lackluster.nvim/lua/lackluster/plugin/lazy.lua , size = 0.624 KB
[20:16:38.183][info] [#0:script/workspace/loading.lua:100]: Preload file at: file:///Users/florian/.dotfiles/.config/nvim/lazy/lackluster.nvim/lua/lackluster/plugin/lightbulb.lua , size = 0.277 KB
[20:16:38.184][info] [#0:script/workspace/loading.lua:100]: Preload file at: file:///Users/florian/.dotfiles/.config/nvim/lazy/lackluster.nvim/lua/lackluster/plugin/bufferline.lua , size = 5.254 KB
[20:16:38.184][info] [#0:script/workspace/loading.lua:100]: Preload file at: file:///Users/florian/.dotfiles/.config/nvim/lazy/lackluster.nvim/lua/lackluster/plugin/mason.lua , size = 0.604 KB
[20:16:38.185][info] [#0:script/workspace/loading.lua:100]: Preload file at: file:///Users/florian/.dotfiles/.config/nvim/lazy/lackluster.nvim/lua/lackluster/plugin/rainbow-delimiter.lua , size = 0.729 KB
[20:16:38.185][info] [#0:script/workspace/loading.lua:100]: Preload file at: file:///Users/florian/.dotfiles/.config/nvim/lazy/lackluster.nvim/lua/lackluster/dev.lua , size = 3.505 KB
[20:16:38.186][info] [#0:script/workspace/loading.lua:100]: Preload file at: file:///Users/florian/.dotfiles/.config/nvim/lazy/lackluster.nvim/lua/lackluster/tweak.lua , size = 4.044 KB
[20:16:38.186][info] [#0:script/workspace/loading.lua:100]: Preload file at: file:///Users/florian/.dotfiles/.config/nvim/lazy/lackluster.nvim/lua/lackluster/color.lua , size = 0.437 KB
[20:16:38.187][info] [#0:script/workspace/loading.lua:100]: Preload file at: file:///Users/florian/.dotfiles/.config/nvim/lazy/lackluster.nvim/lua/lackluster/highlight.lua , size = 17.559 KB
[20:16:38.190][info] [#0:script/workspace/loading.lua:100]: Preload file at: file:///Users/florian/.dotfiles/.config/nvim/lazy/lackluster.nvim/lua/lackluster/validate.lua , size = 0.441 KB
[20:16:38.190][info] [#0:script/workspace/loading.lua:100]: Preload file at: file:///Users/florian/.dotfiles/.config/nvim/lazy/lackluster.nvim/lua/lackluster/color-special.lua , size = 0.476 KB
[20:16:38.191][info] [#0:script/workspace/loading.lua:100]: Preload file at: file:///Users/florian/.dotfiles/.config/nvim/lazy/lackluster.nvim/lua/lackluster/create-theme.lua , size = 7.332 KB
[20:16:38.192][info] [#0:script/workspace/loading.lua:100]: Preload file at: file:///Users/florian/.dotfiles/.config/nvim/lazy/lackluster.nvim/lua/lualine/themes/lackluster.lua , size = 1.412 KB
[20:16:38.192][info] [#0:script/workspace/loading.lua:100]: Preload file at: file:///Users/florian/.dotfiles/.config/nvim/lazy/lackluster.nvim/colors/lackluster.lua , size = 0.028 KB
[20:16:38.192][info] [#0:script/workspace/loading.lua:100]: Preload file at: file:///Users/florian/.dotfiles/.config/nvim/lazy/lackluster.nvim/colors/lackluster-night.lua , size = 0.049 KB
[20:16:38.192][info] [#0:script/workspace/loading.lua:100]: Preload file at: file:///Users/florian/.dotfiles/.config/nvim/lazy/lackluster.nvim/colors/lackluster-hack.lua , size = 0.048 KB
[20:16:38.193][info] [#0:script/workspace/loading.lua:100]: Preload file at: file:///Users/florian/.dotfiles/.config/nvim/lazy/lackluster.nvim/colors/lackluster-mint.lua , size = 0.048 KB
[20:16:38.193][info] [#0:script/workspace/loading.lua:100]: Preload file at: file:///Users/florian/.dotfiles/.config/nvim/lazy/lackluster.nvim/colors/lackluster-dark.lua , size = 0.048 KB
[20:16:38.193][info] [#0:script/workspace/loading.lua:100]: Preload file at: file:///Users/florian/.dotfiles/.config/nvim/lazy/nvim-dap/plugin/dap.lua , size = 2.356 KB
[20:16:38.193][info] [#0:script/workspace/loading.lua:100]: Preload file at: file:///Users/florian/.dotfiles/.config/nvim/lazy/nvim-dap/spec/repl_spec.lua , size = 8.558 KB
[20:16:38.195][info] [#0:script/workspace/loading.lua:100]: Preload file at: file:///Users/florian/.dotfiles/.config/nvim/lazy/nvim-dap/spec/server_executable_spec.lua , size = 2.204 KB
[20:16:38.196][info] [#0:script/workspace/loading.lua:100]: Preload file at: file:///Users/florian/.dotfiles/.config/nvim/lazy/nvim-dap/spec/integration_spec.lua , size = 42.629 KB
[20:16:38.205][info] [#0:script/workspace/loading.lua:100]: Preload file at: file:///Users/florian/.dotfiles/.config/nvim/lazy/nvim-dap/spec/breakpoints_spec.lua , size = 3.155 KB
[20:16:38.206][info] [#0:script/workspace/loading.lua:100]: Preload file at: file:///Users/florian/.dotfiles/.config/nvim/lazy/nvim-dap/spec/server.lua , size = 4.067 KB
[20:16:38.207][info] [#0:script/workspace/loading.lua:100]: Preload file at: file:///Users/florian/.dotfiles/.config/nvim/lazy/nvim-dap/spec/run_server.lua , size = 0.462 KB
[20:16:38.207][info] [#0:script/workspace/loading.lua:100]: Preload file at: file:///Users/florian/.dotfiles/.config/nvim/lazy/nvim-dap/spec/progress_spec.lua , size = 0.939 KB
[20:16:38.207][info] [#0:script/workspace/loading.lua:100]: Preload file at: file:///Users/florian/.dotfiles/.config/nvim/lazy/nvim-dap/spec/ext_vscode_spec.lua , size = 10.487 KB
[20:16:38.209][info] [#0:script/workspace/loading.lua:100]: Preload file at: file:///Users/florian/.dotfiles/.config/nvim/lazy/nvim-dap/spec/sessions_spec.lua , size = 3.263 KB
[20:16:38.210][info] [#0:script/workspace/loading.lua:100]: Preload file at: file:///Users/florian/.dotfiles/.config/nvim/lazy/nvim-dap/spec/entity_spec.lua , size = 1.104 KB
[20:16:38.210][info] [#0:script/workspace/loading.lua:100]: Preload file at: file:///Users/florian/.dotfiles/.config/nvim/lazy/nvim-dap/spec/ui_spec.lua , size = 5.031 KB
[20:16:38.212][info] [#0:script/workspace/loading.lua:100]: Preload file at: file:///Users/florian/.dotfiles/.config/nvim/lazy/nvim-dap/spec/widgets_spec.lua , size = 1.512 KB
[20:16:38.212][info] [#0:script/workspace/loading.lua:100]: Preload file at: file:///Users/florian/.dotfiles/.config/nvim/lazy/nvim-dap/spec/utils_spec.lua , size = 4.333 KB
[20:16:38.213][info] [#0:script/workspace/loading.lua:100]: Preload file at: file:///Users/florian/.dotfiles/.config/nvim/lazy/nvim-dap/spec/pipe_spec.lua , size = 1.518 KB
[20:16:38.214][info] [#0:script/workspace/loading.lua:100]: Preload file at: file:///Users/florian/.dotfiles/.config/nvim/lazy/nvim-dap/spec/helpers.lua , size = 1.595 KB
[20:16:38.214][info] [#0:script/workspace/loading.lua:100]: Preload file at: file:///Users/florian/.dotfiles/.config/nvim/lazy/nvim-dap/spec/debugpy_spec.lua , size = 4.269 KB
[20:16:38.215][info] [#0:script/workspace/loading.lua:100]: Preload file at: file:///Users/florian/.dotfiles/.config/nvim/lazy/nvim-dap/lua/dap.lua , size = 38.418 KB
[20:16:38.224][info] [#0:script/workspace/loading.lua:100]: Preload file at: file:///Users/florian/.dotfiles/.config/nvim/lazy/nvim-dap/lua/dap/ui/widgets.lua , size = 20.310 KB
[20:16:38.229][info] [#0:script/workspace/loading.lua:100]: Preload file at: file:///Users/florian/.dotfiles/.config/nvim/lazy/nvim-dap/lua/dap/progress.lua , size = 0.965 KB
[20:16:38.229][info] [#0:script/workspace/loading.lua:100]: Preload file at: file:///Users/florian/.dotfiles/.config/nvim/lazy/nvim-dap/lua/dap/health.lua , size = 2.232 KB
[20:16:38.229][info] [#0:script/workspace/loading.lua:100]: Preload file at: file:///Users/florian/.dotfiles/.config/nvim/lazy/nvim-dap/lua/dap/session.lua , size = 63.659 KB
[20:16:38.244][info] [#0:script/workspace/loading.lua:100]: Preload file at: file:///Users/florian/.dotfiles/.config/nvim/lazy/nvim-dap/lua/dap/protocol.lua , size = 13.781 KB
[20:16:38.247][info] [#0:script/workspace/loading.lua:100]: Preload file at: file:///Users/florian/.dotfiles/.config/nvim/lazy/nvim-dap/lua/dap/ext/vscode.lua , size = 6.157 KB
[20:16:38.249][info] [#0:script/workspace/loading.lua:100]: Preload file at: file:///Users/florian/.dotfiles/.config/nvim/lazy/nvim-dap/lua/dap/ext/autocompl.lua , size = 1.888 KB
[20:16:38.249][info] [#0:script/workspace/loading.lua:100]: Preload file at: file:///Users/florian/.dotfiles/.config/nvim/lazy/nvim-dap/lua/dap/_cmds.lua , size = 4.447 KB
[20:16:38.250][info] [#0:script/workspace/loading.lua:100]: Preload file at: file:///Users/florian/.dotfiles/.config/nvim/lazy/nvim-dap/lua/dap/breakpoints.lua , size = 5.677 KB
[20:16:38.252][info] [#0:script/workspace/loading.lua:100]: Preload file at: file:///Users/florian/.dotfiles/.config/nvim/lazy/nvim-dap/lua/dap/async.lua , size = 0.462 KB
[20:16:38.252][info] [#0:script/workspace/loading.lua:100]: Preload file at: file:///Users/florian/.dotfiles/.config/nvim/lazy/nvim-dap/lua/dap/log.lua , size = 3.687 KB
[20:16:38.253][info] [#0:script/workspace/loading.lua:100]: Preload file at: file:///Users/florian/.dotfiles/.config/nvim/lazy/nvim-dap/lua/dap/repl.lua , size = 17.935 KB
[20:16:38.258][info] [#0:script/workspace/loading.lua:100]: Preload file at: file:///Users/florian/.dotfiles/.config/nvim/lazy/nvim-dap/lua/dap/ui.lua , size = 16.654 KB
[20:16:38.262][info] [#0:script/workspace/loading.lua:100]: Preload file at: file:///Users/florian/.dotfiles/.config/nvim/lazy/nvim-dap/lua/dap/rpc.lua , size = 3.198 KB
[20:16:38.262][info] [#0:script/workspace/loading.lua:100]: Preload file at: file:///Users/florian/.dotfiles/.config/nvim/lazy/nvim-dap/lua/dap/utils.lua , size = 11.517 KB
[20:16:38.265][info] [#0:script/workspace/loading.lua:100]: Preload file at: file:///Users/florian/.dotfiles/.config/nvim/lazy/nvim-dap/lua/dap/entity.lua , size = 11.353 KB
[20:16:38.268][info] [#0:script/workspace/loading.lua:100]: Preload file at: file:///Users/florian/.dotfiles/.config/nvim/lazy/nvim-regexplainer/tests/regexplainer/deps_spec.lua , size = 3.122 KB
[20:16:38.268][info] [#0:script/workspace/loading.lua:100]: Preload file at: file:///Users/florian/.dotfiles/.config/nvim/lazy/nvim-regexplainer/tests/regexplainer/nvim-regexplainer_spec.lua , size = 2.396 KB
[20:16:38.269][info] [#0:script/workspace/loading.lua:100]: Preload file at: file:///Users/florian/.dotfiles/.config/nvim/lazy/nvim-regexplainer/tests/regexplainer/graphical_spec.lua , size = 3.368 KB
[20:16:38.270][info] [#0:script/workspace/loading.lua:100]: Preload file at: file:///Users/florian/.dotfiles/.config/nvim/lazy/nvim-regexplainer/tests/mininit.lua , size = 1.412 KB
[20:16:38.270][info] [#0:script/workspace/loading.lua:100]: Preload file at: file:///Users/florian/.dotfiles/.config/nvim/lazy/nvim-regexplainer/tests/lua/ansicolors.lua , size = 2.723 KB
[20:16:38.271][info] [#0:script/workspace/loading.lua:100]: Preload file at: file:///Users/florian/.dotfiles/.config/nvim/lazy/nvim-regexplainer/tests/helpers/util.lua , size = 4.513 KB
[20:16:38.272][info] [#0:script/workspace/loading.lua:100]: Preload file at: file:///Users/florian/.dotfiles/.config/nvim/lazy/nvim-regexplainer/plugin/nvim-regexplainer.lua , size = 0.917 KB
[20:16:38.272][info] [#0:script/workspace/loading.lua:100]: Preload file at: file:///Users/florian/.dotfiles/.config/nvim/lazy/nvim-regexplainer/lua/regexplainer/renderers/narrative/init.lua , size = 0.871 KB
[20:16:38.273][info] [#0:script/workspace/loading.lua:100]: Preload file at: file:///Users/florian/.dotfiles/.config/nvim/lazy/nvim-regexplainer/lua/regexplainer/renderers/init.lua , size = 0.542 KB
[20:16:38.273][info] [#0:script/workspace/loading.lua:100]: Preload file at: file:///Users/florian/.dotfiles/.config/nvim/lazy/nvim-regexplainer/lua/regexplainer/renderers/graphical/init.lua , size = 11.607 KB
[20:16:38.275][info] [#0:script/workspace/loading.lua:100]: Preload file at: file:///Users/florian/.dotfiles/.config/nvim/lazy/nvim-regexplainer/lua/regexplainer/renderers/debug/init.lua , size = 0.849 KB
[20:16:38.275][info] [#0:script/workspace/loading.lua:100]: Preload file at: file:///Users/florian/.dotfiles/.config/nvim/lazy/nvim-regexplainer/lua/regexplainer/renderers/narrative/narrative.lua , size = 8.976 KB
[20:16:38.278][info] [#0:script/workspace/loading.lua:100]: Preload file at: file:///Users/florian/.dotfiles/.config/nvim/lazy/nvim-regexplainer/lua/regexplainer/buffers/shared.lua , size = 1.971 KB
[20:16:38.278][info] [#0:script/workspace/loading.lua:100]: Preload file at: file:///Users/florian/.dotfiles/.config/nvim/lazy/nvim-regexplainer/lua/regexplainer/buffers/register.lua , size = 1.830 KB
[20:16:38.279][info] [#0:script/workspace/loading.lua:100]: Preload file at: file:///Users/florian/.dotfiles/.config/nvim/lazy/nvim-regexplainer/lua/regexplainer/buffers/popup.lua , size = 13.561 KB
[20:16:38.281][info] [#0:script/workspace/loading.lua:100]: Preload file at: file:///Users/florian/.dotfiles/.config/nvim/lazy/nvim-regexplainer/lua/regexplainer/buffers/init.lua , size = 4.238 KB
[20:16:38.282][info] [#0:script/workspace/loading.lua:100]: Preload file at: file:///Users/florian/.dotfiles/.config/nvim/lazy/nvim-regexplainer/lua/regexplainer/health.lua , size = 4.043 KB
[20:16:38.283][info] [#0:script/workspace/loading.lua:100]: Preload file at: file:///Users/florian/.dotfiles/.config/nvim/lazy/nvim-regexplainer/lua/regexplainer/buffers/split.lua , size = 6.567 KB
[20:16:38.284][info] [#0:script/workspace/loading.lua:100]: Preload file at: file:///Users/florian/.dotfiles/.config/nvim/lazy/nvim-regexplainer/lua/regexplainer/cache.lua , size = 2.722 KB
[20:16:38.285][info] [#0:script/workspace/loading.lua:100]: Preload file at: file:///Users/florian/.dotfiles/.config/nvim/lazy/nvim-regexplainer/lua/regexplainer/component/predicates.lua , size = 2.667 KB
[20:16:38.285][info] [#0:script/workspace/loading.lua:100]: Preload file at: file:///Users/florian/.dotfiles/.config/nvim/lazy/nvim-regexplainer/lua/regexplainer/component/descriptions.lua , size = 2.386 KB
[20:16:38.286][info] [#0:script/workspace/loading.lua:100]: Preload file at: file:///Users/florian/.dotfiles/.config/nvim/lazy/nvim-regexplainer/lua/regexplainer/utils/init.lua , size = 1.559 KB
[20:16:38.287][info] [#0:script/workspace/loading.lua:100]: Preload file at: file:///Users/florian/.dotfiles/.config/nvim/lazy/nvim-regexplainer/lua/regexplainer/component/init.lua , size = 9.909 KB
[20:16:38.288][info] [#0:script/workspace/loading.lua:100]: Preload file at: file:///Users/florian/.dotfiles/.config/nvim/lazy/nvim-regexplainer/lua/regexplainer/utils/treesitter.lua , size = 4.229 KB
[20:16:38.289][info] [#0:script/workspace/loading.lua:100]: Preload file at: file:///Users/florian/.dotfiles/.config/nvim/lazy/nvim-regexplainer/lua/regexplainer/graphics/init.lua , size = 2.124 KB
[20:16:38.290][info] [#0:script/workspace/loading.lua:100]: Preload file at: file:///Users/florian/.dotfiles/.config/nvim/lazy/nvim-regexplainer/lua/regexplainer/graphics/hologram.lua , size = 4.020 KB
[20:16:38.291][info] [#0:script/workspace/loading.lua:100]: Preload file at: file:///Users/florian/.dotfiles/.config/nvim/lazy/nvim-regexplainer/lua/regexplainer/deps/init.lua , size = 10.291 KB
[20:16:38.293][info] [#0:script/workspace/loading.lua:100]: Preload file at: file:///Users/florian/.dotfiles/.config/nvim/lazy/nvim-regexplainer/lua/regexplainer.lua , size = 7.355 KB
[20:16:38.295][info] [#0:script/workspace/loading.lua:100]: Preload file at: file:///Users/florian/.dotfiles/.config/nvim/lazy/blink.nvim/lua/blink/tree/init.lua , size = 1.904 KB
[20:16:38.295][info] [#0:script/workspace/loading.lua:100]: Preload file at: file:///Users/florian/.dotfiles/.config/nvim/lazy/blink.nvim/lua/blink/tree/renderer.lua , size = 6.236 KB
[20:16:38.296][info] [#0:script/workspace/loading.lua:100]: Preload file at: file:///Users/florian/.dotfiles/.config/nvim/lazy/blink.nvim/lua/blink/tree/config.lua , size = 0.372 KB
[20:16:38.297][info] [#0:script/workspace/loading.lua:100]: Preload file at: file:///Users/florian/.dotfiles/.config/nvim/lazy/blink.nvim/lua/blink/tree/popup.lua , size = 2.002 KB
[20:16:38.297][info] [#0:script/workspace/loading.lua:100]: Preload file at: file:///Users/florian/.dotfiles/.config/nvim/lazy/blink.nvim/lua/blink/tree/window.lua , size = 7.201 KB
[20:16:38.299][info] [#0:script/workspace/loading.lua:100]: Preload file at: file:///Users/florian/.dotfiles/.config/nvim/lazy/blink.nvim/lua/blink/clue/init.lua , size = 76.726 KB
[20:16:38.311][info] [#0:script/workspace/loading.lua:100]: Preload file at: file:///Users/florian/.dotfiles/.config/nvim/lazy/blink.nvim/lua/blink/tree/tree.lua , size = 2.356 KB
[20:16:38.312][info] [#0:script/workspace/loading.lua:100]: Preload file at: file:///Users/florian/.dotfiles/.config/nvim/lazy/blink.nvim/lua/blink/tree/lib/uv.lua , size = 0.682 KB
[20:16:38.312][info] [#0:script/workspace/loading.lua:100]: Preload file at: file:///Users/florian/.dotfiles/.config/nvim/lazy/blink.nvim/lua/blink/tree/lib/fs.lua , size = 4.130 KB
[20:16:38.313][info] [#0:script/workspace/loading.lua:100]: Preload file at: file:///Users/florian/.dotfiles/.config/nvim/lazy/blink.nvim/lua/blink/tree/lib/tree.lua , size = 5.418 KB
[20:16:38.314][info] [#0:script/workspace/loading.lua:100]: Preload file at: file:///Users/florian/.dotfiles/.config/nvim/lazy/blink.nvim/lua/blink/tree/git/ignore.lua , size = 0.917 KB
[20:16:38.315][info] [#0:script/workspace/loading.lua:100]: Preload file at: file:///Users/florian/.dotfiles/.config/nvim/lazy/blink.nvim/lua/blink/tree/lib/utils.lua , size = 1.397 KB
[20:16:38.315][info] [#0:script/workspace/loading.lua:100]: Preload file at: file:///Users/florian/.dotfiles/.config/nvim/lazy/blink.nvim/lua/blink/tree/git/init.lua , size = 4.102 KB
[20:16:38.316][info] [#0:script/workspace/loading.lua:100]: Preload file at: file:///Users/florian/.dotfiles/.config/nvim/lazy/blink.nvim/lua/blink/tree/git/stat.lua , size = 1.264 KB
[20:16:38.317][info] [#0:script/workspace/loading.lua:100]: Preload file at: file:///Users/florian/.dotfiles/.config/nvim/lazy/blink.nvim/lua/blink/tree/git/git2.lua , size = 106.538 KB
[20:16:38.346][info] [#0:script/workspace/loading.lua:100]: Preload file at: file:///Users/florian/.dotfiles/.config/nvim/lazy/blink.nvim/lua/blink/tree/binds/init.lua , size = 0.882 KB
[20:16:38.347][info] [#0:script/workspace/loading.lua:100]: Preload file at: file:///Users/florian/.dotfiles/.config/nvim/lazy/blink.nvim/lua/blink/tree/git/libgit2.lua , size = 52.342 KB
[20:16:38.352][info] [#0:script/workspace/loading.lua:100]: Preload file at: file:///Users/florian/.dotfiles/.config/nvim/lazy/blink.nvim/lua/blink/tree/binds/expand.lua , size = 0.277 KB
[20:16:38.352][info] [#0:script/workspace/loading.lua:100]: Preload file at: file:///Users/florian/.dotfiles/.config/nvim/lazy/blink.nvim/lua/blink/tree/binds/activate.lua , size = 0.665 KB
[20:16:38.352][info] [#0:script/workspace/loading.lua:100]: Preload file at: file:///Users/florian/.dotfiles/.config/nvim/lazy/blink.nvim/lua/blink/tree/binds/move.lua , size = 1.145 KB
[20:16:38.353][info] [#0:script/workspace/loading.lua:100]: Preload file at: file:///Users/florian/.dotfiles/.config/nvim/lazy/blink.nvim/lua/blink/tree/binds/basic.lua , size = 1.456 KB
[20:16:38.353][info] [#0:script/workspace/loading.lua:100]: Preload file at: file:///Users/florian/.dotfiles/.config/nvim/lazy/blink.nvim/lua/blink/init.lua , size = 0.656 KB
[20:16:38.353][info] [#0:script/workspace/loading.lua:100]: Preload file at: file:///Users/florian/.dotfiles/.config/nvim/lazy/blink.nvim/lua/blink/render/types.lua , size = 0.884 KB
[20:16:38.354][info] [#0:script/workspace/loading.lua:100]: Preload file at: file:///Users/florian/.dotfiles/.config/nvim/lazy/blink.nvim/lua/blink/config.lua , size = 0.376 KB
[20:16:38.354][info] [#0:script/workspace/loading.lua:100]: Preload file at: file:///Users/florian/.dotfiles/.config/nvim/lazy/blink.nvim/lua/blink/dashboard/init.lua , size = 1.469 KB
[20:16:38.354][info] [#0:script/workspace/loading.lua:100]: Preload file at: file:///Users/florian/.dotfiles/.config/nvim/lazy/blink.nvim/lua/blink/select/init.lua , size = 0.334 KB
[20:16:38.354][info] [#0:script/workspace/loading.lua:100]: Preload file at: file:///Users/florian/.dotfiles/.config/nvim/lazy/blink.nvim/lua/blink/select/renderer.lua , size = 0.891 KB
[20:16:38.355][info] [#0:script/workspace/loading.lua:100]: Preload file at: file:///Users/florian/.dotfiles/.config/nvim/lazy/blink.nvim/lua/blink/select/providers/buffers.lua , size = 2.479 KB
[20:16:38.355][info] [#0:script/workspace/loading.lua:100]: Preload file at: file:///Users/florian/.dotfiles/.config/nvim/lazy/blink.nvim/lua/blink/select/providers/recent-commands.lua , size = 0.000 KB
[20:16:38.356][info] [#0:script/workspace/loading.lua:100]: Preload file at: file:///Users/florian/.dotfiles/.config/nvim/lazy/blink.nvim/lua/blink/select/providers/lsp/symbols.lua , size = 0.140 KB
[20:16:38.356][info] [#0:script/workspace/loading.lua:100]: Preload file at: file:///Users/florian/.dotfiles/.config/nvim/lazy/blink.nvim/lua/blink/select/providers/code-actions.lua , size = 1.841 KB
[20:16:38.356][info] [#0:script/workspace/loading.lua:100]: Preload file at: file:///Users/florian/.dotfiles/.config/nvim/lazy/blink.nvim/lua/blink/select/providers/lsp/references.lua , size = 0.000 KB
[20:16:38.356][info] [#0:script/workspace/loading.lua:100]: Preload file at: file:///Users/florian/.dotfiles/.config/nvim/lazy/blink.nvim/lua/blink/select/providers/lsp/definitions.lua , size = 0.000 KB
[20:16:38.356][info] [#0:script/workspace/loading.lua:100]: Preload file at: file:///Users/florian/.dotfiles/.config/nvim/lazy/blink.nvim/lua/blink/select/providers/recent-searches.lua , size = 1.324 KB
[20:16:38.357][info] [#0:script/workspace/loading.lua:100]: Preload file at: file:///Users/florian/.dotfiles/.config/nvim/lazy/blink.nvim/lua/blink/select/providers/diagnostics.lua , size = 2.319 KB
[20:16:38.357][info] [#0:script/workspace/loading.lua:100]: Preload file at: file:///Users/florian/.dotfiles/.config/nvim/lazy/blink.nvim/lua/blink/select/providers/yank-history.lua , size = 2.203 KB
[20:16:38.358][info] [#0:script/workspace/loading.lua:100]: Preload file at: file:///Users/florian/.dotfiles/.config/nvim/lazy/blink.nvim/lua/blink/select/providers/smart-open.lua , size = 2.975 KB
[20:16:38.359][info] [#0:script/workspace/loading.lua:100]: Preload file at: file:///Users/florian/.dotfiles/.config/nvim/lazy/blink.nvim/lua/blink/select/config.lua , size = 1.068 KB
[20:16:38.359][info] [#0:script/workspace/loading.lua:100]: Preload file at: file:///Users/florian/.dotfiles/.config/nvim/lazy/blink.nvim/lua/blink/select/types.lua , size = 0.697 KB
[20:16:38.360][info] [#0:script/workspace/loading.lua:100]: Preload file at: file:///Users/florian/.dotfiles/.config/nvim/lazy/blink.nvim/lua/blink/select/window.lua , size = 8.150 KB
[20:16:38.362][info] [#0:script/workspace/loading.lua:100]: Preload file at: file:///Users/florian/.dotfiles/.config/nvim/lazy/blink.nvim/lua/blink/chartoggle/config.lua , size = 0.222 KB
[20:16:38.362][info] [#0:script/workspace/loading.lua:100]: Preload file at: file:///Users/florian/.dotfiles/.config/nvim/lazy/blink.nvim/lua/blink/chartoggle/init.lua , size = 1.285 KB
[20:16:38.362][info] [#0:script/workspace/loading.lua:100]: Preload file at: file:///Users/florian/.dotfiles/.config/nvim/lazy/twilight.nvim/lua/twilight/init.lua , size = 0.314 KB
[20:16:38.362][info] [#0:script/workspace/loading.lua:100]: Preload file at: file:///Users/florian/.dotfiles/.config/nvim/lazy/twilight.nvim/lua/twilight/config.lua , size = 1.909 KB
[20:16:38.363][info] [#0:script/workspace/loading.lua:100]: Preload file at: file:///Users/florian/.dotfiles/.config/nvim/lazy/twilight.nvim/lua/twilight/view.lua , size = 6.478 KB
[20:16:38.365][info] [#0:script/workspace/loading.lua:100]: Preload file at: file:///Users/florian/.dotfiles/.config/nvim/lazy/nui.nvim/tests/init.lua , size = 0.666 KB
[20:16:38.365][info] [#0:script/workspace/loading.lua:100]: Preload file at: file:///Users/florian/.dotfiles/.config/nvim/lazy/twilight.nvim/lua/twilight/util.lua , size = 1.324 KB
[20:16:38.365][info] [#0:script/workspace/loading.lua:100]: Preload file at: file:///Users/florian/.dotfiles/.config/nvim/lazy/nui.nvim/tests/nui/tree/init_spec.lua , size = 20.555 KB
[20:16:38.370][info] [#0:script/workspace/loading.lua:100]: Preload file at: file:///Users/florian/.dotfiles/.config/nvim/lazy/nui.nvim/tests/nui/split/init_spec.lua , size = 19.805 KB
[20:16:38.374][info] [#0:script/workspace/loading.lua:100]: Preload file at: file:///Users/florian/.dotfiles/.config/nvim/lazy/nui.nvim/tests/nui/popup/border_spec.lua , size = 26.951 KB
[20:16:38.379][info] [#0:script/workspace/loading.lua:100]: Preload file at: file:///Users/florian/.dotfiles/.config/nvim/lazy/nui.nvim/tests/nui/popup/init_spec.lua , size = 25.029 KB
[20:16:38.384][info] [#0:script/workspace/loading.lua:100]: Preload file at: file:///Users/florian/.dotfiles/.config/nvim/lazy/nui.nvim/tests/nui/input/init_spec.lua , size = 5.659 KB
[20:16:38.385][info] [#0:script/workspace/loading.lua:100]: Preload file at: file:///Users/florian/.dotfiles/.config/nvim/lazy/nui.nvim/tests/nui/layout/init_spec.lua , size = 50.580 KB
[20:16:38.396][info] [#0:script/workspace/loading.lua:100]: Preload file at: file:///Users/florian/.dotfiles/.config/nvim/lazy/nui.nvim/tests/nui/object/init_spec.lua , size = 10.572 KB
[20:16:38.398][info] [#0:script/workspace/loading.lua:100]: Preload file at: file:///Users/florian/.dotfiles/.config/nvim/lazy/nui.nvim/tests/nui/layout/utils_spec.lua , size = 3.308 KB
[20:16:38.399][info] [#0:script/workspace/loading.lua:100]: Preload file at: file:///Users/florian/.dotfiles/.config/nvim/lazy/nui.nvim/tests/nui/table/init_spec.lua , size = 18.558 KB
[20:16:38.402][info] [#0:script/workspace/loading.lua:100]: Preload file at: file:///Users/florian/.dotfiles/.config/nvim/lazy/nui.nvim/tests/nui/line/init_spec.lua , size = 4.115 KB
[20:16:38.403][info] [#0:script/workspace/loading.lua:100]: Preload file at: file:///Users/florian/.dotfiles/.config/nvim/lazy/nui.nvim/tests/nui/menu/init_spec.lua , size = 12.775 KB
[20:16:38.405][info] [#0:script/workspace/loading.lua:100]: Preload file at: file:///Users/florian/.dotfiles/.config/nvim/lazy/nui.nvim/tests/nui/text/init_spec.lua , size = 7.510 KB
[20:16:38.407][info] [#0:script/workspace/loading.lua:100]: Preload file at: file:///Users/florian/.dotfiles/.config/nvim/lazy/nui.nvim/tests/helpers/init.lua , size = 7.887 KB
[20:16:38.409][info] [#0:script/workspace/loading.lua:100]: Preload file at: file:///Users/florian/.dotfiles/.config/nvim/lazy/nui.nvim/lua/nui/split/utils.lua , size = 5.017 KB
[20:16:38.411][info] [#0:script/workspace/loading.lua:100]: Preload file at: file:///Users/florian/.dotfiles/.config/nvim/lazy/nui.nvim/lua/nui/split/init.lua , size = 9.674 KB
[20:16:38.413][info] [#0:script/workspace/loading.lua:100]: Preload file at: file:///Users/florian/.dotfiles/.config/nvim/lazy/nui.nvim/lua/nui/tree/init.lua , size = 12.443 KB
[20:16:38.417][info] [#0:script/workspace/loading.lua:100]: Preload file at: file:///Users/florian/.dotfiles/.config/nvim/lazy/nui.nvim/lua/nui/tree/util.lua , size = 1.295 KB
[20:16:38.417][info] [#0:script/workspace/loading.lua:100]: Preload file at: file:///Users/florian/.dotfiles/.config/nvim/lazy/nui.nvim/lua/nui/popup/border.lua , size = 19.831 KB
[20:16:38.422][info] [#0:script/workspace/loading.lua:100]: Preload file at: file:///Users/florian/.dotfiles/.config/nvim/lazy/nui.nvim/lua/nui/input/init.lua , size = 4.903 KB
[20:16:38.424][info] [#0:script/workspace/loading.lua:100]: Preload file at: file:///Users/florian/.dotfiles/.config/nvim/lazy/nui.nvim/lua/nui/popup/init.lua , size = 10.643 KB
[20:16:38.427][info] [#0:script/workspace/loading.lua:100]: Preload file at: file:///Users/florian/.dotfiles/.config/nvim/lazy/nui.nvim/lua/nui/layout/float.lua , size = 6.060 KB
[20:16:38.428][info] [#0:script/workspace/loading.lua:100]: Preload file at: file:///Users/florian/.dotfiles/.config/nvim/lazy/nui.nvim/lua/nui/layout/init.lua , size = 13.246 KB
[20:16:38.431][info] [#0:script/workspace/loading.lua:100]: Preload file at: file:///Users/florian/.dotfiles/.config/nvim/lazy/nui.nvim/lua/nui/layout/utils.lua , size = 6.753 KB
[20:16:38.433][info] [#0:script/workspace/loading.lua:100]: Preload file at: file:///Users/florian/.dotfiles/.config/nvim/lazy/nui.nvim/lua/nui/layout/split.lua , size = 7.300 KB
[20:16:38.435][info] [#0:script/workspace/loading.lua:100]: Preload file at: file:///Users/florian/.dotfiles/.config/nvim/lazy/nui.nvim/lua/nui/utils/keymap.lua , size = 3.722 KB
[20:16:38.436][info] [#0:script/workspace/loading.lua:100]: Preload file at: file:///Users/florian/.dotfiles/.config/nvim/lazy/nui.nvim/lua/nui/utils/init.lua , size = 10.085 KB
[20:16:38.438][info] [#0:script/workspace/loading.lua:100]: Preload file at: file:///Users/florian/.dotfiles/.config/nvim/lazy/nui.nvim/lua/nui/utils/buf_storage.lua , size = 0.743 KB
[20:16:38.439][info] [#0:script/workspace/loading.lua:100]: Preload file at: file:///Users/florian/.dotfiles/.config/nvim/lazy/nui.nvim/lua/nui/utils/autocmd.lua , size = 13.727 KB
[20:16:38.442][info] [#0:script/workspace/loading.lua:100]: Preload file at: file:///Users/florian/.dotfiles/.config/nvim/lazy/nui.nvim/lua/nui/line/init.lua , size = 2.204 KB
[20:16:38.443][info] [#0:script/workspace/loading.lua:100]: Preload file at: file:///Users/florian/.dotfiles/.config/nvim/lazy/nui.nvim/lua/nui/object/init.lua , size = 3.635 KB
[20:16:38.444][info] [#0:script/workspace/loading.lua:100]: Preload file at: file:///Users/florian/.dotfiles/.config/nvim/lazy/nui.nvim/lua/nui/table/init.lua , size = 18.153 KB
[20:16:38.449][info] [#0:script/workspace/loading.lua:100]: Preload file at: file:///Users/florian/.dotfiles/.config/nvim/lazy/nui.nvim/lua/nui/text/init.lua , size = 3.452 KB
[20:16:38.450][info] [#0:script/workspace/loading.lua:100]: Preload file at: file:///Users/florian/.dotfiles/.config/nvim/lazy/nui.nvim/lua/nui/menu/init.lua , size = 9.733 KB
[20:16:38.452][info] [#0:script/workspace/loading.lua:100]: Preload file at: file:///Users/florian/.dotfiles/.config/nvim/lazy/bookmarks.nvim/lua/telescope/_extensions/bookmarks.lua , size = 2.103 KB
[20:16:38.453][info] [#0:script/workspace/loading.lua:100]: Preload file at: file:///Users/florian/.dotfiles/.config/nvim/lazy/bookmarks.nvim/lua/bookmarks/actions.lua , size = 5.399 KB
[20:16:38.454][info] [#0:script/workspace/loading.lua:100]: Preload file at: file:///Users/florian/.dotfiles/.config/nvim/lazy/bookmarks.nvim/lua/bookmarks/async.lua , size = 1.729 KB
[20:16:38.455][info] [#0:script/workspace/loading.lua:100]: Preload file at: file:///Users/florian/.dotfiles/.config/nvim/lazy/bookmarks.nvim/lua/bookmarks/highlight.lua , size = 0.752 KB
[20:16:38.455][info] [#0:script/workspace/loading.lua:100]: Preload file at: file:///Users/florian/.dotfiles/.config/nvim/lazy/bookmarks.nvim/lua/bookmarks/nvim.lua , size = 1.053 KB
[20:16:38.455][info] [#0:script/workspace/loading.lua:100]: Preload file at: file:///Users/florian/.dotfiles/.config/nvim/lazy/bookmarks.nvim/lua/bookmarks/config.lua , size = 2.143 KB
[20:16:38.456][info] [#0:script/workspace/loading.lua:100]: Preload file at: file:///Users/florian/.dotfiles/.config/nvim/lazy/bookmarks.nvim/lua/bookmarks/signs.lua , size = 1.600 KB
[20:16:38.457][info] [#0:script/workspace/loading.lua:100]: Preload file at: file:///Users/florian/.dotfiles/.config/nvim/lazy/bookmarks.nvim/lua/bookmarks/util.lua , size = 3.441 KB
[20:16:38.458][info] [#0:script/workspace/loading.lua:100]: Preload file at: file:///Users/florian/.dotfiles/.config/nvim/lazy/bookmarks.nvim/lua/bookmarks.lua , size = 1.903 KB
[20:16:38.458][info] [#0:script/workspace/loading.lua:100]: Preload file at: file:///Users/florian/.dotfiles/.config/nvim/lazy/flow.nvim/lua/lualine/themes/flow.lua , size = 1.608 KB
[20:16:38.459][info] [#0:script/workspace/loading.lua:100]: Preload file at: file:///Users/florian/.dotfiles/.config/nvim/lazy/flow.nvim/lua/flow/palette.lua , size = 5.911 KB
[20:16:38.460][info] [#0:script/workspace/loading.lua:100]: Preload file at: file:///Users/florian/.dotfiles/.config/nvim/lazy/mini.icons/lua/mini/icons.lua , size = 119.093 KB
[20:16:38.476][info] [#0:script/workspace/loading.lua:100]: Preload file at: file:///Users/florian/.dotfiles/.config/nvim/lazy/flow.nvim/lua/flow/init.lua , size = 1.145 KB
[20:16:38.477][info] [#0:script/workspace/loading.lua:100]: Preload file at: file:///Users/florian/.dotfiles/.config/nvim/lazy/flow.nvim/lua/flow/theme.lua , size = 1.204 KB
[20:16:38.477][info] [#0:script/workspace/loading.lua:100]: Preload file at: file:///Users/florian/.dotfiles/.config/nvim/lazy/flow.nvim/lua/flow/colors.lua , size = 8.191 KB
[20:16:38.478][info] [#0:script/workspace/loading.lua:100]: Preload file at: file:///Users/florian/.dotfiles/.config/nvim/lazy/flow.nvim/lua/flow/config.lua , size = 4.448 KB
[20:16:38.479][info] [#0:script/workspace/loading.lua:100]: Preload file at: file:///Users/florian/.dotfiles/.config/nvim/lazy/flow.nvim/lua/flow/extra/init.lua , size = 0.299 KB
[20:16:38.480][info] [#0:script/workspace/loading.lua:100]: Preload file at: file:///Users/florian/.dotfiles/.config/nvim/lazy/flow.nvim/lua/flow/extra/main.lua , size = 2.412 KB
[20:16:38.480][info] [#0:script/workspace/loading.lua:100]: Preload file at: file:///Users/florian/.dotfiles/.config/nvim/lazy/flow.nvim/lua/flow/extra/template/fzf.lua , size = 0.604 KB
[20:16:38.480][info] [#0:script/workspace/loading.lua:100]: Preload file at: file:///Users/florian/.dotfiles/.config/nvim/lazy/flow.nvim/lua/flow/extra/template/alacritty.lua , size = 1.355 KB
[20:16:38.480][info] [#0:script/workspace/loading.lua:100]: Preload file at: file:///Users/florian/.dotfiles/.config/nvim/lazy/flow.nvim/lua/flow/extra/template/ghostty.lua , size = 0.748 KB
[20:16:38.481][info] [#0:script/workspace/loading.lua:100]: Preload file at: file:///Users/florian/.dotfiles/.config/nvim/lazy/flow.nvim/lua/flow/extra/template/kitty.lua , size = 0.950 KB
[20:16:38.481][info] [#0:script/workspace/loading.lua:100]: Preload file at: file:///Users/florian/.dotfiles/.config/nvim/lazy/flow.nvim/lua/flow/extra/config.lua , size = 2.279 KB
[20:16:38.481][info] [#0:script/workspace/loading.lua:100]: Preload file at: file:///Users/florian/.dotfiles/.config/nvim/lazy/flow.nvim/lua/flow/highlights/oil.lua , size = 0.196 KB
[20:16:38.481][info] [#0:script/workspace/loading.lua:100]: Preload file at: file:///Users/florian/.dotfiles/.config/nvim/lazy/flow.nvim/lua/flow/extra/template/tmux.lua , size = 1.146 KB
[20:16:38.481][info] [#0:script/workspace/loading.lua:100]: Preload file at: file:///Users/florian/.dotfiles/.config/nvim/lazy/flow.nvim/lua/flow/highlights/syntax.lua , size = 2.795 KB
[20:16:38.482][info] [#0:script/workspace/loading.lua:100]: Preload file at: file:///Users/florian/.dotfiles/.config/nvim/lazy/flow.nvim/lua/flow/highlights/markdown.lua , size = 2.656 KB
[20:16:38.483][info] [#0:script/workspace/loading.lua:100]: Preload file at: file:///Users/florian/.dotfiles/.config/nvim/lazy/flow.nvim/lua/flow/highlights/diagnostic.lua , size = 1.459 KB
[20:16:38.483][info] [#0:script/workspace/loading.lua:100]: Preload file at: file:///Users/florian/.dotfiles/.config/nvim/lazy/flow.nvim/lua/flow/highlights/git.lua , size = 2.065 KB
[20:16:38.483][info] [#0:script/workspace/loading.lua:100]: Preload file at: file:///Users/florian/.dotfiles/.config/nvim/lazy/flow.nvim/lua/flow/highlights/telescope.lua , size = 1.459 KB
[20:16:38.484][info] [#0:script/workspace/loading.lua:100]: Preload file at: file:///Users/florian/.dotfiles/.config/nvim/lazy/flow.nvim/lua/flow/highlights/todo-comments.lua , size = 0.390 KB
[20:16:38.484][info] [#0:script/workspace/loading.lua:100]: Preload file at: file:///Users/florian/.dotfiles/.config/nvim/lazy/flow.nvim/lua/flow/highlights/trouble.lua , size = 0.382 KB
[20:16:38.484][info] [#0:script/workspace/loading.lua:100]: Preload file at: file:///Users/florian/.dotfiles/.config/nvim/lazy/flow.nvim/lua/flow/highlights/ibl.lua , size = 0.164 KB
[20:16:38.484][info] [#0:script/workspace/loading.lua:100]: Preload file at: file:///Users/florian/.dotfiles/.config/nvim/lazy/flow.nvim/lua/flow/highlights/lsp.lua , size = 0.790 KB
[20:16:38.484][info] [#0:script/workspace/loading.lua:100]: Preload file at: file:///Users/florian/.dotfiles/.config/nvim/lazy/flow.nvim/lua/flow/highlights/mini-hipatterns.lua , size = 0.447 KB
[20:16:38.485][info] [#0:script/workspace/loading.lua:100]: Preload file at: file:///Users/florian/.dotfiles/.config/nvim/lazy/flow.nvim/lua/flow/highlights/whichkey.lua , size = 0.475 KB
[20:16:38.485][info] [#0:script/workspace/loading.lua:100]: Preload file at: file:///Users/florian/.dotfiles/.config/nvim/lazy/flow.nvim/lua/flow/highlights/treesitter.lua , size = 7.296 KB
[20:16:38.486][info] [#0:script/workspace/loading.lua:100]: Preload file at: file:///Users/florian/.dotfiles/.config/nvim/lazy/flow.nvim/lua/flow/highlights/base.lua , size = 6.837 KB
[20:16:38.487][info] [#0:script/workspace/loading.lua:100]: Preload file at: file:///Users/florian/.dotfiles/.config/nvim/lazy/flow.nvim/lua/flow/highlights/avante.lua , size = 0.481 KB
[20:16:38.487][info] [#0:script/workspace/loading.lua:100]: Preload file at: file:///Users/florian/.dotfiles/.config/nvim/lazy/flow.nvim/lua/flow/highlights/completion.lua , size = 1.683 KB
[20:16:38.488][info] [#0:script/workspace/loading.lua:100]: Preload file at: file:///Users/florian/.dotfiles/.config/nvim/lazy/flow.nvim/lua/flow/highlights/lazy.lua , size = 0.896 KB
[20:16:38.488][info] [#0:script/workspace/loading.lua:100]: Preload file at: file:///Users/florian/.dotfiles/.config/nvim/lazy/flow.nvim/lua/flow/highlights/dap.lua , size = 1.748 KB
[20:16:38.488][info] [#0:script/workspace/loading.lua:100]: Preload file at: file:///Users/florian/.dotfiles/.config/nvim/lazy/flow.nvim/lua/flow/highlights/render-markdown.lua , size = 1.912 KB
[20:16:38.489][info] [#0:script/workspace/loading.lua:100]: Preload file at: file:///Users/florian/.dotfiles/.config/nvim/lazy/flow.nvim/lua/flow/highlights/undotree.lua , size = 0.285 KB
[20:16:38.489][info] [#0:script/workspace/loading.lua:100]: Preload file at: file:///Users/florian/.dotfiles/.config/nvim/lazy/flow.nvim/lua/flow/util.lua , size = 2.578 KB
[20:16:38.490][info] [#0:script/workspace/loading.lua:100]: Preload file at: file:///Users/florian/.dotfiles/.config/nvim/lazy/flow.nvim/lua/flow/highlights/mason.lua , size = 0.393 KB
[20:16:38.490][info] [#0:script/workspace/loading.lua:100]: Preload file at: file:///Users/florian/.dotfiles/.config/nvim/lazy/flow.nvim/scripts/generate-extras.lua , size = 1.179 KB
[20:16:38.490][info] [#0:script/workspace/loading.lua:100]: Preload file at: file:///Users/florian/.dotfiles/.config/nvim/lazy/flow.nvim/colors/flow.lua , size = 0.022 KB
[20:16:38.490][info] [#0:script/workspace/loading.lua:100]: Preload file at: file:///Users/florian/.dotfiles/.config/nvim/lazy/zenbones.nvim/lua/seoulbones/palette.lua , size = 0.725 KB
[20:16:38.491][info] [#0:script/workspace/loading.lua:100]: Preload file at: file:///Users/florian/.dotfiles/.config/nvim/lazy/zenbones.nvim/lua/seoulbones/init.lua , size = 1.559 KB
[20:16:38.491][info] [#0:script/workspace/loading.lua:100]: Preload file at: file:///Users/florian/.dotfiles/.config/nvim/lazy/zenbones.nvim/lua/neobones/init.lua , size = 1.074 KB
[20:16:38.492][info] [#0:script/workspace/loading.lua:100]: Preload file at: file:///Users/florian/.dotfiles/.config/nvim/lazy/zenbones.nvim/lua/neobones/palette.lua , size = 0.570 KB
[20:16:38.492][info] [#0:script/workspace/loading.lua:100]: Preload file at: file:///Users/florian/.dotfiles/.config/nvim/lazy/zenbones.nvim/lua/kanagawabones/init.lua , size = 0.197 KB
[20:16:38.492][info] [#0:script/workspace/loading.lua:100]: Preload file at: file:///Users/florian/.dotfiles/.config/nvim/lazy/zenbones.nvim/lua/kanagawabones/palette.lua , size = 0.348 KB
[20:16:38.492][info] [#0:script/workspace/loading.lua:100]: Preload file at: file:///Users/florian/.dotfiles/.config/nvim/lazy/zenbones.nvim/lua/duckbones/palette.lua , size = 0.376 KB
[20:16:38.492][info] [#0:script/workspace/loading.lua:100]: Preload file at: file:///Users/florian/.dotfiles/.config/nvim/lazy/zenbones.nvim/lua/duckbones/init.lua , size = 0.523 KB
[20:16:38.492][info] [#0:script/workspace/loading.lua:100]: Preload file at: file:///Users/florian/.dotfiles/.config/nvim/lazy/zenbones.nvim/lua/forestbones/palette.lua , size = 0.771 KB
[20:16:38.493][info] [#0:script/workspace/loading.lua:100]: Preload file at: file:///Users/florian/.dotfiles/.config/nvim/lazy/zenbones.nvim/lua/forestbones/init.lua , size = 0.538 KB
[20:16:38.493][info] [#0:script/workspace/loading.lua:100]: Preload file at: file:///Users/florian/.dotfiles/.config/nvim/lazy/zenbones.nvim/lua/randombones_dark/palette.lua , size = 0.059 KB
[20:16:38.493][info] [#0:script/workspace/loading.lua:100]: Preload file at: file:///Users/florian/.dotfiles/.config/nvim/lazy/zenbones.nvim/lua/randombones_dark/init.lua , size = 0.045 KB
[20:16:38.493][info] [#0:script/workspace/loading.lua:100]: Preload file at: file:///Users/florian/.dotfiles/.config/nvim/lazy/zenbones.nvim/lua/vimbones/palette.lua , size = 0.232 KB
[20:16:38.493][info] [#0:script/workspace/loading.lua:100]: Preload file at: file:///Users/florian/.dotfiles/.config/nvim/lazy/zenbones.nvim/lua/vimbones/init.lua , size = 0.565 KB
[20:16:38.493][info] [#0:script/workspace/loading.lua:100]: Preload file at: file:///Users/florian/.dotfiles/.config/nvim/lazy/zenbones.nvim/lua/rosebones/palette.lua , size = 1.057 KB
[20:16:38.494][info] [#0:script/workspace/loading.lua:100]: Preload file at: file:///Users/florian/.dotfiles/.config/nvim/lazy/zenbones.nvim/lua/rosebones/init.lua , size = 0.521 KB
[20:16:38.494][info] [#0:script/workspace/loading.lua:100]: Preload file at: file:///Users/florian/.dotfiles/.config/nvim/lazy/zenbones.nvim/lua/zenbones/palette.lua , size = 0.143 KB
[20:16:38.494][info] [#0:script/workspace/loading.lua:100]: Preload file at: file:///Users/florian/.dotfiles/.config/nvim/lazy/zenbones.nvim/lua/zenbones/init.lua , size = 0.188 KB
[20:16:38.494][info] [#0:script/workspace/loading.lua:100]: Preload file at: file:///Users/florian/.dotfiles/.config/nvim/lazy/zenbones.nvim/lua/zenbones/specs/init.lua , size = 1.705 KB
[20:16:38.495][info] [#0:script/workspace/loading.lua:100]: Preload file at: file:///Users/florian/.dotfiles/.config/nvim/lazy/zenbones.nvim/lua/zenbones/specs/dark.lua , size = 30.006 KB
[20:16:38.791][warn] [#0:script/files.lua:704]: Compile [file:///Users/florian/.dotfiles/.config/nvim/lazy/zenbones.nvim/lua/zenbones/specs/dark.lua] takes [0.271] sec, size [30.726] kb.
[20:16:38.793][info] [#0:script/workspace/loading.lua:100]: Preload file at: file:///Users/florian/.dotfiles/.config/nvim/lazy/zenbones.nvim/lua/zenbones/specs/light.lua , size = 29.993 KB
[20:16:38.799][info] [#0:script/workspace/loading.lua:100]: Preload file at: file:///Users/florian/.dotfiles/.config/nvim/lazy/zenbones.nvim/lua/zenbones/term.lua , size = 1.340 KB
[20:16:38.811][info] [#0:script/workspace/loading.lua:100]: Preload file at: file:///Users/florian/.dotfiles/.config/nvim/lazy/zenbones.nvim/lua/zenbones/util.lua , size = 3.130 KB
[20:16:38.812][info] [#0:script/workspace/loading.lua:100]: Preload file at: file:///Users/florian/.dotfiles/.config/nvim/lazy/zenbones.nvim/lua/zenbones/shipwright/transform.lua , size = 0.340 KB
[20:16:38.812][info] [#0:script/workspace/loading.lua:100]: Preload file at: file:///Users/florian/.dotfiles/.config/nvim/lazy/zenbones.nvim/lua/zenbones/shipwright/init.lua , size = 2.446 KB
[20:16:38.813][info] [#0:script/workspace/loading.lua:100]: Preload file at: file:///Users/florian/.dotfiles/.config/nvim/lazy/zenbones.nvim/lua/zenbones/shipwright/runners/vim.lua , size = 3.115 KB
[20:16:38.814][info] [#0:script/workspace/loading.lua:100]: Preload file at: file:///Users/florian/.dotfiles/.config/nvim/lazy/zenbones.nvim/lua/zenbones/shipwright/runners/windows_terminal.lua , size = 0.386 KB
[20:16:38.814][info] [#0:script/workspace/loading.lua:100]: Preload file at: file:///Users/florian/.dotfiles/.config/nvim/lazy/zenbones.nvim/lua/zenbones/shipwright/runners/wezterm.lua , size = 0.495 KB
[20:16:38.814][info] [#0:script/workspace/loading.lua:100]: Preload file at: file:///Users/florian/.dotfiles/.config/nvim/lazy/zenbones.nvim/lua/zenbones/shipwright/runners/lightline.lua , size = 3.328 KB
[20:16:38.815][info] [#0:script/workspace/loading.lua:100]: Preload file at: file:///Users/florian/.dotfiles/.config/nvim/lazy/zenbones.nvim/lua/zenbones/shipwright/runners/lualine.lua , size = 2.412 KB
[20:16:38.815][info] [#0:script/workspace/loading.lua:100]: Preload file at: file:///Users/florian/.dotfiles/.config/nvim/lazy/zenbones.nvim/lua/zenbones/shipwright/runners/alacritty.lua , size = 1.040 KB
[20:16:38.815][info] [#0:script/workspace/loading.lua:100]: Preload file at: file:///Users/florian/.dotfiles/.config/nvim/lazy/zenbones.nvim/lua/zenbones/shipwright/runners/iterm.lua , size = 2.560 KB
[20:16:38.816][info] [#0:script/workspace/loading.lua:100]: Preload file at: file:///Users/florian/.dotfiles/.config/nvim/lazy/zenbones.nvim/lua/zenbones/shipwright/runners/kitty.lua , size = 0.796 KB
[20:16:38.816][info] [#0:script/workspace/loading.lua:100]: Preload file at: file:///Users/florian/.dotfiles/.config/nvim/lazy/zenbones.nvim/lua/zenbones/shipwright/runners/foot.lua , size = 0.352 KB
[20:16:38.816][info] [#0:script/workspace/loading.lua:100]: Preload file at: file:///Users/florian/.dotfiles/.config/nvim/lazy/zenbones.nvim/lua/zenbones/shipwright/runners/tmux.lua , size = 1.097 KB
[20:16:38.817][info] [#0:script/workspace/loading.lua:100]: Preload file at: file:///Users/florian/.dotfiles/.config/nvim/lazy/zenbones.nvim/lua/tokyobones/palette.lua , size = 0.724 KB
[20:16:38.817][info] [#0:script/workspace/loading.lua:100]: Preload file at: file:///Users/florian/.dotfiles/.config/nvim/lazy/zenbones.nvim/lua/tokyobones/init.lua , size = 0.682 KB
[20:16:38.817][info] [#0:script/workspace/loading.lua:100]: Preload file at: file:///Users/florian/.dotfiles/.config/nvim/lazy/zenbones.nvim/lua/randombones/palette.lua , size = 0.059 KB
[20:16:38.817][info] [#0:script/workspace/loading.lua:100]: Preload file at: file:///Users/florian/.dotfiles/.config/nvim/lazy/zenbones.nvim/lua/randombones/init.lua , size = 0.045 KB
[20:16:38.818][info] [#0:script/workspace/loading.lua:100]: Preload file at: file:///Users/florian/.dotfiles/.config/nvim/lazy/zenbones.nvim/lua/nordbones/palette.lua , size = 0.757 KB
[20:16:38.818][info] [#0:script/workspace/loading.lua:100]: Preload file at: file:///Users/florian/.dotfiles/.config/nvim/lazy/zenbones.nvim/lua/nordbones/init.lua , size = 0.600 KB
[20:16:38.818][info] [#0:script/workspace/loading.lua:100]: Preload file at: file:///Users/florian/.dotfiles/.config/nvim/lazy/zenbones.nvim/lua/randombones_light/palette.lua , size = 0.059 KB
[20:16:38.818][info] [#0:script/workspace/loading.lua:100]: Preload file at: file:///Users/florian/.dotfiles/.config/nvim/lazy/zenbones.nvim/lua/randombones_light/init.lua , size = 0.045 KB
[20:16:38.818][info] [#0:script/workspace/loading.lua:100]: Preload file at: file:///Users/florian/.dotfiles/.config/nvim/lazy/zenbones.nvim/lua/zenburned/palette.lua , size = 0.237 KB
[20:16:38.819][info] [#0:script/workspace/loading.lua:100]: Preload file at: file:///Users/florian/.dotfiles/.config/nvim/lazy/zenbones.nvim/lua/lualine/themes/seoulbones_dark_default.lua , size = 0.753 KB
[20:16:38.819][info] [#0:script/workspace/loading.lua:100]: Preload file at: file:///Users/florian/.dotfiles/.config/nvim/lazy/zenbones.nvim/lua/zenburned/init.lua , size = 0.572 KB
[20:16:38.819][info] [#0:script/workspace/loading.lua:100]: Preload file at: file:///Users/florian/.dotfiles/.config/nvim/lazy/zenbones.nvim/lua/lualine/themes/zenwritten_light_default.lua , size = 0.753 KB
[20:16:38.820][info] [#0:script/workspace/loading.lua:100]: Preload file at: file:///Users/florian/.dotfiles/.config/nvim/lazy/zenbones.nvim/lua/lualine/themes/neobones_dark_stark.lua , size = 0.753 KB
[20:16:38.820][info] [#0:script/workspace/loading.lua:100]: Preload file at: file:///Users/florian/.dotfiles/.config/nvim/lazy/zenbones.nvim/lua/lualine/themes/neobones_light_dim.lua , size = 0.753 KB
[20:16:38.821][info] [#0:script/workspace/loading.lua:100]: Preload file at: file:///Users/florian/.dotfiles/.config/nvim/lazy/zenbones.nvim/lua/lualine/themes/kanagawabones_default.lua , size = 0.753 KB
[20:16:38.821][info] [#0:script/workspace/loading.lua:100]: Preload file at: file:///Users/florian/.dotfiles/.config/nvim/lazy/zenbones.nvim/lua/lualine/themes/tokyobones_dark_default.lua , size = 0.753 KB
[20:16:38.821][info] [#0:script/workspace/loading.lua:100]: Preload file at: file:///Users/florian/.dotfiles/.config/nvim/lazy/zenbones.nvim/lua/lualine/themes/randombones.lua , size = 0.079 KB
[20:16:38.821][info] [#0:script/workspace/loading.lua:100]: Preload file at: file:///Users/florian/.dotfiles/.config/nvim/lazy/zenbones.nvim/lua/lualine/themes/rosebones_dark_warm.lua , size = 0.753 KB
[20:16:38.822][info] [#0:script/workspace/loading.lua:100]: Preload file at: file:///Users/florian/.dotfiles/.config/nvim/lazy/zenbones.nvim/lua/lualine/themes/nordbones_default.lua , size = 0.753 KB
[20:16:38.822][info] [#0:script/workspace/loading.lua:100]: Preload file at: file:///Users/florian/.dotfiles/.config/nvim/lazy/zenbones.nvim/lua/lualine/themes/seoulbones_light_bright.lua , size = 0.753 KB
[20:16:38.822][info] [#0:script/workspace/loading.lua:100]: Preload file at: file:///Users/florian/.dotfiles/.config/nvim/lazy/zenbones.nvim/lua/lualine/themes/neobones_dark_warm.lua , size = 0.753 KB
[20:16:38.822][info] [#0:script/workspace/loading.lua:100]: Preload file at: file:///Users/florian/.dotfiles/.config/nvim/lazy/zenbones.nvim/lua/lualine/themes/rosebones_dark_stark.lua , size = 0.753 KB
[20:16:38.823][info] [#0:script/workspace/loading.lua:100]: Preload file at: file:///Users/florian/.dotfiles/.config/nvim/lazy/zenbones.nvim/lua/lualine/themes/rosebones_light_dim.lua , size = 0.753 KB
[20:16:38.823][info] [#0:script/workspace/loading.lua:100]: Preload file at: file:///Users/florian/.dotfiles/.config/nvim/lazy/zenbones.nvim/lua/lualine/themes/tokyobones_light_bright.lua , size = 0.753 KB
[20:16:38.823][info] [#0:script/workspace/loading.lua:100]: Preload file at: file:///Users/florian/.dotfiles/.config/nvim/lazy/zenbones.nvim/lua/lualine/themes/vimbones_default.lua , size = 0.753 KB
[20:16:38.823][info] [#0:script/workspace/loading.lua:100]: Preload file at: file:///Users/florian/.dotfiles/.config/nvim/lazy/zenbones.nvim/lua/lualine/themes/zenwritten_light_dim.lua , size = 0.753 KB
[20:16:38.823][info] [#0:script/workspace/loading.lua:100]: Preload file at: file:///Users/florian/.dotfiles/.config/nvim/lazy/zenbones.nvim/lua/lualine/themes/duckbones_warm.lua , size = 0.753 KB
[20:16:38.824][info] [#0:script/workspace/loading.lua:100]: Preload file at: file:///Users/florian/.dotfiles/.config/nvim/lazy/zenbones.nvim/lua/lualine/themes/duckbones_stark.lua , size = 0.753 KB
[20:16:38.824][info] [#0:script/workspace/loading.lua:100]: Preload file at: file:///Users/florian/.dotfiles/.config/nvim/lazy/zenbones.nvim/lua/lualine/themes/zenwritten_dark_warm.lua , size = 0.753 KB
[20:16:38.824][info] [#0:script/workspace/loading.lua:100]: Preload file at: file:///Users/florian/.dotfiles/.config/nvim/lazy/zenbones.nvim/lua/lualine/themes/vimbones_dim.lua , size = 0.753 KB
[20:16:38.824][info] [#0:script/workspace/loading.lua:100]: Preload file at: file:///Users/florian/.dotfiles/.config/nvim/lazy/zenbones.nvim/lua/lualine/themes/seoulbones_dark_stark.lua , size = 0.753 KB
[20:16:38.825][info] [#0:script/workspace/loading.lua:100]: Preload file at: file:///Users/florian/.dotfiles/.config/nvim/lazy/zenbones.nvim/lua/lualine/themes/zenbones_light_default.lua , size = 0.753 KB
[20:16:38.825][info] [#0:script/workspace/loading.lua:100]: Preload file at: file:///Users/florian/.dotfiles/.config/nvim/lazy/zenbones.nvim/lua/lualine/themes/zenburned.lua , size = 0.061 KB
[20:16:38.825][info] [#0:script/workspace/loading.lua:100]: Preload file at: file:///Users/florian/.dotfiles/.config/nvim/lazy/zenbones.nvim/lua/lualine/themes/neobones_dark.lua , size = 0.753 KB
[20:16:38.825][info] [#0:script/workspace/loading.lua:100]: Preload file at: file:///Users/florian/.dotfiles/.config/nvim/lazy/zenbones.nvim/lua/lualine/themes/seoulbones_light.lua , size = 0.753 KB
[20:16:38.825][info] [#0:script/workspace/loading.lua:100]: Preload file at: file:///Users/florian/.dotfiles/.config/nvim/lazy/zenbones.nvim/lua/lualine/themes/seoulbones.lua , size = 0.062 KB
[20:16:38.826][info] [#0:script/workspace/loading.lua:100]: Preload file at: file:///Users/florian/.dotfiles/.config/nvim/lazy/zenbones.nvim/lua/lualine/themes/neobones_light.lua , size = 0.753 KB
[20:16:38.826][info] [#0:script/workspace/loading.lua:100]: Preload file at: file:///Users/florian/.dotfiles/.config/nvim/lazy/zenbones.nvim/lua/lualine/themes/zenwritten_dark_stark.lua , size = 0.753 KB
[20:16:38.826][info] [#0:script/workspace/loading.lua:100]: Preload file at: file:///Users/florian/.dotfiles/.config/nvim/lazy/zenbones.nvim/lua/lualine/themes/zenburned_stark.lua , size = 0.753 KB
[20:16:38.826][info] [#0:script/workspace/loading.lua:100]: Preload file at: file:///Users/florian/.dotfiles/.config/nvim/lazy/zenbones.nvim/lua/lualine/themes/seoulbones_light_default.lua , size = 0.753 KB
[20:16:38.827][info] [#0:script/workspace/loading.lua:100]: Preload file at: file:///Users/florian/.dotfiles/.config/nvim/lazy/zenbones.nvim/lua/lualine/themes/duckbones.lua , size = 0.061 KB
[20:16:38.827][info] [#0:script/workspace/loading.lua:100]: Preload file at: file:///Users/florian/.dotfiles/.config/nvim/lazy/zenbones.nvim/lua/lualine/themes/vimbones_bright.lua , size = 0.753 KB
[20:16:38.827][info] [#0:script/workspace/loading.lua:100]: Preload file at: file:///Users/florian/.dotfiles/.config/nvim/lazy/zenbones.nvim/lua/lualine/themes/nordbones_stark.lua , size = 0.753 KB
[20:16:38.827][info] [#0:script/workspace/loading.lua:100]: Preload file at: file:///Users/florian/.dotfiles/.config/nvim/lazy/zenbones.nvim/lua/lualine/themes/forestbones_light_default.lua , size = 0.753 KB
[20:16:38.827][info] [#0:script/workspace/loading.lua:100]: Preload file at: file:///Users/florian/.dotfiles/.config/nvim/lazy/zenbones.nvim/lua/lualine/themes/tokyobones.lua , size = 0.062 KB
[20:16:38.827][info] [#0:script/workspace/loading.lua:100]: Preload file at: file:///Users/florian/.dotfiles/.config/nvim/lazy/zenbones.nvim/lua/lualine/themes/forestbones_dark_default.lua , size = 0.753 KB
[20:16:38.828][info] [#0:script/workspace/loading.lua:100]: Preload file at: file:///Users/florian/.dotfiles/.config/nvim/lazy/zenbones.nvim/lua/lualine/themes/tokyobones_light_default.lua , size = 0.753 KB
[20:16:38.828][info] [#0:script/workspace/loading.lua:100]: Preload file at: file:///Users/florian/.dotfiles/.config/nvim/lazy/zenbones.nvim/lua/lualine/themes/zenwritten_light.lua , size = 0.753 KB
[20:16:38.828][info] [#0:script/workspace/loading.lua:100]: Preload file at: file:///Users/florian/.dotfiles/.config/nvim/lazy/zenbones.nvim/lua/lualine/themes/rosebones_light_default.lua , size = 0.753 KB
[20:16:38.828][info] [#0:script/workspace/loading.lua:100]: Preload file at: file:///Users/florian/.dotfiles/.config/nvim/lazy/zenbones.nvim/lua/lualine/themes/zenwritten_light_bright.lua , size = 0.753 KB
[20:16:38.829][info] [#0:script/workspace/loading.lua:100]: Preload file at: file:///Users/florian/.dotfiles/.config/nvim/lazy/zenbones.nvim/lua/lualine/themes/nordbones_warm.lua , size = 0.753 KB
[20:16:38.829][info] [#0:script/workspace/loading.lua:100]: Preload file at: file:///Users/florian/.dotfiles/.config/nvim/lazy/zenbones.nvim/lua/lualine/themes/neobones_light_default.lua , size = 0.753 KB
[20:16:38.829][info] [#0:script/workspace/loading.lua:100]: Preload file at: file:///Users/florian/.dotfiles/.config/nvim/lazy/zenbones.nvim/lua/lualine/themes/kanagawabones_stark.lua , size = 0.753 KB
[20:16:38.829][info] [#0:script/workspace/loading.lua:100]: Preload file at: file:///Users/florian/.dotfiles/.config/nvim/lazy/zenbones.nvim/lua/lualine/themes/zenburned_warm.lua , size = 0.753 KB
[20:16:38.829][info] [#0:script/workspace/loading.lua:100]: Preload file at: file:///Users/florian/.dotfiles/.config/nvim/lazy/zenbones.nvim/lua/lualine/themes/seoulbones_dark.lua , size = 0.753 KB
[20:16:38.830][info] [#0:script/workspace/loading.lua:100]: Preload file at: file:///Users/florian/.dotfiles/.config/nvim/lazy/zenbones.nvim/lua/lualine/themes/forestbones_light_bright.lua , size = 0.753 KB
[20:16:38.830][info] [#0:script/workspace/loading.lua:100]: Preload file at: file:///Users/florian/.dotfiles/.config/nvim/lazy/zenbones.nvim/lua/lualine/themes/zenbones_light.lua , size = 0.753 KB
[20:16:38.830][info] [#0:script/workspace/loading.lua:100]: Preload file at: file:///Users/florian/.dotfiles/.config/nvim/lazy/zenbones.nvim/lua/lualine/themes/forestbones.lua , size = 0.062 KB
[20:16:38.830][info] [#0:script/workspace/loading.lua:100]: Preload file at: file:///Users/florian/.dotfiles/.config/nvim/lazy/zenbones.nvim/lua/lualine/themes/zenwritten_dark_default.lua , size = 0.753 KB
[20:16:38.830][info] [#0:script/workspace/loading.lua:100]: Preload file at: file:///Users/florian/.dotfiles/.config/nvim/lazy/zenbones.nvim/lua/lualine/themes/zenbones.lua , size = 0.060 KB
[20:16:38.831][info] [#0:script/workspace/loading.lua:100]: Preload file at: file:///Users/florian/.dotfiles/.config/nvim/lazy/zenbones.nvim/lua/lualine/themes/tokyobones_light.lua , size = 0.753 KB
[20:16:38.831][info] [#0:script/workspace/loading.lua:100]: Preload file at: file:///Users/florian/.dotfiles/.config/nvim/lazy/zenbones.nvim/lua/lualine/themes/zenwritten_dark.lua , size = 0.753 KB
[20:16:38.831][info] [#0:script/workspace/loading.lua:100]: Preload file at: file:///Users/florian/.dotfiles/.config/nvim/lazy/zenbones.nvim/lua/lualine/themes/forestbones_light_dim.lua , size = 0.753 KB
[20:16:38.831][info] [#0:script/workspace/loading.lua:100]: Preload file at: file:///Users/florian/.dotfiles/.config/nvim/lazy/zenbones.nvim/lua/lualine/themes/rosebones_dark.lua , size = 0.753 KB
[20:16:38.832][info] [#0:script/workspace/loading.lua:100]: Preload file at: file:///Users/florian/.dotfiles/.config/nvim/lazy/zenbones.nvim/lua/lualine/themes/forestbones_dark_warm.lua , size = 0.753 KB
[20:16:38.832][info] [#0:script/workspace/loading.lua:100]: Preload file at: file:///Users/florian/.dotfiles/.config/nvim/lazy/zenbones.nvim/lua/lualine/themes/kanagawabones.lua , size = 0.064 KB
[20:16:38.832][info] [#0:script/workspace/loading.lua:100]: Preload file at: file:///Users/florian/.dotfiles/.config/nvim/lazy/zenbones.nvim/lua/lualine/themes/kanagawabones_warm.lua , size = 0.753 KB
[20:16:38.832][info] [#0:script/workspace/loading.lua:100]: Preload file at: file:///Users/florian/.dotfiles/.config/nvim/lazy/zenbones.nvim/lua/lualine/themes/rosebones_dark_default.lua , size = 0.753 KB
[20:16:38.832][info] [#0:script/workspace/loading.lua:100]: Preload file at: file:///Users/florian/.dotfiles/.config/nvim/lazy/zenbones.nvim/lua/lualine/themes/forestbones_light.lua , size = 0.753 KB
[20:16:38.833][info] [#0:script/workspace/loading.lua:100]: Preload file at: file:///Users/florian/.dotfiles/.config/nvim/lazy/zenbones.nvim/lua/lualine/themes/zenwritten.lua , size = 0.062 KB
[20:16:38.833][info] [#0:script/workspace/loading.lua:100]: Preload file at: file:///Users/florian/.dotfiles/.config/nvim/lazy/zenbones.nvim/lua/lualine/themes/rosebones_light_bright.lua , size = 0.753 KB
[20:16:38.833][info] [#0:script/workspace/loading.lua:100]: Preload file at: file:///Users/florian/.dotfiles/.config/nvim/lazy/zenbones.nvim/lua/lualine/themes/zenbones_light_dim.lua , size = 0.753 KB
[20:16:38.833][info] [#0:script/workspace/loading.lua:100]: Preload file at: file:///Users/florian/.dotfiles/.config/nvim/lazy/zenbones.nvim/lua/lualine/themes/zenbones_dark_default.lua , size = 0.753 KB
[20:16:38.833][info] [#0:script/workspace/loading.lua:100]: Preload file at: file:///Users/florian/.dotfiles/.config/nvim/lazy/zenbones.nvim/lua/lualine/themes/seoulbones_light_dim.lua , size = 0.753 KB
[20:16:38.834][info] [#0:script/workspace/loading.lua:100]: Preload file at: file:///Users/florian/.dotfiles/.config/nvim/lazy/zenbones.nvim/lua/lualine/themes/neobones_light_bright.lua , size = 0.753 KB
[20:16:38.834][info] [#0:script/workspace/loading.lua:100]: Preload file at: file:///Users/florian/.dotfiles/.config/nvim/lazy/zenbones.nvim/lua/lualine/themes/zenbones_dark.lua , size = 0.753 KB
[20:16:38.834][info] [#0:script/workspace/loading.lua:100]: Preload file at: file:///Users/florian/.dotfiles/.config/nvim/lazy/zenbones.nvim/lua/lualine/themes/nordbones.lua , size = 0.061 KB
[20:16:38.834][info] [#0:script/workspace/loading.lua:100]: Preload file at: file:///Users/florian/.dotfiles/.config/nvim/lazy/zenbones.nvim/lua/lualine/themes/zenbones_dark_stark.lua , size = 0.753 KB
[20:16:38.834][info] [#0:script/workspace/loading.lua:100]: Preload file at: file:///Users/florian/.dotfiles/.config/nvim/lazy/zenbones.nvim/lua/lualine/themes/tokyobones_dark_stark.lua , size = 0.753 KB
[20:16:38.835][info] [#0:script/workspace/loading.lua:100]: Preload file at: file:///Users/florian/.dotfiles/.config/nvim/lazy/zenbones.nvim/lua/lualine/themes/zenbones_dark_warm.lua , size = 0.753 KB
[20:16:38.835][info] [#0:script/workspace/loading.lua:100]: Preload file at: file:///Users/florian/.dotfiles/.config/nvim/lazy/zenbones.nvim/lua/lualine/themes/forestbones_dark.lua , size = 0.753 KB
[20:16:38.835][info] [#0:script/workspace/loading.lua:100]: Preload file at: file:///Users/florian/.dotfiles/.config/nvim/lazy/zenbones.nvim/lua/lualine/themes/vimbones.lua , size = 0.060 KB
[20:16:38.835][info] [#0:script/workspace/loading.lua:100]: Preload file at: file:///Users/florian/.dotfiles/.config/nvim/lazy/zenbones.nvim/lua/lualine/themes/neobones_dark_default.lua , size = 0.753 KB
[20:16:38.835][info] [#0:script/workspace/loading.lua:100]: Preload file at: file:///Users/florian/.dotfiles/.config/nvim/lazy/zenbones.nvim/lua/lualine/themes/seoulbones_dark_warm.lua , size = 0.753 KB
[20:16:38.836][info] [#0:script/workspace/loading.lua:100]: Preload file at: file:///Users/florian/.dotfiles/.config/nvim/lazy/zenbones.nvim/lua/lualine/themes/zenbones_light_bright.lua , size = 0.753 KB
[20:16:38.836][info] [#0:script/workspace/loading.lua:100]: Preload file at: file:///Users/florian/.dotfiles/.config/nvim/lazy/zenbones.nvim/lua/lualine/themes/forestbones_dark_stark.lua , size = 0.753 KB
[20:16:38.836][info] [#0:script/workspace/loading.lua:100]: Preload file at: file:///Users/florian/.dotfiles/.config/nvim/lazy/zenbones.nvim/lua/lualine/themes/tokyobones_dark.lua , size = 0.753 KB
[20:16:38.836][info] [#0:script/workspace/loading.lua:100]: Preload file at: file:///Users/florian/.dotfiles/.config/nvim/lazy/zenbones.nvim/lua/lualine/themes/neobones.lua , size = 0.060 KB
[20:16:38.837][info] [#0:script/workspace/loading.lua:100]: Preload file at: file:///Users/florian/.dotfiles/.config/nvim/lazy/zenbones.nvim/lua/lualine/themes/tokyobones_dark_warm.lua , size = 0.753 KB
[20:16:38.837][info] [#0:script/workspace/loading.lua:100]: Preload file at: file:///Users/florian/.dotfiles/.config/nvim/lazy/zenbones.nvim/lua/lualine/themes/zenburned_default.lua , size = 0.753 KB
[20:16:38.837][info] [#0:script/workspace/loading.lua:100]: Preload file at: file:///Users/florian/.dotfiles/.config/nvim/lazy/zenbones.nvim/lua/lualine/themes/rosebones_light.lua , size = 0.753 KB
[20:16:38.837][info] [#0:script/workspace/loading.lua:100]: Preload file at: file:///Users/florian/.dotfiles/.config/nvim/lazy/zenbones.nvim/lua/lualine/themes/rosebones.lua , size = 0.061 KB
[20:16:38.837][info] [#0:script/workspace/loading.lua:100]: Preload file at: file:///Users/florian/.dotfiles/.config/nvim/lazy/zenbones.nvim/lua/lualine/themes/tokyobones_light_dim.lua , size = 0.753 KB
[20:16:38.838][info] [#0:script/workspace/loading.lua:100]: Preload file at: file:///Users/florian/.dotfiles/.config/nvim/lazy/zenbones.nvim/lua/lualine/themes/duckbones_default.lua , size = 0.753 KB
[20:16:38.838][info] [#0:script/workspace/loading.lua:100]: Preload file at: file:///Users/florian/.dotfiles/.config/nvim/lazy/zenbones.nvim/lua/zenwritten/palette.lua , size = 0.319 KB
[20:16:38.838][info] [#0:script/workspace/loading.lua:100]: Preload file at: file:///Users/florian/.dotfiles/.config/nvim/lazy/zenbones.nvim/lua/zenwritten/init.lua , size = 0.191 KB
[20:16:38.838][info] [#0:script/workspace/loading.lua:100]: Preload file at: file:///Users/florian/.dotfiles/.config/nvim/lazy/zenbones.nvim/colors/randombones.lua , size = 0.447 KB
[20:16:38.838][info] [#0:script/workspace/loading.lua:100]: Preload file at: file:///Users/florian/.dotfiles/.config/nvim/lazy/zenbones.nvim/colors/randombones_light.lua , size = 0.506 KB
[20:16:38.839][info] [#0:script/workspace/loading.lua:100]: Preload file at: file:///Users/florian/.dotfiles/.config/nvim/lazy/blender.nvim/lua/blender/ui/init.lua , size = 0.370 KB
[20:16:38.839][info] [#0:script/workspace/loading.lua:100]: Preload file at: file:///Users/florian/.dotfiles/.config/nvim/lazy/blender.nvim/lua/blender/ui/select_profile.lua , size = 5.444 KB
[20:16:38.840][info] [#0:script/workspace/loading.lua:100]: Preload file at: file:///Users/florian/.dotfiles/.config/nvim/lazy/zenbones.nvim/colors/randombones_dark.lua , size = 0.505 KB
[20:16:38.840][info] [#0:script/workspace/loading.lua:100]: Preload file at: file:///Users/florian/.dotfiles/.config/nvim/lazy/blender.nvim/lua/blender/ui/output_panel.lua , size = 0.739 KB
[20:16:38.841][info] [#0:script/workspace/loading.lua:100]: Preload file at: file:///Users/florian/.dotfiles/.config/nvim/lazy/blender.nvim/lua/blender/ui/manage_task.lua , size = 5.750 KB
[20:16:38.842][info] [#0:script/workspace/loading.lua:100]: Preload file at: file:///Users/florian/.dotfiles/.config/nvim/lazy/blender.nvim/lua/blender/init.lua , size = 0.238 KB
[20:16:38.842][info] [#0:script/workspace/loading.lua:100]: Preload file at: file:///Users/florian/.dotfiles/.config/nvim/lazy/blender.nvim/lua/blender/actions.lua , size = 2.639 KB
[20:16:38.843][info] [#0:script/workspace/loading.lua:100]: Preload file at: file:///Users/florian/.dotfiles/.config/nvim/lazy/blender.nvim/lua/blender/config/transform.lua , size = 0.852 KB
[20:16:38.843][info] [#0:script/workspace/loading.lua:100]: Preload file at: file:///Users/florian/.dotfiles/.config/nvim/lazy/blender.nvim/lua/blender/config/init.lua , size = 3.704 KB
[20:16:38.844][info] [#0:script/workspace/loading.lua:100]: Preload file at: file:///Users/florian/.dotfiles/.config/nvim/lazy/blender.nvim/lua/blender/config/validate.lua , size = 4.686 KB
[20:16:38.845][info] [#0:script/workspace/loading.lua:100]: Preload file at: file:///Users/florian/.dotfiles/.config/nvim/lazy/blender.nvim/lua/blender/config/schema.lua , size = 4.475 KB
[20:16:38.847][info] [#0:script/workspace/loading.lua:100]: Preload file at: file:///Users/florian/.dotfiles/.config/nvim/lazy/blender.nvim/lua/blender/commands.lua , size = 0.902 KB
[20:16:38.847][info] [#0:script/workspace/loading.lua:100]: Preload file at: file:///Users/florian/.dotfiles/.config/nvim/lazy/blender.nvim/lua/blender/task.lua , size = 9.563 KB
[20:16:38.849][info] [#0:script/workspace/loading.lua:100]: Preload file at: file:///Users/florian/.dotfiles/.config/nvim/lazy/blender.nvim/lua/blender/profile/init.lua , size = 5.229 KB
[20:16:38.851][info] [#0:script/workspace/loading.lua:100]: Preload file at: file:///Users/florian/.dotfiles/.config/nvim/lazy/blender.nvim/lua/blender/profile/detect.lua , size = 1.411 KB
[20:16:38.851][info] [#0:script/workspace/loading.lua:100]: Preload file at: file:///Users/florian/.dotfiles/.config/nvim/lazy/blender.nvim/lua/blender/panel.lua , size = 1.401 KB
[20:16:38.852][info] [#0:script/workspace/loading.lua:100]: Preload file at: file:///Users/florian/.dotfiles/.config/nvim/lazy/blender.nvim/lua/blender/manager.lua , size = 0.563 KB
[20:16:38.852][info] [#0:script/workspace/loading.lua:100]: Preload file at: file:///Users/florian/.dotfiles/.config/nvim/lazy/blender.nvim/lua/blender/notify.lua , size = 0.394 KB
[20:16:38.852][info] [#0:script/workspace/loading.lua:100]: Preload file at: file:///Users/florian/.dotfiles/.config/nvim/lazy/blender.nvim/lua/blender/highlights.lua , size = 1.525 KB
[20:16:38.852][info] [#0:script/workspace/loading.lua:100]: Preload file at: file:///Users/florian/.dotfiles/.config/nvim/lazy/blender.nvim/lua/blender/rpc/init.lua , size = 3.820 KB
[20:16:38.853][info] [#0:script/workspace/loading.lua:100]: Preload file at: file:///Users/florian/.dotfiles/.config/nvim/lazy/blender.nvim/lua/blender/utils.lua , size = 5.677 KB
[20:16:38.855][info] [#0:script/workspace/loading.lua:100]: Preload file at: file:///Users/florian/.dotfiles/.config/nvim/lazy/blender.nvim/lua/blender/rpc/client.lua , size = 1.169 KB
[20:16:38.855][info] [#0:script/workspace/loading.lua:100]: Preload file at: file:///Users/florian/.dotfiles/.config/nvim/lazy/blender.nvim/lua/blender/dap.lua , size = 2.573 KB
[20:16:38.856][info] [#0:script/workspace/loading.lua:100]: Preload file at: file:///Users/florian/.dotfiles/.config/nvim/lazy/blender.nvim/lua/blender/signal/types.lua , size = 0.554 KB
[20:16:38.856][info] [#0:script/workspace/loading.lua:100]: Preload file at: file:///Users/florian/.dotfiles/.config/nvim/lazy/blender.nvim/lua/blender/signal/utils.lua , size = 0.818 KB
[20:16:38.857][info] [#0:script/workspace/loading.lua:100]: Preload file at: file:///Users/florian/.dotfiles/.config/nvim/lazy/flash.nvim/tests/minit.lua , size = 0.468 KB
[20:16:38.857][info] [#0:script/workspace/loading.lua:100]: Preload file at: file:///Users/florian/.dotfiles/.config/nvim/lazy/flash.nvim/tests/config_spec.lua , size = 1.007 KB
[20:16:38.857][info] [#0:script/workspace/loading.lua:100]: Preload file at: file:///Users/florian/.dotfiles/.config/nvim/lazy/flash.nvim/tests/unicode_spec.lua , size = 0.331 KB
[20:16:38.857][info] [#0:script/workspace/loading.lua:100]: Preload file at: file:///Users/florian/.dotfiles/.config/nvim/lazy/flash.nvim/tests/char_spec.lua , size = 2.628 KB
[20:16:38.858][info] [#0:script/workspace/loading.lua:100]: Preload file at: file:///Users/florian/.dotfiles/.config/nvim/lazy/flash.nvim/tests/search/labels_spec.lua , size = 2.764 KB
[20:16:38.859][info] [#0:script/workspace/loading.lua:100]: Preload file at: file:///Users/florian/.dotfiles/.config/nvim/lazy/flash.nvim/tests/search/search_spec.lua , size = 3.836 KB
[20:16:38.860][info] [#0:script/workspace/loading.lua:100]: Preload file at: file:///Users/florian/.dotfiles/.config/nvim/lazy/flash.nvim/tests/search/jump_spec.lua , size = 2.398 KB
[20:16:38.861][info] [#0:script/workspace/loading.lua:100]: Preload file at: file:///Users/florian/.dotfiles/.config/nvim/lazy/flash.nvim/tests/search/matcher_spec.lua , size = 4.079 KB
[20:16:38.862][info] [#0:script/workspace/loading.lua:100]: Preload file at: file:///Users/florian/.dotfiles/.config/nvim/lazy/flash.nvim/tests/search/pos_spec.lua , size = 1.340 KB
[20:16:38.862][info] [#0:script/workspace/loading.lua:100]: Preload file at: file:///Users/florian/.dotfiles/.config/nvim/lazy/flash.nvim/tests/search/view_spec.lua , size = 4.215 KB
[20:16:38.863][info] [#0:script/workspace/loading.lua:100]: Preload file at: file:///Users/florian/.dotfiles/.config/nvim/lazy/flash.nvim/tests/search/find_spec.lua , size = 1.450 KB
[20:16:38.864][info] [#0:script/workspace/loading.lua:100]: Preload file at: file:///Users/florian/.dotfiles/.config/nvim/lazy/flash.nvim/lua/flash/init.lua , size = 0.229 KB
[20:16:38.864][info] [#0:script/workspace/loading.lua:100]: Preload file at: file:///Users/florian/.dotfiles/.config/nvim/lazy/flash.nvim/lua/flash/prompt.lua , size = 2.036 KB
[20:16:38.865][info] [#0:script/workspace/loading.lua:100]: Preload file at: file:///Users/florian/.dotfiles/.config/nvim/lazy/flash.nvim/lua/flash/plugins/search.lua , size = 3.594 KB
[20:16:38.866][info] [#0:script/workspace/loading.lua:100]: Preload file at: file:///Users/florian/.dotfiles/.config/nvim/lazy/flash.nvim/lua/flash/jump.lua , size = 6.812 KB
[20:16:38.868][info] [#0:script/workspace/loading.lua:100]: Preload file at: file:///Users/florian/.dotfiles/.config/nvim/lazy/flash.nvim/lua/flash/plugins/char.lua , size = 7.088 KB
[20:16:38.870][info] [#0:script/workspace/loading.lua:100]: Preload file at: file:///Users/florian/.dotfiles/.config/nvim/lazy/flash.nvim/lua/flash/cache.lua , size = 3.342 KB
[20:16:38.871][info] [#0:script/workspace/loading.lua:100]: Preload file at: file:///Users/florian/.dotfiles/.config/nvim/lazy/flash.nvim/lua/flash/plugins/treesitter.lua , size = 5.034 KB
[20:16:38.872][info] [#0:script/workspace/loading.lua:100]: Preload file at: file:///Users/florian/.dotfiles/.config/nvim/lazy/flash.nvim/lua/flash/highlight.lua , size = 6.234 KB
[20:16:38.874][info] [#0:script/workspace/loading.lua:100]: Preload file at: file:///Users/florian/.dotfiles/.config/nvim/lazy/flash.nvim/lua/flash/repeat.lua , size = 1.139 KB
[20:16:38.874][info] [#0:script/workspace/loading.lua:100]: Preload file at: file:///Users/florian/.dotfiles/.config/nvim/lazy/flash.nvim/lua/flash/require.lua , size = 0.579 KB
[20:16:38.875][info] [#0:script/workspace/loading.lua:100]: Preload file at: file:///Users/florian/.dotfiles/.config/nvim/lazy/flash.nvim/lua/flash/config.lua , size = 11.604 KB
[20:16:38.877][info] [#0:script/workspace/loading.lua:100]: Preload file at: file:///Users/florian/.dotfiles/.config/nvim/lazy/flash.nvim/lua/flash/search/init.lua , size = 2.750 KB
[20:16:38.878][info] [#0:script/workspace/loading.lua:100]: Preload file at: file:///Users/florian/.dotfiles/.config/nvim/lazy/flash.nvim/lua/flash/state.lua , size = 11.103 KB
[20:16:38.881][info] [#0:script/workspace/loading.lua:100]: Preload file at: file:///Users/florian/.dotfiles/.config/nvim/lazy/flash.nvim/lua/flash/search/pattern.lua , size = 2.484 KB
[20:16:38.882][info] [#0:script/workspace/loading.lua:100]: Preload file at: file:///Users/florian/.dotfiles/.config/nvim/lazy/flash.nvim/lua/flash/search/matcher.lua , size = 3.946 KB
[20:16:38.884][info] [#0:script/workspace/loading.lua:100]: Preload file at: file:///Users/florian/.dotfiles/.config/nvim/lazy/flash.nvim/lua/flash/search/pos.lua , size = 1.729 KB
[20:16:38.884][info] [#0:script/workspace/loading.lua:100]: Preload file at: file:///Users/florian/.dotfiles/.config/nvim/lazy/flash.nvim/lua/flash/commands.lua , size = 0.878 KB
[20:16:38.885][info] [#0:script/workspace/loading.lua:100]: Preload file at: file:///Users/florian/.dotfiles/.config/nvim/lazy/flash.nvim/lua/flash/docs.lua , size = 1.045 KB
[20:16:38.885][info] [#0:script/workspace/loading.lua:100]: Preload file at: file:///Users/florian/.dotfiles/.config/nvim/lazy/flash.nvim/lua/flash/hacks.lua , size = 1.323 KB
[20:16:38.886][info] [#0:script/workspace/loading.lua:100]: Preload file at: file:///Users/florian/.dotfiles/.config/nvim/lazy/flash.nvim/lua/flash/util.lua , size = 2.518 KB
[20:16:38.886][info] [#0:script/workspace/loading.lua:100]: Preload file at: file:///Users/florian/.dotfiles/.config/nvim/lazy/flash.nvim/lua/flash/labeler.lua , size = 5.251 KB
[20:16:38.888][info] [#0:script/workspace/loading.lua:100]: Preload file at: file:///Users/florian/.dotfiles/.config/nvim/lazy/flash.nvim/lua/flash/rainbow.lua , size = 7.326 KB
[20:16:38.890][info] [#0:script/workspace/loading.lua:100]: Preload file at: file:///Users/florian/.dotfiles/.config/nvim/lazy/nvim-toggleterm.lua/tests/commandline_spec.lua , size = 1.800 KB
[20:16:38.890][info] [#0:script/workspace/loading.lua:100]: Preload file at: file:///Users/florian/.dotfiles/.config/nvim/lazy/nvim-toggleterm.lua/tests/state_spec.lua , size = 1.331 KB
[20:16:38.891][info] [#0:script/workspace/loading.lua:100]: Preload file at: file:///Users/florian/.dotfiles/.config/nvim/lazy/nvim-toggleterm.lua/tests/terminal_spec.lua , size = 15.711 KB
[20:16:38.894][info] [#0:script/workspace/loading.lua:100]: Preload file at: file:///Users/florian/.dotfiles/.config/nvim/lazy/nvim-toggleterm.lua/tests/minimal_init.lua , size = 1.009 KB
[20:16:38.895][info] [#0:script/workspace/loading.lua:100]: Preload file at: file:///Users/florian/.dotfiles/.config/nvim/lazy/nvim-toggleterm.lua/tests/command-complete_spec.lua , size = 2.886 KB
[20:16:38.895][info] [#0:script/workspace/loading.lua:100]: Preload file at: file:///Users/florian/.dotfiles/.config/nvim/lazy/nvim-toggleterm.lua/lua/toggleterm/colors.lua , size = 3.617 KB
[20:16:38.896][info] [#0:script/workspace/loading.lua:100]: Preload file at: file:///Users/florian/.dotfiles/.config/nvim/lazy/nvim-toggleterm.lua/lua/toggleterm.lua , size = 15.195 KB
[20:16:38.900][info] [#0:script/workspace/loading.lua:100]: Preload file at: file:///Users/florian/.dotfiles/.config/nvim/lazy/nvim-toggleterm.lua/lua/toggleterm/commandline.lua , size = 6.158 KB
[20:16:38.901][info] [#0:script/workspace/loading.lua:100]: Preload file at: file:///Users/florian/.dotfiles/.config/nvim/lazy/nvim-toggleterm.lua/lua/toggleterm/terminal.lua , size = 18.451 KB
[20:16:38.906][info] [#0:script/workspace/loading.lua:100]: Preload file at: file:///Users/florian/.dotfiles/.config/nvim/lazy/nvim-toggleterm.lua/lua/toggleterm/constants.lua , size = 0.368 KB
[20:16:38.906][info] [#0:script/workspace/loading.lua:100]: Preload file at: file:///Users/florian/.dotfiles/.config/nvim/lazy/nvim-toggleterm.lua/lua/toggleterm/config.lua , size = 5.033 KB
[20:16:38.907][info] [#0:script/workspace/loading.lua:100]: Preload file at: file:///Users/florian/.dotfiles/.config/nvim/lazy/nvim-toggleterm.lua/lua/toggleterm/utils.lua , size = 4.275 KB
[20:16:38.908][info] [#0:script/workspace/loading.lua:100]: Preload file at: file:///Users/florian/.dotfiles/.config/nvim/lazy/nvim-toggleterm.lua/lua/toggleterm/lazy.lua , size = 0.436 KB
[20:16:38.909][info] [#0:script/workspace/loading.lua:100]: Preload file at: file:///Users/florian/.dotfiles/.config/nvim/lazy/nvim-toggleterm.lua/lua/toggleterm/ui.lua , size = 14.923 KB
[20:16:38.912][info] [#0:script/workspace/loading.lua:100]: Preload file at: file:///Users/florian/.dotfiles/.config/nvim/lazy/alpha-nvim/lua/alpha.lua , size = 24.071 KB
[20:16:38.917][info] [#0:script/workspace/loading.lua:100]: Preload file at: file:///Users/florian/.dotfiles/.config/nvim/lazy/alpha-nvim/lua/alpha/fortune.lua , size = 25.590 KB
[20:16:38.919][info] [#0:script/workspace/loading.lua:100]: Preload file at: file:///Users/florian/.dotfiles/.config/nvim/lazy/alpha-nvim/lua/alpha/term.lua , size = 2.753 KB
[20:16:38.920][info] [#0:script/workspace/loading.lua:100]: Preload file at: file:///Users/florian/.dotfiles/.config/nvim/lazy/alpha-nvim/lua/alpha/utils.lua , size = 2.161 KB
[20:16:38.921][info] [#0:script/workspace/loading.lua:100]: Preload file at: file:///Users/florian/.dotfiles/.config/nvim/lazy/alpha-nvim/lua/alpha/themes/startify.lua , size = 7.520 KB
[20:16:38.922][info] [#0:script/workspace/loading.lua:100]: Preload file at: file:///Users/florian/.dotfiles/.config/nvim/lazy/alpha-nvim/lua/alpha/themes/dashboard.lua , size = 2.701 KB
[20:16:38.923][info] [#0:script/workspace/loading.lua:100]: Preload file at: file:///Users/florian/.dotfiles/.config/nvim/lazy/alpha-nvim/debug/min-alpha-dashboard.lua , size = 0.127 KB
[20:16:38.923][info] [#0:script/workspace/loading.lua:100]: Preload file at: file:///Users/florian/.dotfiles/.config/nvim/lazy/alpha-nvim/lua/alpha/themes/theta.lua , size = 6.240 KB
[20:16:38.924][info] [#0:script/workspace/loading.lua:100]: Preload file at: file:///Users/florian/.dotfiles/.config/nvim/lazy/alpha-nvim/debug/min-alpha-startify.lua , size = 0.181 KB
[20:16:38.925][info] [#0:script/workspace/loading.lua:100]: Preload file at: file:///Users/florian/.dotfiles/.config/nvim/lazy/oil.nvim/tests/url_spec.lua , size = 1.015 KB
[20:16:38.925][info] [#0:script/workspace/loading.lua:100]: Preload file at: file:///Users/florian/.dotfiles/.config/nvim/lazy/oil.nvim/tests/trash_spec.lua , size = 5.103 KB
[20:16:38.926][info] [#0:script/workspace/loading.lua:100]: Preload file at: file:///Users/florian/.dotfiles/.config/nvim/lazy/oil.nvim/tests/mutator_spec.lua , size = 13.038 KB
[20:16:38.929][info] [#0:script/workspace/loading.lua:100]: Preload file at: file:///Users/florian/.dotfiles/.config/nvim/lazy/oil.nvim/tests/path_spec.lua , size = 0.890 KB
[20:16:38.929][info] [#0:script/workspace/loading.lua:100]: Preload file at: file:///Users/florian/.dotfiles/.config/nvim/lazy/oil.nvim/tests/altbuf_spec.lua , size = 5.761 KB
[20:16:38.930][info] [#0:script/workspace/loading.lua:100]: Preload file at: file:///Users/florian/.dotfiles/.config/nvim/lazy/oil.nvim/tests/regression_spec.lua , size = 4.897 KB
[20:16:38.932][info] [#0:script/workspace/loading.lua:100]: Preload file at: file:///Users/florian/.dotfiles/.config/nvim/lazy/oil.nvim/tests/test_util.lua , size = 3.686 KB
[20:16:38.933][info] [#0:script/workspace/loading.lua:100]: Preload file at: file:///Users/florian/.dotfiles/.config/nvim/lazy/oil.nvim/tests/manual_progress.lua , size = 0.538 KB
[20:16:38.933][info] [#0:script/workspace/loading.lua:100]: Preload file at: file:///Users/florian/.dotfiles/.config/nvim/lazy/oil.nvim/tests/parser_spec.lua , size = 7.607 KB
[20:16:38.935][info] [#0:script/workspace/loading.lua:100]: Preload file at: file:///Users/florian/.dotfiles/.config/nvim/lazy/oil.nvim/tests/preview_spec.lua , size = 1.258 KB
[20:16:38.935][info] [#0:script/workspace/loading.lua:100]: Preload file at: file:///Users/florian/.dotfiles/.config/nvim/lazy/oil.nvim/tests/win_options_spec.lua , size = 1.963 KB
[20:16:38.936][info] [#0:script/workspace/loading.lua:100]: Preload file at: file:///Users/florian/.dotfiles/.config/nvim/lazy/oil.nvim/tests/move_rename_spec.lua , size = 2.248 KB
[20:16:38.936][info] [#0:script/workspace/loading.lua:100]: Preload file at: file:///Users/florian/.dotfiles/.config/nvim/lazy/oil.nvim/tests/select_spec.lua , size = 3.480 KB
[20:16:38.937][info] [#0:script/workspace/loading.lua:100]: Preload file at: file:///Users/florian/.dotfiles/.config/nvim/lazy/oil.nvim/tests/files_spec.lua , size = 5.076 KB
[20:16:38.939][info] [#0:script/workspace/loading.lua:100]: Preload file at: file:///Users/florian/.dotfiles/.config/nvim/lazy/oil.nvim/tests/minimal_init.lua , size = 0.119 KB
[20:16:38.939][info] [#0:script/workspace/loading.lua:100]: Preload file at: file:///Users/florian/.dotfiles/.config/nvim/lazy/oil.nvim/tests/tmpdir.lua , size = 4.094 KB
[20:16:38.940][info] [#0:script/workspace/loading.lua:100]: Preload file at: file:///Users/florian/.dotfiles/.config/nvim/lazy/oil.nvim/tests/util_spec.lua , size = 0.755 KB
[20:16:38.941][info] [#0:script/workspace/loading.lua:100]: Preload file at: file:///Users/florian/.dotfiles/.config/nvim/lazy/oil.nvim/lua/resession/extensions/oil.lua , size = 0.349 KB
[20:16:38.941][info] [#0:script/workspace/loading.lua:100]: Preload file at: file:///Users/florian/.dotfiles/.config/nvim/lazy/oil.nvim/lua/oil/actions.lua , size = 15.596 KB
[20:16:38.944][info] [#0:script/workspace/loading.lua:100]: Preload file at: file:///Users/florian/.dotfiles/.config/nvim/lazy/oil.nvim/lua/oil/git.lua , size = 2.650 KB
[20:16:38.945][info] [#0:script/workspace/loading.lua:100]: Preload file at: file:///Users/florian/.dotfiles/.config/nvim/lazy/oil.nvim/lua/oil/clipboard.lua , size = 10.990 KB
[20:16:38.948][info] [#0:script/workspace/loading.lua:100]: Preload file at: file:///Users/florian/.dotfiles/.config/nvim/lazy/oil.nvim/lua/oil/shell.lua , size = 1.155 KB
[20:16:38.948][info] [#0:script/workspace/loading.lua:100]: Preload file at: file:///Users/florian/.dotfiles/.config/nvim/lazy/oil.nvim/lua/oil/init.lua , size = 46.696 KB
[20:16:38.957][info] [#0:script/workspace/loading.lua:100]: Preload file at: file:///Users/florian/.dotfiles/.config/nvim/lazy/oil.nvim/lua/oil/pathutil.lua , size = 0.549 KB
[20:16:38.957][info] [#0:script/workspace/loading.lua:100]: Preload file at: file:///Users/florian/.dotfiles/.config/nvim/lazy/oil.nvim/lua/oil/cache.lua , size = 5.967 KB
[20:16:38.959][info] [#0:script/workspace/loading.lua:100]: Preload file at: file:///Users/florian/.dotfiles/.config/nvim/lazy/oil.nvim/lua/oil/keymap_util.lua , size = 5.038 KB
[20:16:38.960][info] [#0:script/workspace/loading.lua:100]: Preload file at: file:///Users/florian/.dotfiles/.config/nvim/lazy/oil.nvim/lua/oil/lsp/workspace.lua , size = 11.689 KB
[20:16:38.963][info] [#0:script/workspace/loading.lua:100]: Preload file at: file:///Users/florian/.dotfiles/.config/nvim/lazy/oil.nvim/lua/oil/lsp/helpers.lua , size = 4.164 KB
[20:16:38.964][info] [#0:script/workspace/loading.lua:100]: Preload file at: file:///Users/florian/.dotfiles/.config/nvim/lazy/oil.nvim/lua/oil/fs.lua , size = 9.604 KB
[20:16:38.967][info] [#0:script/workspace/loading.lua:100]: Preload file at: file:///Users/florian/.dotfiles/.config/nvim/lazy/oil.nvim/lua/oil/columns.lua , size = 7.303 KB
[20:16:38.969][info] [#0:script/workspace/loading.lua:100]: Preload file at: file:///Users/florian/.dotfiles/.config/nvim/lazy/oil.nvim/lua/oil/config.lua , size = 21.536 KB
[20:16:38.972][info] [#0:script/workspace/loading.lua:100]: Preload file at: file:///Users/florian/.dotfiles/.config/nvim/lazy/oil.nvim/lua/oil/constants.lua , size = 0.352 KB
[20:16:38.973][info] [#0:script/workspace/loading.lua:100]: Preload file at: file:///Users/florian/.dotfiles/.config/nvim/lazy/oil.nvim/lua/oil/layout.lua , size = 5.383 KB
[20:16:38.974][info] [#0:script/workspace/loading.lua:100]: Preload file at: file:///Users/florian/.dotfiles/.config/nvim/lazy/oil.nvim/lua/oil/adapters/trash/mac.lua , size = 6.969 KB
[20:16:38.976][info] [#0:script/workspace/loading.lua:100]: Preload file at: file:///Users/florian/.dotfiles/.config/nvim/lazy/oil.nvim/lua/oil/adapters/trash/windows.lua , size = 13.577 KB
[20:16:38.979][info] [#0:script/workspace/loading.lua:100]: Preload file at: file:///Users/florian/.dotfiles/.config/nvim/lazy/oil.nvim/lua/oil/adapters/files.lua , size = 19.518 KB
[20:16:38.983][info] [#0:script/workspace/loading.lua:100]: Preload file at: file:///Users/florian/.dotfiles/.config/nvim/lazy/oil.nvim/lua/oil/adapters/trash/windows/powershell-connection.lua , size = 3.623 KB
[20:16:38.984][info] [#0:script/workspace/loading.lua:100]: Preload file at: file:///Users/florian/.dotfiles/.config/nvim/lazy/oil.nvim/lua/oil/adapters/trash/windows/powershell-trash.lua , size = 2.192 KB
[20:16:38.985][info] [#0:script/workspace/loading.lua:100]: Preload file at: file:///Users/florian/.dotfiles/.config/nvim/lazy/oil.nvim/lua/oil/adapters/trash/freedesktop.lua , size = 20.128 KB
[20:16:38.989][info] [#0:script/workspace/loading.lua:100]: Preload file at: file:///Users/florian/.dotfiles/.config/nvim/lazy/oil.nvim/lua/oil/adapters/test.lua , size = 2.248 KB
[20:16:38.990][info] [#0:script/workspace/loading.lua:100]: Preload file at: file:///Users/florian/.dotfiles/.config/nvim/lazy/oil.nvim/lua/oil/adapters/ssh/connection.lua , size = 9.542 KB
[20:16:38.997][info] [#0:script/workspace/loading.lua:100]: Preload file at: file:///Users/florian/.dotfiles/.config/nvim/lazy/oil.nvim/lua/oil/adapters/ssh/sshfs.lua , size = 7.610 KB
[20:16:39.000][info] [#0:script/workspace/loading.lua:100]: Preload file at: file:///Users/florian/.dotfiles/.config/nvim/lazy/oil.nvim/lua/oil/adapters/files/permissions.lua , size = 2.690 KB
[20:16:39.001][info] [#0:script/workspace/loading.lua:100]: Preload file at: file:///Users/florian/.dotfiles/.config/nvim/lazy/oil.nvim/lua/oil/adapters/files/trash.lua , size = 1.089 KB
[20:16:39.002][info] [#0:script/workspace/loading.lua:100]: Preload file at: file:///Users/florian/.dotfiles/.config/nvim/lazy/oil.nvim/lua/oil/adapters/ssh.lua , size = 13.844 KB
[20:16:39.006][info] [#0:script/workspace/loading.lua:100]: Preload file at: file:///Users/florian/.dotfiles/.config/nvim/lazy/oil.nvim/lua/oil/adapters/trash.lua , size = 0.219 KB
[20:16:39.006][info] [#0:script/workspace/loading.lua:100]: Preload file at: file:///Users/florian/.dotfiles/.config/nvim/lazy/oil.nvim/lua/oil/mutator/init.lua , size = 18.746 KB
[20:16:39.010][info] [#0:script/workspace/loading.lua:100]: Preload file at: file:///Users/florian/.dotfiles/.config/nvim/lazy/oil.nvim/lua/oil/mutator/parser.lua , size = 9.520 KB
[20:16:39.012][info] [#0:script/workspace/loading.lua:100]: Preload file at: file:///Users/florian/.dotfiles/.config/nvim/lazy/oil.nvim/lua/oil/mutator/progress.lua , size = 5.997 KB
[20:16:39.014][info] [#0:script/workspace/loading.lua:100]: Preload file at: file:///Users/florian/.dotfiles/.config/nvim/lazy/oil.nvim/lua/oil/mutator/confirmation.lua , size = 5.562 KB
[20:16:39.015][info] [#0:script/workspace/loading.lua:100]: Preload file at: file:///Users/florian/.dotfiles/.config/nvim/lazy/oil.nvim/lua/oil/mutator/trie.lua , size = 4.086 KB
[20:16:39.016][info] [#0:script/workspace/loading.lua:100]: Preload file at: file:///Users/florian/.dotfiles/.config/nvim/lazy/oil.nvim/lua/oil/log.lua , size = 2.717 KB
[20:16:39.017][info] [#0:script/workspace/loading.lua:100]: Preload file at: file:///Users/florian/.dotfiles/.config/nvim/lazy/oil.nvim/lua/oil/view.lua , size = 28.706 KB
[20:16:39.024][info] [#0:script/workspace/loading.lua:100]: Preload file at: file:///Users/florian/.dotfiles/.config/nvim/lazy/oil.nvim/lua/oil/loading.lua , size = 2.022 KB
[20:16:39.025][info] [#0:script/workspace/loading.lua:100]: Preload file at: file:///Users/florian/.dotfiles/.config/nvim/lazy/oil.nvim/lua/oil/util.lua , size = 30.133 KB
[20:16:39.033][info] [#0:script/workspace/loading.lua:100]: Preload file at: file:///Users/florian/.dotfiles/.config/nvim/lazy/oil.nvim/lua/oil/ringbuf.lua , size = 0.717 KB
[20:16:39.033][info] [#0:script/workspace/loading.lua:100]: Preload file at: file:///Users/florian/.dotfiles/.config/nvim/lazy/oil.nvim/perf/bootstrap.lua , size = 1.889 KB
[20:16:39.034][info] [#0:script/workspace/loading.lua:100]: Preload file at: file:///Users/florian/.dotfiles/.config/nvim/lazy/avante.nvim/tests/rag_service_spec.lua , size = 1.100 KB
[20:16:39.034][info] [#0:script/workspace/loading.lua:100]: Preload file at: file:///Users/florian/.dotfiles/.config/nvim/lazy/avante.nvim/tests/ui/acp_confirm_adapter_spec.lua , size = 3.409 KB
[20:16:39.035][info] [#0:script/workspace/loading.lua:100]: Preload file at: file:///Users/florian/.dotfiles/.config/nvim/lazy/avante.nvim/tests/llm_spec.lua , size = 4.611 KB
[20:16:39.036][info] [#0:script/workspace/loading.lua:100]: Preload file at: file:///Users/florian/.dotfiles/.config/nvim/lazy/avante.nvim/tests/llm_tools_spec.lua , size = 15.127 KB
[20:16:39.039][info] [#0:script/workspace/loading.lua:100]: Preload file at: file:///Users/florian/.dotfiles/.config/nvim/lazy/avante.nvim/tests/llm_tools/helpers_spec.lua , size = 1.662 KB
[20:16:39.039][info] [#0:script/workspace/loading.lua:100]: Preload file at: file:///Users/florian/.dotfiles/.config/nvim/lazy/avante.nvim/tests/providers/watsonx_code_assistant_spec.lua , size = 2.427 KB
[20:16:39.040][info] [#0:script/workspace/loading.lua:100]: Preload file at: file:///Users/florian/.dotfiles/.config/nvim/lazy/avante.nvim/tests/providers/bedrock_spec.lua , size = 2.668 KB
[20:16:39.040][info] [#0:script/workspace/loading.lua:100]: Preload file at: file:///Users/florian/.dotfiles/.config/nvim/lazy/avante.nvim/tests/utils/get_parent_path_spec.lua , size = 3.285 KB
[20:16:39.041][info] [#0:script/workspace/loading.lua:100]: Preload file at: file:///Users/florian/.dotfiles/.config/nvim/lazy/avante.nvim/tests/utils/file_spec.lua , size = 3.878 KB
[20:16:39.042][info] [#0:script/workspace/loading.lua:100]: Preload file at: file:///Users/florian/.dotfiles/.config/nvim/lazy/avante.nvim/tests/utils/init_spec.lua , size = 8.045 KB
[20:16:39.044][info] [#0:script/workspace/loading.lua:100]: Preload file at: file:///Users/florian/.dotfiles/.config/nvim/lazy/avante.nvim/tests/utils/make_relative_path_spec.lua , size = 2.184 KB
[20:16:39.044][info] [#0:script/workspace/loading.lua:100]: Preload file at: file:///Users/florian/.dotfiles/.config/nvim/lazy/avante.nvim/tests/utils/join_paths_spec.lua , size = 2.066 KB
[20:16:39.044][info] [#0:script/workspace/loading.lua:100]: Preload file at: file:///Users/florian/.dotfiles/.config/nvim/lazy/avante.nvim/tests/utils/fix_diff_spec.lua , size = 25.734 KB
[20:16:39.046][info] [#0:script/workspace/loading.lua:100]: Preload file at: file:///Users/florian/.dotfiles/.config/nvim/lazy/avante.nvim/tests/utils/streaming_json_parser_spec.lua , size = 7.146 KB
[20:16:39.048][info] [#0:script/workspace/loading.lua:100]: Preload file at: file:///Users/florian/.dotfiles/.config/nvim/lazy/avante.nvim/tests/libs/jsonparser_spec.lua , size = 17.438 KB
[20:16:39.051][info] [#0:script/workspace/loading.lua:100]: Preload file at: file:///Users/florian/.dotfiles/.config/nvim/lazy/avante.nvim/plugin/avante.lua , size = 6.415 KB
[20:16:39.053][info] [#0:script/workspace/loading.lua:100]: Preload file at: file:///Users/florian/.dotfiles/.config/nvim/lazy/avante.nvim/lua/cmp_avante/mentions.lua , size = 2.848 KB
[20:16:39.054][info] [#0:script/workspace/loading.lua:100]: Preload file at: file:///Users/florian/.dotfiles/.config/nvim/lazy/avante.nvim/lua/cmp_avante/commands.lua , size = 2.391 KB
[20:16:39.055][info] [#0:script/workspace/loading.lua:100]: Preload file at: file:///Users/florian/.dotfiles/.config/nvim/lazy/avante.nvim/lua/cmp_avante/shortcuts.lua , size = 1.812 KB
[20:16:39.055][info] [#0:script/workspace/loading.lua:100]: Preload file at: file:///Users/florian/.dotfiles/.config/nvim/lazy/avante.nvim/lua/avante_lib.lua , size = 0.646 KB
[20:16:39.056][info] [#0:script/workspace/loading.lua:100]: Preload file at: file:///Users/florian/.dotfiles/.config/nvim/lazy/avante.nvim/lua/avante/ui/selector/init.lua , size = 2.109 KB
[20:16:39.056][info] [#0:script/workspace/loading.lua:100]: Preload file at: file:///Users/florian/.dotfiles/.config/nvim/lazy/avante.nvim/lua/avante/ui/selector/providers/telescope.lua , size = 3.212 KB
[20:16:39.057][info] [#0:script/workspace/loading.lua:100]: Preload file at: file:///Users/florian/.dotfiles/.config/nvim/lazy/avante.nvim/lua/avante/ui/selector/providers/native.lua , size = 1.674 KB
[20:16:39.057][info] [#0:script/workspace/loading.lua:100]: Preload file at: file:///Users/florian/.dotfiles/.config/nvim/lazy/avante.nvim/lua/avante/ui/selector/providers/fzf_lua.lua , size = 1.434 KB
[20:16:39.058][info] [#0:script/workspace/loading.lua:100]: Preload file at: file:///Users/florian/.dotfiles/.config/nvim/lazy/avante.nvim/lua/avante/ui/selector/providers/mini_pick.lua , size = 1.038 KB
[20:16:39.058][info] [#0:script/workspace/loading.lua:100]: Preload file at: file:///Users/florian/.dotfiles/.config/nvim/lazy/avante.nvim/lua/avante/ui/selector/providers/snacks.lua , size = 1.800 KB
[20:16:39.059][info] [#0:script/workspace/loading.lua:100]: Preload file at: file:///Users/florian/.dotfiles/.config/nvim/lazy/avante.nvim/lua/avante/ui/input/init.lua , size = 1.294 KB
[20:16:39.059][info] [#0:script/workspace/loading.lua:100]: Preload file at: file:///Users/florian/.dotfiles/.config/nvim/lazy/avante.nvim/lua/avante/ui/input/providers/native.lua , size = 0.563 KB
[20:16:39.059][info] [#0:script/workspace/loading.lua:100]: Preload file at: file:///Users/florian/.dotfiles/.config/nvim/lazy/avante.nvim/lua/avante/ui/input/providers/snacks.lua , size = 0.567 KB
[20:16:39.059][info] [#0:script/workspace/loading.lua:100]: Preload file at: file:///Users/florian/.dotfiles/.config/nvim/lazy/avante.nvim/lua/avante/ui/input/providers/dressing.lua , size = 1.878 KB
[20:16:39.060][info] [#0:script/workspace/loading.lua:100]: Preload file at: file:///Users/florian/.dotfiles/.config/nvim/lazy/avante.nvim/lua/avante/ui/acp_confirm_adapter.lua , size = 1.915 KB
[20:16:39.060][info] [#0:script/workspace/loading.lua:100]: Preload file at: file:///Users/florian/.dotfiles/.config/nvim/lazy/avante.nvim/lua/avante/ui/button_group_line.lua , size = 8.282 KB
[20:16:39.063][info] [#0:script/workspace/loading.lua:100]: Preload file at: file:///Users/florian/.dotfiles/.config/nvim/lazy/avante.nvim/lua/avante/ui/prompt_input.lua , size = 8.221 KB
[20:16:39.065][info] [#0:script/workspace/loading.lua:100]: Preload file at: file:///Users/florian/.dotfiles/.config/nvim/lazy/avante.nvim/lua/avante/ui/line.lua , size = 1.875 KB
[20:16:39.066][info] [#0:script/workspace/loading.lua:100]: Preload file at: file:///Users/florian/.dotfiles/.config/nvim/lazy/avante.nvim/lua/avante/ui/confirm.lua , size = 11.663 KB
[20:16:39.068][info] [#0:script/workspace/loading.lua:100]: Preload file at: file:///Users/florian/.dotfiles/.config/nvim/lazy/avante.nvim/lua/avante/file_selector.lua , size = 11.062 KB
[20:16:39.071][info] [#0:script/workspace/loading.lua:100]: Preload file at: file:///Users/florian/.dotfiles/.config/nvim/lazy/avante.nvim/lua/avante/init.lua , size = 16.846 KB
[20:16:39.075][info] [#0:script/workspace/loading.lua:100]: Preload file at: file:///Users/florian/.dotfiles/.config/nvim/lazy/avante.nvim/lua/avante/rag_service.lua , size = 13.889 KB
[20:16:39.080][info] [#0:script/workspace/loading.lua:100]: Preload file at: file:///Users/florian/.dotfiles/.config/nvim/lazy/avante.nvim/lua/avante/selection.lua , size = 13.438 KB
[20:16:39.084][info] [#0:script/workspace/loading.lua:100]: Preload file at: file:///Users/florian/.dotfiles/.config/nvim/lazy/avante.nvim/lua/avante/clipboard.lua , size = 2.051 KB
[20:16:39.084][info] [#0:script/workspace/loading.lua:100]: Preload file at: file:///Users/florian/.dotfiles/.config/nvim/lazy/avante.nvim/lua/avante/diff.lua , size = 21.095 KB
[20:16:39.089][info] [#0:script/workspace/loading.lua:100]: Preload file at: file:///Users/florian/.dotfiles/.config/nvim/lazy/avante.nvim/lua/avante/tokenizers.lua , size = 1.624 KB
[20:16:39.089][info] [#0:script/workspace/loading.lua:100]: Preload file at: file:///Users/florian/.dotfiles/.config/nvim/lazy/avante.nvim/lua/avante/llm_tools/insert.lua , size = 3.667 KB
[20:16:39.090][info] [#0:script/workspace/loading.lua:100]: Preload file at: file:///Users/florian/.dotfiles/.config/nvim/lazy/avante.nvim/lua/avante/health.lua , size = 3.083 KB
[20:16:39.091][info] [#0:script/workspace/loading.lua:100]: Preload file at: file:///Users/florian/.dotfiles/.config/nvim/lazy/avante.nvim/lua/avante/llm_tools/get_diagnostics.lua , size = 1.494 KB
[20:16:39.091][info] [#0:script/workspace/loading.lua:100]: Preload file at: file:///Users/florian/.dotfiles/.config/nvim/lazy/avante.nvim/lua/avante/llm_tools/write_to_file.lua , size = 3.234 KB
[20:16:39.092][info] [#0:script/workspace/loading.lua:100]: Preload file at: file:///Users/florian/.dotfiles/.config/nvim/lazy/avante.nvim/lua/avante/llm_tools/edit_file.lua , size = 8.812 KB
[20:16:39.093][info] [#0:script/workspace/loading.lua:100]: Preload file at: file:///Users/florian/.dotfiles/.config/nvim/lazy/avante.nvim/lua/avante/llm_tools/init.lua , size = 46.810 KB
[20:16:39.101][info] [#0:script/workspace/loading.lua:100]: Preload file at: file:///Users/florian/.dotfiles/.config/nvim/lazy/avante.nvim/lua/avante/llm_tools/write_todos.lua , size = 1.896 KB
[20:16:39.102][info] [#0:script/workspace/loading.lua:100]: Preload file at: file:///Users/florian/.dotfiles/.config/nvim/lazy/avante.nvim/lua/avante/llm_tools/str_replace.lua , size = 2.011 KB
[20:16:39.102][info] [#0:script/workspace/loading.lua:100]: Preload file at: file:///Users/florian/.dotfiles/.config/nvim/lazy/avante.nvim/lua/avante/llm_tools/ls.lua , size = 1.775 KB
[20:16:39.103][info] [#0:script/workspace/loading.lua:100]: Preload file at: file:///Users/florian/.dotfiles/.config/nvim/lazy/avante.nvim/lua/avante/llm_tools/attempt_completion.lua , size = 4.354 KB
[20:16:39.103][info] [#0:script/workspace/loading.lua:100]: Preload file at: file:///Users/florian/.dotfiles/.config/nvim/lazy/avante.nvim/lua/avante/llm_tools/dispatch_agent.lua , size = 11.395 KB
[20:16:39.105][info] [#0:script/workspace/loading.lua:100]: Preload file at: file:///Users/florian/.dotfiles/.config/nvim/lazy/avante.nvim/lua/avante/llm_tools/bash.lua , size = 12.253 KB
[20:16:39.107][info] [#0:script/workspace/loading.lua:100]: Preload file at: file:///Users/florian/.dotfiles/.config/nvim/lazy/avante.nvim/lua/avante/llm_tools/undo_edit.lua , size = 2.299 KB
[20:16:39.107][info] [#0:script/workspace/loading.lua:100]: Preload file at: file:///Users/florian/.dotfiles/.config/nvim/lazy/avante.nvim/lua/avante/llm_tools/glob.lua , size = 1.852 KB
[20:16:39.108][info] [#0:script/workspace/loading.lua:100]: Preload file at: file:///Users/florian/.dotfiles/.config/nvim/lazy/avante.nvim/lua/avante/llm_tools/delete_tool_use_messages.lua , size = 1.774 KB
[20:16:39.108][info] [#0:script/workspace/loading.lua:100]: Preload file at: file:///Users/florian/.dotfiles/.config/nvim/lazy/avante.nvim/lua/avante/llm_tools/create.lua , size = 2.909 KB
[20:16:39.109][info] [#0:script/workspace/loading.lua:100]: Preload file at: file:///Users/florian/.dotfiles/.config/nvim/lazy/avante.nvim/lua/avante/llm_tools/view.lua , size = 4.221 KB
[20:16:39.110][info] [#0:script/workspace/loading.lua:100]: Preload file at: file:///Users/florian/.dotfiles/.config/nvim/lazy/avante.nvim/lua/avante/llm_tools/base.lua , size = 0.114 KB
[20:16:39.110][info] [#0:script/workspace/loading.lua:100]: Preload file at: file:///Users/florian/.dotfiles/.config/nvim/lazy/avante.nvim/lua/avante/llm_tools/grep.lua , size = 4.534 KB
[20:16:39.111][info] [#0:script/workspace/loading.lua:100]: Preload file at: file:///Users/florian/.dotfiles/.config/nvim/lazy/avante.nvim/lua/avante/llm_tools/think.lua , size = 2.503 KB
[20:16:39.111][info] [#0:script/workspace/loading.lua:100]: Preload file at: file:///Users/florian/.dotfiles/.config/nvim/lazy/avante.nvim/lua/avante/llm_tools/replace_in_file.lua , size = 29.262 KB
[20:16:39.116][info] [#0:script/workspace/loading.lua:100]: Preload file at: file:///Users/florian/.dotfiles/.config/nvim/lazy/avante.nvim/lua/avante/llm_tools/read_todos.lua , size = 0.794 KB
[20:16:39.117][info] [#0:script/workspace/loading.lua:100]: Preload file at: file:///Users/florian/.dotfiles/.config/nvim/lazy/avante.nvim/lua/avante/providers/init.lua , size = 9.127 KB
[20:16:39.119][info] [#0:script/workspace/loading.lua:100]: Preload file at: file:///Users/florian/.dotfiles/.config/nvim/lazy/avante.nvim/lua/avante/llm_tools/helpers.lua , size = 7.243 KB
[20:16:39.120][info] [#0:script/workspace/loading.lua:100]: Preload file at: file:///Users/florian/.dotfiles/.config/nvim/lazy/avante.nvim/lua/avante/providers/bedrock.lua , size = 9.560 KB
[20:16:39.122][info] [#0:script/workspace/loading.lua:100]: Preload file at: file:///Users/florian/.dotfiles/.config/nvim/lazy/avante.nvim/lua/avante/providers/vertex.lua , size = 2.362 KB
[20:16:39.123][info] [#0:script/workspace/loading.lua:100]: Preload file at: file:///Users/florian/.dotfiles/.config/nvim/lazy/avante.nvim/lua/avante/providers/copilot.lua , size = 14.572 KB
[20:16:39.126][info] [#0:script/workspace/loading.lua:100]: Preload file at: file:///Users/florian/.dotfiles/.config/nvim/lazy/avante.nvim/lua/avante/providers/openai.lua , size = 31.096 KB
[20:16:39.132][info] [#0:script/workspace/loading.lua:100]: Preload file at: file:///Users/florian/.dotfiles/.config/nvim/lazy/avante.nvim/lua/avante/providers/gemini.lua , size = 11.981 KB
[20:16:39.134][info] [#0:script/workspace/loading.lua:100]: Preload file at: file:///Users/florian/.dotfiles/.config/nvim/lazy/avante.nvim/lua/avante/providers/vertex_claude.lua , size = 2.342 KB
[20:16:39.135][info] [#0:script/workspace/loading.lua:100]: Preload file at: file:///Users/florian/.dotfiles/.config/nvim/lazy/avante.nvim/lua/avante/providers/claude.lua , size = 16.406 KB
[20:16:39.138][info] [#0:script/workspace/loading.lua:100]: Preload file at: file:///Users/florian/.dotfiles/.config/nvim/lazy/avante.nvim/lua/avante/providers/bedrock/claude.lua , size = 1.565 KB
[20:16:39.139][info] [#0:script/workspace/loading.lua:100]: Preload file at: file:///Users/florian/.dotfiles/.config/nvim/lazy/avante.nvim/lua/avante/providers/ollama.lua , size = 11.245 KB
[20:16:39.141][info] [#0:script/workspace/loading.lua:100]: Preload file at: file:///Users/florian/.dotfiles/.config/nvim/lazy/avante.nvim/lua/avante/providers/watsonx_code_assistant.lua , size = 10.227 KB
[20:16:39.143][info] [#0:script/workspace/loading.lua:100]: Preload file at: file:///Users/florian/.dotfiles/.config/nvim/lazy/avante.nvim/lua/avante/providers/cohere.lua , size = 3.643 KB
[20:16:39.144][info] [#0:script/workspace/loading.lua:100]: Preload file at: file:///Users/florian/.dotfiles/.config/nvim/lazy/avante.nvim/lua/avante/providers/azure.lua , size = 2.107 KB
[20:16:39.145][info] [#0:script/workspace/loading.lua:100]: Preload file at: file:///Users/florian/.dotfiles/.config/nvim/lazy/avante.nvim/lua/avante/utils/tokens.lua , size = 2.213 KB
[20:16:39.145][info] [#0:script/workspace/loading.lua:100]: Preload file at: file:///Users/florian/.dotfiles/.config/nvim/lazy/avante.nvim/lua/avante/utils/prompts.lua , size = 8.199 KB
[20:16:39.146][info] [#0:script/workspace/loading.lua:100]: Preload file at: file:///Users/florian/.dotfiles/.config/nvim/lazy/avante.nvim/lua/avante/utils/file.lua , size = 1.920 KB
[20:16:39.147][info] [#0:script/workspace/loading.lua:100]: Preload file at: file:///Users/florian/.dotfiles/.config/nvim/lazy/avante.nvim/lua/avante/utils/streaming_json_parser.lua , size = 9.756 KB
[20:16:39.149][info] [#0:script/workspace/loading.lua:100]: Preload file at: file:///Users/florian/.dotfiles/.config/nvim/lazy/avante.nvim/lua/avante/utils/diff2search_replace.lua , size = 1.682 KB
[20:16:39.150][info] [#0:script/workspace/loading.lua:100]: Preload file at: file:///Users/florian/.dotfiles/.config/nvim/lazy/avante.nvim/lua/avante/utils/init.lua , size = 55.502 KB
[20:16:39.162][info] [#0:script/workspace/loading.lua:100]: Preload file at: file:///Users/florian/.dotfiles/.config/nvim/lazy/avante.nvim/lua/avante/utils/path.lua , size = 5.323 KB
[20:16:39.164][info] [#0:script/workspace/loading.lua:100]: Preload file at: file:///Users/florian/.dotfiles/.config/nvim/lazy/avante.nvim/lua/avante/utils/test.lua , size = 0.249 KB
[20:16:39.164][info] [#0:script/workspace/loading.lua:100]: Preload file at: file:///Users/florian/.dotfiles/.config/nvim/lazy/avante.nvim/lua/avante/utils/lsp.lua , size = 6.074 KB
[20:16:39.166][info] [#0:script/workspace/loading.lua:100]: Preload file at: file:///Users/florian/.dotfiles/.config/nvim/lazy/avante.nvim/lua/avante/utils/logo.lua , size = 2.009 KB
[20:16:39.166][info] [#0:script/workspace/loading.lua:100]: Preload file at: file:///Users/florian/.dotfiles/.config/nvim/lazy/avante.nvim/lua/avante/utils/lru_cache.lua , size = 2.275 KB
[20:16:39.167][info] [#0:script/workspace/loading.lua:100]: Preload file at: file:///Users/florian/.dotfiles/.config/nvim/lazy/avante.nvim/lua/avante/utils/promptLogger.lua , size = 3.951 KB
[20:16:39.168][info] [#0:script/workspace/loading.lua:100]: Preload file at: file:///Users/florian/.dotfiles/.config/nvim/lazy/avante.nvim/lua/avante/utils/environment.lua , size = 1.479 KB
[20:16:39.168][info] [#0:script/workspace/loading.lua:100]: Preload file at: file:///Users/florian/.dotfiles/.config/nvim/lazy/avante.nvim/lua/avante/path.lua , size = 16.634 KB
[20:16:39.172][info] [#0:script/workspace/loading.lua:100]: Preload file at: file:///Users/florian/.dotfiles/.config/nvim/lazy/avante.nvim/lua/avante/suggestion.lua , size = 19.062 KB
[20:16:39.176][info] [#0:script/workspace/loading.lua:100]: Preload file at: file:///Users/florian/.dotfiles/.config/nvim/lazy/avante.nvim/lua/avante/utils/root.lua , size = 7.013 KB
[20:16:39.178][info] [#0:script/workspace/loading.lua:100]: Preload file at: file:///Users/florian/.dotfiles/.config/nvim/lazy/avante.nvim/lua/avante/extensions/init.lua , size = 0.203 KB
[20:16:39.178][info] [#0:script/workspace/loading.lua:100]: Preload file at: file:///Users/florian/.dotfiles/.config/nvim/lazy/avante.nvim/lua/avante/config.lua , size = 39.279 KB
[20:16:39.183][info] [#0:script/workspace/loading.lua:100]: Preload file at: file:///Users/florian/.dotfiles/.config/nvim/lazy/avante.nvim/lua/avante/extensions/nvim_tree.lua , size = 1.651 KB
[20:16:39.184][info] [#0:script/workspace/loading.lua:100]: Preload file at: file:///Users/florian/.dotfiles/.config/nvim/lazy/avante.nvim/lua/avante/libs/xmlparser.lua , size = 19.323 KB
[20:16:39.187][info] [#0:script/workspace/loading.lua:100]: Preload file at: file:///Users/florian/.dotfiles/.config/nvim/lazy/avante.nvim/lua/avante/libs/ReAct_parser.lua , size = 9.844 KB
[20:16:39.189][info] [#0:script/workspace/loading.lua:100]: Preload file at: file:///Users/florian/.dotfiles/.config/nvim/lazy/avante.nvim/lua/avante/libs/acp_client.lua , size = 28.148 KB
[20:16:39.196][info] [#0:script/workspace/loading.lua:100]: Preload file at: file:///Users/florian/.dotfiles/.config/nvim/lazy/avante.nvim/lua/avante/libs/ReAct_parser2.lua , size = 6.423 KB
[20:16:39.197][info] [#0:script/workspace/loading.lua:100]: Preload file at: file:///Users/florian/.dotfiles/.config/nvim/lazy/avante.nvim/lua/avante/libs/jsonparser.lua , size = 18.398 KB
[20:16:39.201][info] [#0:script/workspace/loading.lua:100]: Preload file at: file:///Users/florian/.dotfiles/.config/nvim/lazy/avante.nvim/lua/avante/selection_result.lua , size = 0.803 KB
[20:16:39.202][info] [#0:script/workspace/loading.lua:100]: Preload file at: file:///Users/florian/.dotfiles/.config/nvim/lazy/avante.nvim/lua/avante/repo_map.lua , size = 6.481 KB
[20:16:39.203][info] [#0:script/workspace/loading.lua:100]: Preload file at: file:///Users/florian/.dotfiles/.config/nvim/lazy/avante.nvim/lua/avante/model_selector.lua , size = 4.981 KB
[20:16:39.204][info] [#0:script/workspace/loading.lua:100]: Preload file at: file:///Users/florian/.dotfiles/.config/nvim/lazy/avante.nvim/lua/avante/history_selector.lua , size = 2.471 KB
[20:16:39.205][info] [#0:script/workspace/loading.lua:100]: Preload file at: file:///Users/florian/.dotfiles/.config/nvim/lazy/avante.nvim/lua/avante/history/render.lua , size = 20.992 KB
[20:16:39.210][info] [#0:script/workspace/loading.lua:100]: Preload file at: file:///Users/florian/.dotfiles/.config/nvim/lazy/avante.nvim/lua/avante/history/helpers.lua , size = 3.233 KB
[20:16:39.210][info] [#0:script/workspace/loading.lua:100]: Preload file at: file:///Users/florian/.dotfiles/.config/nvim/lazy/avante.nvim/lua/avante/history/init.lua , size = 12.831 KB
[20:16:39.213][info] [#0:script/workspace/loading.lua:100]: Preload file at: file:///Users/florian/.dotfiles/.config/nvim/lazy/avante.nvim/lua/avante/history/message.lua , size = 2.153 KB
[20:16:39.213][info] [#0:script/workspace/loading.lua:100]: Preload file at: file:///Users/florian/.dotfiles/.config/nvim/lazy/avante.nvim/lua/avante/range.lua , size = 1.012 KB
[20:16:39.214][info] [#0:script/workspace/loading.lua:100]: Preload file at: file:///Users/florian/.dotfiles/.config/nvim/lazy/avante.nvim/lua/avante/types.lua , size = 20.175 KB
[20:16:39.219][info] [#0:script/workspace/loading.lua:100]: Preload file at: file:///Users/florian/.dotfiles/.config/nvim/lazy/avante.nvim/lua/avante/highlights.lua , size = 9.444 KB
[20:16:39.221][info] [#0:script/workspace/loading.lua:100]: Preload file at: file:///Users/florian/.dotfiles/.config/nvim/lazy/avante.nvim/lua/avante/api.lua , size = 10.578 KB
[20:16:39.223][info] [#0:script/workspace/loading.lua:100]: Preload file at: file:///Users/florian/.dotfiles/.config/nvim/lazy/avante.nvim/lua/avante/llm.lua , size = 77.541 KB
[20:16:39.237][info] [#0:script/workspace/loading.lua:100]: Preload file at: file:///Users/florian/.dotfiles/.config/nvim/lazy/avante.nvim/lua/avante/html2md.lua , size = 0.669 KB
[20:16:39.237][info] [#0:script/workspace/loading.lua:100]: Preload file at: file:///Users/florian/.dotfiles/.config/nvim/lazy/nvim-dap-repl-highlights/ftplugin/dap-repl.lua , size = 0.760 KB
[20:16:39.237][info] [#0:script/workspace/loading.lua:100]: Preload file at: file:///Users/florian/.dotfiles/.config/nvim/lazy/avante.nvim/lua/avante/sidebar.lua , size = 119.219 KB
[20:16:39.266][info] [#0:script/workspace/loading.lua:100]: Preload file at: file:///Users/florian/.dotfiles/.config/nvim/lazy/nvim-dap-repl-highlights/lua/nvim-dap-repl-highlights/init.lua , size = 2.944 KB
[20:16:39.267][info] [#0:script/workspace/loading.lua:100]: Preload file at: file:///Users/florian/.dotfiles/.config/nvim/lazy/nvim-dap-repl-highlights/lua/nvim-dap-repl-highlights/health.lua , size = 0.604 KB
[20:16:39.268][info] [#0:script/workspace/loading.lua:100]: Preload file at: file:///Users/florian/.dotfiles/.config/nvim/lazy/nvim-dap-repl-highlights/lua/nvim-dap-repl-highlights/treesitter_override.lua , size = 3.462 KB
[20:16:39.268][info] [#0:script/workspace/loading.lua:100]: Preload file at: file:///Users/florian/.dotfiles/.config/nvim/lazy/nvim-dap-repl-highlights/lua/nvim-dap-repl-highlights/utils.lua , size = 0.515 KB
[20:16:39.269][info] [#0:script/workspace/loading.lua:100]: Preload file at: file:///Users/florian/.dotfiles/.config/nvim/lazy/lualine.nvim/tests/statusline.lua , size = 6.810 KB
[20:16:39.270][info] [#0:script/workspace/loading.lua:100]: Preload file at: file:///Users/florian/.dotfiles/.config/nvim/lazy/lualine.nvim/tests/spec/config_spec.lua , size = 6.425 KB
[20:16:39.280][info] [#0:script/workspace/loading.lua:100]: Preload file at: file:///Users/florian/.dotfiles/.config/nvim/lazy/lualine.nvim/tests/spec/component_spec.lua , size = 31.633 KB
[20:16:39.286][info] [#0:script/workspace/loading.lua:100]: Preload file at: file:///Users/florian/.dotfiles/.config/nvim/lazy/lualine.nvim/tests/spec/utils_spec.lua , size = 6.459 KB
[20:16:39.288][info] [#0:script/workspace/loading.lua:100]: Preload file at: file:///Users/florian/.dotfiles/.config/nvim/lazy/lualine.nvim/tests/spec/lualine_spec.lua , size = 45.145 KB
[20:16:39.292][info] [#0:script/workspace/loading.lua:100]: Preload file at: file:///Users/florian/.dotfiles/.config/nvim/lazy/lualine.nvim/tests/minimal_init.lua , size = 0.296 KB
[20:16:39.292][info] [#0:script/workspace/loading.lua:100]: Preload file at: file:///Users/florian/.dotfiles/.config/nvim/lazy/lualine.nvim/tests/helpers.lua , size = 2.438 KB
[20:16:39.293][info] [#0:script/workspace/loading.lua:100]: Preload file at: file:///Users/florian/.dotfiles/.config/nvim/lazy/lualine.nvim/lua/lualine_require.lua , size = 3.219 KB
[20:16:39.294][info] [#0:script/workspace/loading.lua:100]: Preload file at: file:///Users/florian/.dotfiles/.config/nvim/lazy/lualine.nvim/lua/lualine.lua , size = 25.952 KB
[20:16:39.299][info] [#0:script/workspace/loading.lua:100]: Preload file at: file:///Users/florian/.dotfiles/.config/nvim/lazy/lualine.nvim/lua/lualine/highlight.lua , size = 18.265 KB
[20:16:39.302][info] [#0:script/workspace/loading.lua:100]: Preload file at: file:///Users/florian/.dotfiles/.config/nvim/lazy/lualine.nvim/lua/lualine/utils/class.lua , size = 0.769 KB
[20:16:39.302][info] [#0:script/workspace/loading.lua:100]: Preload file at: file:///Users/florian/.dotfiles/.config/nvim/lazy/lualine.nvim/lua/lualine/utils/loader.lua , size = 8.713 KB
[20:16:39.304][info] [#0:script/workspace/loading.lua:100]: Preload file at: file:///Users/florian/.dotfiles/.config/nvim/lazy/lualine.nvim/lua/lualine/utils/mode.lua , size = 1.239 KB
[20:16:39.304][info] [#0:script/workspace/loading.lua:100]: Preload file at: file:///Users/florian/.dotfiles/.config/nvim/lazy/lualine.nvim/lua/lualine/utils/notices.lua , size = 2.561 KB
[20:16:39.305][info] [#0:script/workspace/loading.lua:100]: Preload file at: file:///Users/florian/.dotfiles/.config/nvim/lazy/lualine.nvim/lua/lualine/utils/color_utils.lua , size = 9.583 KB
[20:16:39.308][info] [#0:script/workspace/loading.lua:100]: Preload file at: file:///Users/florian/.dotfiles/.config/nvim/lazy/lualine.nvim/lua/lualine/utils/fn_store.lua , size = 0.783 KB
[20:16:39.308][info] [#0:script/workspace/loading.lua:100]: Preload file at: file:///Users/florian/.dotfiles/.config/nvim/lazy/lualine.nvim/lua/lualine/utils/section.lua , size = 4.507 KB
[20:16:39.309][info] [#0:script/workspace/loading.lua:100]: Preload file at: file:///Users/florian/.dotfiles/.config/nvim/lazy/lualine.nvim/lua/lualine/utils/utils.lua , size = 6.330 KB
[20:16:39.311][info] [#0:script/workspace/loading.lua:100]: Preload file at: file:///Users/florian/.dotfiles/.config/nvim/lazy/lualine.nvim/lua/lualine/utils/job.lua , size = 1.456 KB
[20:16:39.311][info] [#0:script/workspace/loading.lua:100]: Preload file at: file:///Users/florian/.dotfiles/.config/nvim/lazy/lualine.nvim/lua/lualine/utils/nvim_opts.lua , size = 5.831 KB
[20:16:39.312][info] [#0:script/workspace/loading.lua:100]: Preload file at: file:///Users/florian/.dotfiles/.config/nvim/lazy/lualine.nvim/lua/lualine/config.lua , size = 4.822 KB
[20:16:39.313][info] [#0:script/workspace/loading.lua:100]: Preload file at: file:///Users/florian/.dotfiles/.config/nvim/lazy/lualine.nvim/lua/lualine/extensions/aerial.lua , size = 0.167 KB
[20:16:39.313][info] [#0:script/workspace/loading.lua:100]: Preload file at: file:///Users/florian/.dotfiles/.config/nvim/lazy/lualine.nvim/lua/lualine/extensions/oil.lua , size = 0.294 KB
[20:16:39.314][info] [#0:script/workspace/loading.lua:100]: Preload file at: file:///Users/florian/.dotfiles/.config/nvim/lazy/lualine.nvim/lua/lualine/extensions/fern.lua , size = 0.229 KB
[20:16:39.314][info] [#0:script/workspace/loading.lua:100]: Preload file at: file:///Users/florian/.dotfiles/.config/nvim/lazy/lualine.nvim/lua/lualine/extensions/nerdtree.lua , size = 0.266 KB
[20:16:39.314][info] [#0:script/workspace/loading.lua:100]: Preload file at: file:///Users/florian/.dotfiles/.config/nvim/lazy/lualine.nvim/lua/lualine/extensions/fzf.lua , size = 0.824 KB
[20:16:39.314][info] [#0:script/workspace/loading.lua:100]: Preload file at: file:///Users/florian/.dotfiles/.config/nvim/lazy/lualine.nvim/lua/lualine/extensions/ctrlspace.lua , size = 0.359 KB
[20:16:39.314][info] [#0:script/workspace/loading.lua:100]: Preload file at: file:///Users/florian/.dotfiles/.config/nvim/lazy/lualine.nvim/lua/lualine/extensions/chadtree.lua , size = 0.231 KB
[20:16:39.315][info] [#0:script/workspace/loading.lua:100]: Preload file at: file:///Users/florian/.dotfiles/.config/nvim/lazy/lualine.nvim/lua/lualine/extensions/nvim-tree.lua , size = 0.231 KB
[20:16:39.315][info] [#0:script/workspace/loading.lua:100]: Preload file at: file:///Users/florian/.dotfiles/.config/nvim/lazy/lualine.nvim/lua/lualine/extensions/assistant.lua , size = 0.566 KB
[20:16:39.315][info] [#0:script/workspace/loading.lua:100]: Preload file at: file:///Users/florian/.dotfiles/.config/nvim/lazy/lualine.nvim/lua/lualine/extensions/overseer.lua , size = 0.225 KB
[20:16:39.315][info] [#0:script/workspace/loading.lua:100]: Preload file at: file:///Users/florian/.dotfiles/.config/nvim/lazy/lualine.nvim/lua/lualine/extensions/trouble.lua , size = 0.819 KB
[20:16:39.316][info] [#0:script/workspace/loading.lua:100]: Preload file at: file:///Users/florian/.dotfiles/.config/nvim/lazy/lualine.nvim/lua/lualine/extensions/neo-tree.lua , size = 0.231 KB
[20:16:39.316][info] [#0:script/workspace/loading.lua:100]: Preload file at: file:///Users/florian/.dotfiles/.config/nvim/lazy/lualine.nvim/lua/lualine/extensions/fugitive.lua , size = 0.322 KB
[20:16:39.316][info] [#0:script/workspace/loading.lua:100]: Preload file at: file:///Users/florian/.dotfiles/.config/nvim/lazy/lualine.nvim/lua/lualine/extensions/nvim-dap-ui.lua , size = 0.294 KB
[20:16:39.316][info] [#0:script/workspace/loading.lua:100]: Preload file at: file:///Users/florian/.dotfiles/.config/nvim/lazy/lualine.nvim/lua/lualine/extensions/man.lua , size = 0.239 KB
[20:16:39.316][info] [#0:script/workspace/loading.lua:100]: Preload file at: file:///Users/florian/.dotfiles/.config/nvim/lazy/lualine.nvim/lua/lualine/extensions/quickfix.lua , size = 0.672 KB
[20:16:39.316][info] [#0:script/workspace/loading.lua:100]: Preload file at: file:///Users/florian/.dotfiles/.config/nvim/lazy/lualine.nvim/lua/lualine/extensions/mundo.lua , size = 0.317 KB
[20:16:39.317][info] [#0:script/workspace/loading.lua:100]: Preload file at: file:///Users/florian/.dotfiles/.config/nvim/lazy/lualine.nvim/lua/lualine/extensions/avante.lua , size = 1.303 KB
[20:16:39.317][info] [#0:script/workspace/loading.lua:100]: Preload file at: file:///Users/florian/.dotfiles/.config/nvim/lazy/lualine.nvim/lua/lualine/extensions/toggleterm.lua , size = 0.280 KB
[20:16:39.317][info] [#0:script/workspace/loading.lua:100]: Preload file at: file:///Users/florian/.dotfiles/.config/nvim/lazy/lualine.nvim/lua/lualine/extensions/lazy.lua , size = 0.476 KB
[20:16:39.317][info] [#0:script/workspace/loading.lua:100]: Preload file at: file:///Users/florian/.dotfiles/.config/nvim/lazy/lualine.nvim/lua/lualine/extensions/mason.lua , size = 0.519 KB
[20:16:39.317][info] [#0:script/workspace/loading.lua:100]: Preload file at: file:///Users/florian/.dotfiles/.config/nvim/lazy/lualine.nvim/lua/lualine/components/tabs/init.lua , size = 5.323 KB
[20:16:39.319][info] [#0:script/workspace/loading.lua:100]: Preload file at: file:///Users/florian/.dotfiles/.config/nvim/lazy/lualine.nvim/lua/lualine/components/tabs/tab.lua , size = 5.368 KB
[20:16:39.320][info] [#0:script/workspace/loading.lua:100]: Preload file at: file:///Users/florian/.dotfiles/.config/nvim/lazy/lualine.nvim/lua/lualine/components/datetime.lua , size = 0.786 KB
[20:16:39.321][info] [#0:script/workspace/loading.lua:100]: Preload file at: file:///Users/florian/.dotfiles/.config/nvim/lazy/lualine.nvim/lua/lualine/components/filename.lua , size = 3.297 KB
[20:16:39.321][info] [#0:script/workspace/loading.lua:100]: Preload file at: file:///Users/florian/.dotfiles/.config/nvim/lazy/lualine.nvim/lua/lualine/components/buffers/init.lua , size = 6.513 KB
[20:16:39.323][info] [#0:script/workspace/loading.lua:100]: Preload file at: file:///Users/florian/.dotfiles/.config/nvim/lazy/lualine.nvim/lua/lualine/components/buffers/buffer.lua , size = 6.151 KB
[20:16:39.325][info] [#0:script/workspace/loading.lua:100]: Preload file at: file:///Users/florian/.dotfiles/.config/nvim/lazy/lualine.nvim/lua/lualine/extensions/symbols-outline.lua , size = 0.174 KB
[20:16:39.325][info] [#0:script/workspace/loading.lua:100]: Preload file at: file:///Users/florian/.dotfiles/.config/nvim/lazy/lualine.nvim/lua/lualine/components/progress.lua , size = 0.344 KB
[20:16:39.325][info] [#0:script/workspace/loading.lua:100]: Preload file at: file:///Users/florian/.dotfiles/.config/nvim/lazy/lualine.nvim/lua/lualine/components/branch/git_branch.lua , size = 4.804 KB
[20:16:39.326][info] [#0:script/workspace/loading.lua:100]: Preload file at: file:///Users/florian/.dotfiles/.config/nvim/lazy/lualine.nvim/lua/lualine/components/branch/init.lua , size = 0.704 KB
[20:16:39.327][info] [#0:script/workspace/loading.lua:100]: Preload file at: file:///Users/florian/.dotfiles/.config/nvim/lazy/lualine.nvim/lua/lualine/components/mode.lua , size = 0.149 KB
[20:16:39.327][info] [#0:script/workspace/loading.lua:100]: Preload file at: file:///Users/florian/.dotfiles/.config/nvim/lazy/lualine.nvim/lua/lualine/components/hostname.lua , size = 0.276 KB
[20:16:39.327][info] [#0:script/workspace/loading.lua:100]: Preload file at: file:///Users/florian/.dotfiles/.config/nvim/lazy/lualine.nvim/lua/lualine/components/selectioncount.lua , size = 0.544 KB
[20:16:39.327][info] [#0:script/workspace/loading.lua:100]: Preload file at: file:///Users/florian/.dotfiles/.config/nvim/lazy/lualine.nvim/lua/lualine/components/encoding.lua , size = 0.689 KB
[20:16:39.327][info] [#0:script/workspace/loading.lua:100]: Preload file at: file:///Users/florian/.dotfiles/.config/nvim/lazy/lualine.nvim/lua/lualine/components/diff/init.lua , size = 2.854 KB
[20:16:39.328][info] [#0:script/workspace/loading.lua:100]: Preload file at: file:///Users/florian/.dotfiles/.config/nvim/lazy/lualine.nvim/lua/lualine/components/diff/git_diff.lua , size = 4.064 KB
[20:16:39.329][info] [#0:script/workspace/loading.lua:100]: Preload file at: file:///Users/florian/.dotfiles/.config/nvim/lazy/lualine.nvim/lua/lualine/components/special/vim_var_component.lua , size = 1.158 KB
[20:16:39.329][info] [#0:script/workspace/loading.lua:100]: Preload file at: file:///Users/florian/.dotfiles/.config/nvim/lazy/lualine.nvim/lua/lualine/components/special/function_component.lua , size = 0.504 KB
[20:16:39.330][info] [#0:script/workspace/loading.lua:100]: Preload file at: file:///Users/florian/.dotfiles/.config/nvim/lazy/lualine.nvim/lua/lualine/components/special/eval_func_component.lua , size = 1.241 KB
[20:16:39.330][info] [#0:script/workspace/loading.lua:100]: Preload file at: file:///Users/florian/.dotfiles/.config/nvim/lazy/lualine.nvim/lua/lualine/components/diagnostics/init.lua , size = 4.185 KB
[20:16:39.331][info] [#0:script/workspace/loading.lua:100]: Preload file at: file:///Users/florian/.dotfiles/.config/nvim/lazy/lualine.nvim/lua/lualine/components/diagnostics/sources.lua , size = 3.594 KB
[20:16:39.332][info] [#0:script/workspace/loading.lua:100]: Preload file at: file:///Users/florian/.dotfiles/.config/nvim/lazy/lualine.nvim/lua/lualine/components/diagnostics/config.lua , size = 1.546 KB
[20:16:39.332][info] [#0:script/workspace/loading.lua:100]: Preload file at: file:///Users/florian/.dotfiles/.config/nvim/lazy/lualine.nvim/lua/lualine/components/location.lua , size = 0.234 KB
[20:16:39.332][info] [#0:script/workspace/loading.lua:100]: Preload file at: file:///Users/florian/.dotfiles/.config/nvim/lazy/lualine.nvim/lua/lualine/components/searchcount.lua , size = 0.741 KB
[20:16:39.333][info] [#0:script/workspace/loading.lua:100]: Preload file at: file:///Users/florian/.dotfiles/.config/nvim/lazy/lualine.nvim/lua/lualine/components/fileformat.lua , size = 0.665 KB
[20:16:39.333][info] [#0:script/workspace/loading.lua:100]: Preload file at: file:///Users/florian/.dotfiles/.config/nvim/lazy/lualine.nvim/lua/lualine/components/windows/init.lua , size = 2.050 KB
[20:16:39.333][info] [#0:script/workspace/loading.lua:100]: Preload file at: file:///Users/florian/.dotfiles/.config/nvim/lazy/lualine.nvim/lua/lualine/components/windows/window.lua , size = 0.963 KB
[20:16:39.334][info] [#0:script/workspace/loading.lua:100]: Preload file at: file:///Users/florian/.dotfiles/.config/nvim/lazy/lualine.nvim/lua/lualine/components/lsp_status.lua , size = 3.406 KB
[20:16:39.335][info] [#0:script/workspace/loading.lua:100]: Preload file at: file:///Users/florian/.dotfiles/.config/nvim/lazy/lualine.nvim/lua/lualine/components/filetype.lua , size = 2.306 KB
[20:16:39.335][info] [#0:script/workspace/loading.lua:100]: Preload file at: file:///Users/florian/.dotfiles/.config/nvim/lazy/lualine.nvim/lua/lualine/components/filesize.lua , size = 0.529 KB
[20:16:39.336][info] [#0:script/workspace/loading.lua:100]: Preload file at: file:///Users/florian/.dotfiles/.config/nvim/lazy/lualine.nvim/lua/lualine/component.lua , size = 9.726 KB
[20:16:39.338][info] [#0:script/workspace/loading.lua:100]: Preload file at: file:///Users/florian/.dotfiles/.config/nvim/lazy/lualine.nvim/lua/lualine/themes/material.lua , size = 1.107 KB
[20:16:39.338][info] [#0:script/workspace/loading.lua:100]: Preload file at: file:///Users/florian/.dotfiles/.config/nvim/lazy/lualine.nvim/lua/lualine/themes/auto.lua , size = 5.893 KB
[20:16:39.340][info] [#0:script/workspace/loading.lua:100]: Preload file at: file:///Users/florian/.dotfiles/.config/nvim/lazy/lualine.nvim/lua/lualine/themes/PaperColor.lua , size = 0.215 KB
[20:16:39.340][info] [#0:script/workspace/loading.lua:100]: Preload file at: file:///Users/florian/.dotfiles/.config/nvim/lazy/lualine.nvim/lua/lualine/themes/onelight.lua , size = 1.030 KB
[20:16:39.340][info] [#0:script/workspace/loading.lua:100]: Preload file at: file:///Users/florian/.dotfiles/.config/nvim/lazy/lualine.nvim/lua/lualine/themes/papercolor_light.lua , size = 1.508 KB
[20:16:39.340][info] [#0:script/workspace/loading.lua:100]: Preload file at: file:///Users/florian/.dotfiles/.config/nvim/lazy/lualine.nvim/lua/lualine/themes/pywal.lua , size = 1.709 KB
[20:16:39.341][info] [#0:script/workspace/loading.lua:100]: Preload file at: file:///Users/florian/.dotfiles/.config/nvim/lazy/lualine.nvim/lua/lualine/themes/ayu_light.lua , size = 1.213 KB
[20:16:39.341][info] [#0:script/workspace/loading.lua:100]: Preload file at: file:///Users/florian/.dotfiles/.config/nvim/lazy/lualine.nvim/lua/lualine/themes/gruvbox-material.lua , size = 0.947 KB
[20:16:39.341][info] [#0:script/workspace/loading.lua:100]: Preload file at: file:///Users/florian/.dotfiles/.config/nvim/lazy/lualine.nvim/lua/lualine/themes/16color.lua , size = 1.104 KB
[20:16:39.342][info] [#0:script/workspace/loading.lua:100]: Preload file at: file:///Users/florian/.dotfiles/.config/nvim/lazy/lualine.nvim/lua/lualine/themes/horizon.lua , size = 1.527 KB
[20:16:39.342][info] [#0:script/workspace/loading.lua:100]: Preload file at: file:///Users/florian/.dotfiles/.config/nvim/lazy/lualine.nvim/lua/lualine/themes/gruvbox.lua , size = 0.235 KB
[20:16:39.342][info] [#0:script/workspace/loading.lua:100]: Preload file at: file:///Users/florian/.dotfiles/.config/nvim/lazy/lualine.nvim/lua/lualine/themes/gruvbox_light.lua , size = 1.496 KB
[20:16:39.343][info] [#0:script/workspace/loading.lua:100]: Preload file at: file:///Users/florian/.dotfiles/.config/nvim/lazy/lualine.nvim/lua/lualine/themes/codedark.lua , size = 1.086 KB
[20:16:39.343][info] [#0:script/workspace/loading.lua:100]: Preload file at: file:///Users/florian/.dotfiles/.config/nvim/lazy/lualine.nvim/lua/lualine/themes/nightfly.lua , size = 1.064 KB
[20:16:39.343][info] [#0:script/workspace/loading.lua:100]: Preload file at: file:///Users/florian/.dotfiles/.config/nvim/lazy/lualine.nvim/lua/lualine/themes/iceberg_dark.lua , size = 1.265 KB
[20:16:39.344][info] [#0:script/workspace/loading.lua:100]: Preload file at: file:///Users/florian/.dotfiles/.config/nvim/lazy/lualine.nvim/lua/lualine/themes/solarized_dark.lua , size = 1.124 KB
[20:16:39.344][info] [#0:script/workspace/loading.lua:100]: Preload file at: file:///Users/florian/.dotfiles/.config/nvim/lazy/lualine.nvim/lua/lualine/themes/onedark.lua , size = 1.123 KB
[20:16:39.344][info] [#0:script/workspace/loading.lua:100]: Preload file at: file:///Users/florian/.dotfiles/.config/nvim/lazy/lualine.nvim/lua/lualine/themes/ayu_dark.lua , size = 1.213 KB
[20:16:39.344][info] [#0:script/workspace/loading.lua:100]: Preload file at: file:///Users/florian/.dotfiles/.config/nvim/lazy/lualine.nvim/lua/lualine/themes/jellybeans.lua , size = 1.238 KB
[20:16:39.345][info] [#0:script/workspace/loading.lua:100]: Preload file at: file:///Users/florian/.dotfiles/.config/nvim/lazy/lualine.nvim/lua/lualine/themes/wombat.lua , size = 1.110 KB
[20:16:39.345][info] [#0:script/workspace/loading.lua:100]: Preload file at: file:///Users/florian/.dotfiles/.config/nvim/lazy/lualine.nvim/lua/lualine/themes/nord.lua , size = 0.861 KB
[20:16:39.345][info] [#0:script/workspace/loading.lua:100]: Preload file at: file:///Users/florian/.dotfiles/.config/nvim/lazy/lualine.nvim/lua/lualine/themes/iceberg_light.lua , size = 1.216 KB
[20:16:39.346][info] [#0:script/workspace/loading.lua:100]: Preload file at: file:///Users/florian/.dotfiles/.config/nvim/lazy/lualine.nvim/lua/lualine/themes/powerline_dark.lua , size = 1.764 KB
[20:16:39.346][info] [#0:script/workspace/loading.lua:100]: Preload file at: file:///Users/florian/.dotfiles/.config/nvim/lazy/lualine.nvim/lua/lualine/themes/gruvbox_dark.lua , size = 1.513 KB
[20:16:39.347][info] [#0:script/workspace/loading.lua:100]: Preload file at: file:///Users/florian/.dotfiles/.config/nvim/lazy/lualine.nvim/lua/lualine/themes/palenight.lua , size = 1.402 KB
[20:16:39.347][info] [#0:script/workspace/loading.lua:100]: Preload file at: file:///Users/florian/.dotfiles/.config/nvim/lazy/lualine.nvim/lua/lualine/themes/Tomorrow.lua , size = 1.283 KB
[20:16:39.347][info] [#0:script/workspace/loading.lua:100]: Preload file at: file:///Users/florian/.dotfiles/.config/nvim/lazy/lualine.nvim/lua/lualine/themes/ayu_mirage.lua , size = 1.213 KB
[20:16:39.348][info] [#0:script/workspace/loading.lua:100]: Preload file at: file:///Users/florian/.dotfiles/.config/nvim/lazy/lualine.nvim/lua/lualine/themes/base16.lua , size = 3.618 KB
[20:16:39.348][info] [#0:script/workspace/loading.lua:100]: Preload file at: file:///Users/florian/.dotfiles/.config/nvim/lazy/lualine.nvim/lua/lualine/themes/papercolor_dark.lua , size = 1.580 KB
[20:16:39.349][info] [#0:script/workspace/loading.lua:100]: Preload file at: file:///Users/florian/.dotfiles/.config/nvim/lazy/lualine.nvim/lua/lualine/themes/molokai.lua , size = 0.930 KB
[20:16:39.349][info] [#0:script/workspace/loading.lua:100]: Preload file at: file:///Users/florian/.dotfiles/.config/nvim/lazy/lualine.nvim/lua/lualine/themes/everforest.lua , size = 1.512 KB
[20:16:39.350][info] [#0:script/workspace/loading.lua:100]: Preload file at: file:///Users/florian/.dotfiles/.config/nvim/lazy/lualine.nvim/lua/lualine/themes/ayu.lua , size = 0.334 KB
[20:16:39.350][info] [#0:script/workspace/loading.lua:100]: Preload file at: file:///Users/florian/.dotfiles/.config/nvim/lazy/lualine.nvim/lua/lualine/themes/iceberg.lua , size = 0.235 KB
[20:16:39.350][info] [#0:script/workspace/loading.lua:100]: Preload file at: file:///Users/florian/.dotfiles/.config/nvim/lazy/lualine.nvim/lua/lualine/themes/OceanicNext.lua , size = 1.363 KB
[20:16:39.351][info] [#0:script/workspace/loading.lua:100]: Preload file at: file:///Users/florian/.dotfiles/.config/nvim/lazy/lualine.nvim/lua/lualine/themes/seoul256.lua , size = 1.237 KB
[20:16:39.351][info] [#0:script/workspace/loading.lua:100]: Preload file at: file:///Users/florian/.dotfiles/.config/nvim/lazy/lualine.nvim/lua/lualine/themes/moonfly.lua , size = 1.120 KB
[20:16:39.351][info] [#0:script/workspace/loading.lua:100]: Preload file at: file:///Users/florian/.dotfiles/.config/nvim/lazy/lualine.nvim/lua/lualine/themes/powerline.lua , size = 1.343 KB
[20:16:39.352][info] [#0:script/workspace/loading.lua:100]: Preload file at: file:///Users/florian/.dotfiles/.config/nvim/lazy/lualine.nvim/lua/lualine/themes/dracula.lua , size = 1.485 KB
[20:16:39.352][info] [#0:script/workspace/loading.lua:100]: Preload file at: file:///Users/florian/.dotfiles/.config/nvim/lazy/lualine.nvim/lua/lualine/themes/tomorrow_night.lua , size = 0.976 KB
[20:16:39.352][info] [#0:script/workspace/loading.lua:100]: Preload file at: file:///Users/florian/.dotfiles/.config/nvim/lazy/lualine.nvim/lua/lualine/themes/solarized_light.lua , size = 1.124 KB
[20:16:39.353][info] [#0:script/workspace/loading.lua:100]: Preload file at: file:///Users/florian/.dotfiles/.config/nvim/lazy/lualine.nvim/lua/lualine/themes/solarized.lua , size = 0.237 KB
[20:16:39.353][info] [#0:script/workspace/loading.lua:100]: Preload file at: file:///Users/florian/.dotfiles/.config/nvim/lazy/lualine.nvim/lua/lualine/themes/modus-vivendi.lua , size = 1.515 KB
[20:16:39.353][info] [#0:script/workspace/loading.lua:100]: Preload file at: file:///Users/florian/.dotfiles/.config/nvim/lazy/lualine.nvim/examples/evil_lualine.lua , size = 5.116 KB
[20:16:39.354][info] [#0:script/workspace/loading.lua:100]: Preload file at: file:///Users/florian/.dotfiles/.config/nvim/lazy/lualine.nvim/examples/slanted-gaps.lua , size = 3.161 KB
[20:16:39.355][info] [#0:script/workspace/loading.lua:100]: Preload file at: file:///Users/florian/.dotfiles/.config/nvim/lazy/lualine.nvim/examples/cosmicink.lua , size = 15.874 KB
[20:16:39.358][info] [#0:script/workspace/loading.lua:100]: Preload file at: file:///Users/florian/.dotfiles/.config/nvim/lazy/lualine.nvim/examples/bubbles.lua , size = 1.544 KB
[20:16:39.359][info] [#0:script/workspace/loading.lua:100]: Preload file at: file:///Users/florian/.dotfiles/.config/nvim/lazy/poimandres.nvim/lua/poimandres/palette.lua , size = 0.770 KB
[20:16:39.359][info] [#0:script/workspace/loading.lua:100]: Preload file at: file:///Users/florian/.dotfiles/.config/nvim/lazy/poimandres.nvim/lua/poimandres/init.lua , size = 1.978 KB
[20:16:39.359][info] [#0:script/workspace/loading.lua:100]: Preload file at: file:///Users/florian/.dotfiles/.config/nvim/lazy/poimandres.nvim/lua/poimandres/theme.lua , size = 22.192 KB
[20:16:39.364][info] [#0:script/workspace/loading.lua:100]: Preload file at: file:///Users/florian/.dotfiles/.config/nvim/lazy/poimandres.nvim/lua/poimandres/utils.lua , size = 1.678 KB
[20:16:39.364][info] [#0:script/workspace/loading.lua:100]: Preload file at: file:///Users/florian/.dotfiles/.config/nvim/lazy/poimandres.nvim/lua/lualine/themes/poimandres.lua , size = 1.069 KB
[20:16:39.365][info] [#0:script/workspace/loading.lua:100]: Preload file at: file:///Users/florian/.dotfiles/.config/nvim/lazy/poimandres.nvim/lua/poimandres/highlights.lua , size = 0.161 KB
[20:16:39.365][info] [#0:script/workspace/loading.lua:100]: Preload file at: file:///Users/florian/.dotfiles/.config/nvim/lazy/poimandres.nvim/colors/poimandres.lua , size = 0.078 KB
[20:16:39.365][info] [#0:script/workspace/loading.lua:100]: Preload file at: file:///Users/florian/.dotfiles/.config/nvim/lazy/plenary.nvim/tests/plenary/json_spec.lua , size = 4.108 KB
[20:16:39.366][info] [#0:script/workspace/loading.lua:100]: Preload file at: file:///Users/florian/.dotfiles/.config/nvim/lazy/plenary.nvim/tests/plenary/popup_requires_spec.lua , size = 1.299 KB
[20:16:39.366][info] [#0:script/workspace/loading.lua:100]: Preload file at: file:///Users/florian/.dotfiles/.config/nvim/lazy/plenary.nvim/tests/plenary/simple_busted_spec.lua , size = 4.219 KB
[20:16:39.367][info] [#0:script/workspace/loading.lua:100]: Preload file at: file:///Users/florian/.dotfiles/.config/nvim/lazy/plenary.nvim/tests/plenary/path_spec.lua , size = 26.904 KB
[20:16:39.372][info] [#0:script/workspace/loading.lua:100]: Preload file at: file:///Users/florian/.dotfiles/.config/nvim/lazy/plenary.nvim/tests/plenary/py_list_spec.lua , size = 1.951 KB
[20:16:39.373][info] [#0:script/workspace/loading.lua:100]: Preload file at: file:///Users/florian/.dotfiles/.config/nvim/lazy/plenary.nvim/tests/plenary/popup_spec.lua , size = 4.456 KB
[20:16:39.374][info] [#0:script/workspace/loading.lua:100]: Preload file at: file:///Users/florian/.dotfiles/.config/nvim/lazy/plenary.nvim/tests/plenary/rotate_spec.lua , size = 0.836 KB
[20:16:39.374][info] [#0:script/workspace/loading.lua:100]: Preload file at: file:///Users/florian/.dotfiles/.config/nvim/lazy/plenary.nvim/tests/plenary/scandir_spec.lua , size = 8.685 KB
[20:16:39.376][info] [#0:script/workspace/loading.lua:100]: Preload file at: file:///Users/florian/.dotfiles/.config/nvim/lazy/plenary.nvim/tests/plenary/tbl_spec.lua , size = 0.576 KB
[20:16:39.376][info] [#0:script/workspace/loading.lua:100]: Preload file at: file:///Users/florian/.dotfiles/.config/nvim/lazy/plenary.nvim/tests/plenary/async/channel_spec.lua , size = 4.351 KB
[20:16:39.378][info] [#0:script/workspace/loading.lua:100]: Preload file at: file:///Users/florian/.dotfiles/.config/nvim/lazy/plenary.nvim/tests/plenary/async/test_spec.lua , size = 1.203 KB
[20:16:39.378][info] [#0:script/workspace/loading.lua:100]: Preload file at: file:///Users/florian/.dotfiles/.config/nvim/lazy/plenary.nvim/tests/plenary/async/deque_spec.lua , size = 1.383 KB
[20:16:39.378][info] [#0:script/workspace/loading.lua:100]: Preload file at: file:///Users/florian/.dotfiles/.config/nvim/lazy/plenary.nvim/tests/plenary/async/semaphore_spec.lua , size = 1.319 KB
[20:16:39.379][info] [#0:script/workspace/loading.lua:100]: Preload file at: file:///Users/florian/.dotfiles/.config/nvim/lazy/plenary.nvim/tests/plenary/async/condvar_spec.lua , size = 2.514 KB
[20:16:39.379][info] [#0:script/workspace/loading.lua:100]: Preload file at: file:///Users/florian/.dotfiles/.config/nvim/lazy/plenary.nvim/tests/plenary/async/async_spec.lua , size = 1.104 KB
[20:16:39.380][info] [#0:script/workspace/loading.lua:100]: Preload file at: file:///Users/florian/.dotfiles/.config/nvim/lazy/plenary.nvim/tests/plenary/async_testing_spec.lua , size = 1.904 KB
[20:16:39.381][info] [#0:script/workspace/loading.lua:100]: Preload file at: file:///Users/florian/.dotfiles/.config/nvim/lazy/plenary.nvim/tests/plenary/async/util_spec.lua , size = 1.825 KB
[20:16:39.381][info] [#0:script/workspace/loading.lua:100]: Preload file at: file:///Users/florian/.dotfiles/.config/nvim/lazy/plenary.nvim/tests/plenary/enum_spec.lua , size = 1.729 KB
[20:16:39.382][info] [#0:script/workspace/loading.lua:100]: Preload file at: file:///Users/florian/.dotfiles/.config/nvim/lazy/plenary.nvim/tests/plenary/strings_spec.lua , size = 11.450 KB
[20:16:39.384][info] [#0:script/workspace/loading.lua:100]: Preload file at: file:///Users/florian/.dotfiles/.config/nvim/lazy/plenary.nvim/tests/plenary/iterators_spec.lua , size = 3.832 KB
[20:16:39.385][info] [#0:script/workspace/loading.lua:100]: Preload file at: file:///Users/florian/.dotfiles/.config/nvim/lazy/plenary.nvim/tests/plenary/job_spec.lua , size = 21.173 KB
[20:16:39.390][info] [#0:script/workspace/loading.lua:100]: Preload file at: file:///Users/florian/.dotfiles/.config/nvim/lazy/plenary.nvim/tests/plenary/functional_spec.lua , size = 0.632 KB
[20:16:39.390][info] [#0:script/workspace/loading.lua:100]: Preload file at: file:///Users/florian/.dotfiles/.config/nvim/lazy/plenary.nvim/tests/plenary/job/validation_spec.lua , size = 0.948 KB
[20:16:39.390][info] [#0:script/workspace/loading.lua:100]: Preload file at: file:///Users/florian/.dotfiles/.config/nvim/lazy/plenary.nvim/tests/plenary/uses_nvim_spec.lua , size = 0.113 KB
[20:16:39.390][info] [#0:script/workspace/loading.lua:100]: Preload file at: file:///Users/florian/.dotfiles/.config/nvim/lazy/plenary.nvim/tests/plenary/curl_spec.lua , size = 6.677 KB
[20:16:39.392][info] [#0:script/workspace/loading.lua:100]: Preload file at: file:///Users/florian/.dotfiles/.config/nvim/lazy/plenary.nvim/tests/plenary/context_manager_spec.lua , size = 4.554 KB
[20:16:39.393][info] [#0:script/workspace/loading.lua:100]: Preload file at: file:///Users/florian/.dotfiles/.config/nvim/lazy/plenary.nvim/tests/manual/large_job_spec.lua , size = 0.763 KB
[20:16:39.393][info] [#0:script/workspace/loading.lua:100]: Preload file at: file:///Users/florian/.dotfiles/.config/nvim/lazy/plenary.nvim/lua/luassert/init.lua , size = 0.498 KB
[20:16:39.393][info] [#0:script/workspace/loading.lua:100]: Preload file at: file:///Users/florian/.dotfiles/.config/nvim/lazy/plenary.nvim/tests/plenary/filetype_spec.lua , size = 5.496 KB
[20:16:39.394][info] [#0:script/workspace/loading.lua:100]: Preload file at: file:///Users/florian/.dotfiles/.config/nvim/lazy/plenary.nvim/lua/luassert/formatters/init.lua , size = 6.502 KB
[20:16:39.396][info] [#0:script/workspace/loading.lua:100]: Preload file at: file:///Users/florian/.dotfiles/.config/nvim/lazy/plenary.nvim/lua/luassert/array.lua , size = 2.443 KB
[20:16:39.397][info] [#0:script/workspace/loading.lua:100]: Preload file at: file:///Users/florian/.dotfiles/.config/nvim/lazy/plenary.nvim/lua/luassert/spy.lua , size = 6.927 KB
[20:16:39.398][info] [#0:script/workspace/loading.lua:100]: Preload file at: file:///Users/florian/.dotfiles/.config/nvim/lazy/plenary.nvim/lua/luassert/assert.lua , size = 4.762 KB
[20:16:39.399][info] [#0:script/workspace/loading.lua:100]: Preload file at: file:///Users/florian/.dotfiles/.config/nvim/lazy/plenary.nvim/lua/luassert/formatters/binarystring.lua , size = 0.760 KB
[20:16:39.399][info] [#0:script/workspace/loading.lua:100]: Preload file at: file:///Users/florian/.dotfiles/.config/nvim/lazy/plenary.nvim/lua/luassert/state.lua , size = 2.978 KB
[20:16:39.400][info] [#0:script/workspace/loading.lua:100]: Preload file at: file:///Users/florian/.dotfiles/.config/nvim/lazy/plenary.nvim/lua/luassert/languages/en.lua , size = 3.159 KB
[20:16:39.400][info] [#0:script/workspace/loading.lua:100]: Preload file at: file:///Users/florian/.dotfiles/.config/nvim/lazy/plenary.nvim/lua/luassert/namespaces.lua , size = 0.042 KB
[20:16:39.401][info] [#0:script/workspace/loading.lua:100]: Preload file at: file:///Users/florian/.dotfiles/.config/nvim/lazy/plenary.nvim/lua/luassert/mock.lua , size = 1.573 KB
[20:16:39.401][info] [#0:script/workspace/loading.lua:100]: Preload file at: file:///Users/florian/.dotfiles/.config/nvim/lazy/plenary.nvim/lua/luassert/match.lua , size = 1.870 KB
[20:16:39.401][info] [#0:script/workspace/loading.lua:100]: Preload file at: file:///Users/florian/.dotfiles/.config/nvim/lazy/plenary.nvim/lua/luassert/assertions.lua , size = 14.024 KB
[20:16:39.404][info] [#0:script/workspace/loading.lua:100]: Preload file at: file:///Users/florian/.dotfiles/.config/nvim/lazy/plenary.nvim/lua/luassert/util.lua , size = 11.194 KB
[20:16:39.407][info] [#0:script/workspace/loading.lua:100]: Preload file at: file:///Users/florian/.dotfiles/.config/nvim/lazy/plenary.nvim/lua/luassert/matchers/init.lua , size = 0.093 KB
[20:16:39.407][info] [#0:script/workspace/loading.lua:100]: Preload file at: file:///Users/florian/.dotfiles/.config/nvim/lazy/plenary.nvim/lua/luassert/matchers/composite.lua , size = 1.782 KB
[20:16:39.407][info] [#0:script/workspace/loading.lua:100]: Preload file at: file:///Users/florian/.dotfiles/.config/nvim/lazy/plenary.nvim/lua/luassert/stub.lua , size = 2.926 KB
[20:16:39.408][info] [#0:script/workspace/loading.lua:100]: Preload file at: file:///Users/florian/.dotfiles/.config/nvim/lazy/plenary.nvim/lua/luassert/matchers/core.lua , size = 6.277 KB
[20:16:39.410][info] [#0:script/workspace/loading.lua:100]: Preload file at: file:///Users/florian/.dotfiles/.config/nvim/lazy/plenary.nvim/lua/luassert/modifiers.lua , size = 0.531 KB
[20:16:39.410][info] [#0:script/workspace/loading.lua:100]: Preload file at: file:///Users/florian/.dotfiles/.config/nvim/lazy/plenary.nvim/lua/luassert/compatibility.lua , size = 0.291 KB
[20:16:39.410][info] [#0:script/workspace/loading.lua:100]: Preload file at: file:///Users/florian/.dotfiles/.config/nvim/lazy/plenary.nvim/lua/plenary/benchmark/stat.lua , size = 1.585 KB
[20:16:39.410][info] [#0:script/workspace/loading.lua:100]: Preload file at: file:///Users/florian/.dotfiles/.config/nvim/lazy/plenary.nvim/lua/plenary/benchmark/init.lua , size = 3.443 KB
[20:16:39.412][info] [#0:script/workspace/loading.lua:100]: Preload file at: file:///Users/florian/.dotfiles/.config/nvim/lazy/plenary.nvim/lua/plenary/neorocks/init.lua , size = 0.099 KB
[20:16:39.412][info] [#0:script/workspace/loading.lua:100]: Preload file at: file:///Users/florian/.dotfiles/.config/nvim/lazy/plenary.nvim/lua/plenary/nvim_meta.lua , size = 0.412 KB
[20:16:39.412][info] [#0:script/workspace/loading.lua:100]: Preload file at: file:///Users/florian/.dotfiles/.config/nvim/lazy/plenary.nvim/lua/plenary/errors.lua , size = 0.320 KB
[20:16:39.412][info] [#0:script/workspace/loading.lua:100]: Preload file at: file:///Users/florian/.dotfiles/.config/nvim/lazy/plenary.nvim/lua/plenary/class.lua , size = 1.709 KB
[20:16:39.413][info] [#0:script/workspace/loading.lua:100]: Preload file at: file:///Users/florian/.dotfiles/.config/nvim/lazy/plenary.nvim/lua/plenary/init.lua , size = 0.251 KB
[20:16:39.413][info] [#0:script/workspace/loading.lua:100]: Preload file at: file:///Users/florian/.dotfiles/.config/nvim/lazy/plenary.nvim/lua/plenary/popup/utils.lua , size = 0.495 KB
[20:16:39.413][info] [#0:script/workspace/loading.lua:100]: Preload file at: file:///Users/florian/.dotfiles/.config/nvim/lazy/plenary.nvim/lua/plenary/fun.lua , size = 0.376 KB
[20:16:39.413][info] [#0:script/workspace/loading.lua:100]: Preload file at: file:///Users/florian/.dotfiles/.config/nvim/lazy/plenary.nvim/lua/plenary/popup/init.lua , size = 16.165 KB
[20:16:39.416][info] [#0:script/workspace/loading.lua:100]: Preload file at: file:///Users/florian/.dotfiles/.config/nvim/lazy/plenary.nvim/lua/plenary/enum.lua , size = 4.297 KB
[20:16:39.417][info] [#0:script/workspace/loading.lua:100]: Preload file at: file:///Users/florian/.dotfiles/.config/nvim/lazy/plenary.nvim/lua/plenary/json.lua , size = 3.680 KB
[20:16:39.418][info] [#0:script/workspace/loading.lua:100]: Preload file at: file:///Users/florian/.dotfiles/.config/nvim/lazy/plenary.nvim/lua/plenary/async/structs.lua , size = 2.243 KB
[20:16:39.419][info] [#0:script/workspace/loading.lua:100]: Preload file at: file:///Users/florian/.dotfiles/.config/nvim/lazy/plenary.nvim/lua/plenary/async/init.lua , size = 1.373 KB
[20:16:39.419][info] [#0:script/workspace/loading.lua:100]: Preload file at: file:///Users/florian/.dotfiles/.config/nvim/lazy/plenary.nvim/lua/plenary/bit.lua , size = 8.881 KB
[20:16:39.421][info] [#0:script/workspace/loading.lua:100]: Preload file at: file:///Users/florian/.dotfiles/.config/nvim/lazy/plenary.nvim/lua/plenary/async/control.lua , size = 4.937 KB
[20:16:39.422][info] [#0:script/workspace/loading.lua:100]: Preload file at: file:///Users/florian/.dotfiles/.config/nvim/lazy/plenary.nvim/lua/plenary/async/async.lua , size = 3.297 KB
[20:16:39.423][info] [#0:script/workspace/loading.lua:100]: Preload file at: file:///Users/florian/.dotfiles/.config/nvim/lazy/plenary.nvim/lua/plenary/async/lsp.lua , size = 0.366 KB
[20:16:39.423][info] [#0:script/workspace/loading.lua:100]: Preload file at: file:///Users/florian/.dotfiles/.config/nvim/lazy/plenary.nvim/lua/plenary/async/tests.lua , size = 0.464 KB
[20:16:39.423][info] [#0:script/workspace/loading.lua:100]: Preload file at: file:///Users/florian/.dotfiles/.config/nvim/lazy/plenary.nvim/lua/plenary/async/util.lua , size = 3.267 KB
[20:16:39.424][info] [#0:script/workspace/loading.lua:100]: Preload file at: file:///Users/florian/.dotfiles/.config/nvim/lazy/plenary.nvim/lua/plenary/async/api.lua , size = 0.286 KB
[20:16:39.424][info] [#0:script/workspace/loading.lua:100]: Preload file at: file:///Users/florian/.dotfiles/.config/nvim/lazy/plenary.nvim/lua/plenary/async/uv_async.lua , size = 1.578 KB
[20:16:39.424][info] [#0:script/workspace/loading.lua:100]: Preload file at: file:///Users/florian/.dotfiles/.config/nvim/lazy/plenary.nvim/lua/plenary/test_harness.lua , size = 6.257 KB
[20:16:39.426][info] [#0:script/workspace/loading.lua:100]: Preload file at: file:///Users/florian/.dotfiles/.config/nvim/lazy/plenary.nvim/lua/plenary/functional.lua , size = 1.212 KB
[20:16:39.427][info] [#0:script/workspace/loading.lua:100]: Preload file at: file:///Users/florian/.dotfiles/.config/nvim/lazy/plenary.nvim/lua/plenary/debug_utils.lua , size = 0.276 KB
[20:16:39.427][info] [#0:script/workspace/loading.lua:100]: Preload file at: file:///Users/florian/.dotfiles/.config/nvim/lazy/plenary.nvim/lua/plenary/async_lib/structs.lua , size = 2.237 KB
[20:16:39.427][info] [#0:script/workspace/loading.lua:100]: Preload file at: file:///Users/florian/.dotfiles/.config/nvim/lazy/plenary.nvim/lua/plenary/scandir.lua , size = 17.658 KB
[20:16:39.431][info] [#0:script/workspace/loading.lua:100]: Preload file at: file:///Users/florian/.dotfiles/.config/nvim/lazy/plenary.nvim/lua/plenary/async_lib/init.lua , size = 1.117 KB
[20:16:39.432][info] [#0:script/workspace/loading.lua:100]: Preload file at: file:///Users/florian/.dotfiles/.config/nvim/lazy/plenary.nvim/lua/plenary/async_lib/async.lua , size = 5.573 KB
[20:16:39.433][info] [#0:script/workspace/loading.lua:100]: Preload file at: file:///Users/florian/.dotfiles/.config/nvim/lazy/plenary.nvim/lua/plenary/async_lib/tests.lua , size = 0.262 KB
[20:16:39.433][info] [#0:script/workspace/loading.lua:100]: Preload file at: file:///Users/florian/.dotfiles/.config/nvim/lazy/plenary.nvim/lua/plenary/async_lib/lsp.lua , size = 0.483 KB
[20:16:39.433][info] [#0:script/workspace/loading.lua:100]: Preload file at: file:///Users/florian/.dotfiles/.config/nvim/lazy/plenary.nvim/lua/plenary/async_lib/api.lua , size = 0.329 KB
[20:16:39.434][info] [#0:script/workspace/loading.lua:100]: Preload file at: file:///Users/florian/.dotfiles/.config/nvim/lazy/plenary.nvim/lua/plenary/async_lib/util.lua , size = 7.329 KB
[20:16:39.435][info] [#0:script/workspace/loading.lua:100]: Preload file at: file:///Users/florian/.dotfiles/.config/nvim/lazy/plenary.nvim/lua/plenary/async_lib/uv_async.lua , size = 1.504 KB
[20:16:39.436][info] [#0:script/workspace/loading.lua:100]: Preload file at: file:///Users/florian/.dotfiles/.config/nvim/lazy/plenary.nvim/lua/plenary/lsp/override.lua , size = 0.692 KB
[20:16:39.436][info] [#0:script/workspace/loading.lua:100]: Preload file at: file:///Users/florian/.dotfiles/.config/nvim/lazy/plenary.nvim/lua/plenary/path.lua , size = 22.705 KB
[20:16:39.442][info] [#0:script/workspace/loading.lua:100]: Preload file at: file:///Users/florian/.dotfiles/.config/nvim/lazy/plenary.nvim/lua/plenary/_meta/_luassert.lua , size = 11.515 KB
[20:16:39.444][info] [#0:script/workspace/loading.lua:100]: Preload file at: file:///Users/florian/.dotfiles/.config/nvim/lazy/plenary.nvim/lua/plenary/iterators.lua , size = 18.141 KB
[20:16:39.449][info] [#0:script/workspace/loading.lua:100]: Preload file at: file:///Users/florian/.dotfiles/.config/nvim/lazy/plenary.nvim/lua/plenary/tbl.lua , size = 0.715 KB
[20:16:39.449][info] [#0:script/workspace/loading.lua:100]: Preload file at: file:///Users/florian/.dotfiles/.config/nvim/lazy/plenary.nvim/lua/plenary/curl.lua , size = 8.697 KB
[20:16:39.451][info] [#0:script/workspace/loading.lua:100]: Preload file at: file:///Users/florian/.dotfiles/.config/nvim/lazy/plenary.nvim/lua/plenary/strings.lua , size = 4.998 KB
[20:16:39.452][info] [#0:script/workspace/loading.lua:100]: Preload file at: file:///Users/florian/.dotfiles/.config/nvim/lazy/plenary.nvim/lua/plenary/run.lua , size = 0.539 KB
[20:16:39.452][info] [#0:script/workspace/loading.lua:100]: Preload file at: file:///Users/florian/.dotfiles/.config/nvim/lazy/plenary.nvim/lua/plenary/profile/lua_profiler.lua , size = 6.548 KB
[20:16:39.454][info] [#0:script/workspace/loading.lua:100]: Preload file at: file:///Users/florian/.dotfiles/.config/nvim/lazy/plenary.nvim/lua/plenary/profile/p.lua , size = 9.007 KB
[20:16:39.456][info] [#0:script/workspace/loading.lua:100]: Preload file at: file:///Users/florian/.dotfiles/.config/nvim/lazy/plenary.nvim/lua/plenary/profile/memory_profiler.lua , size = 37.303 KB
[20:16:39.461][info] [#0:script/workspace/loading.lua:100]: Preload file at: file:///Users/florian/.dotfiles/.config/nvim/lazy/plenary.nvim/lua/plenary/window/border.lua , size = 9.435 KB
[20:16:39.463][info] [#0:script/workspace/loading.lua:100]: Preload file at: file:///Users/florian/.dotfiles/.config/nvim/lazy/plenary.nvim/lua/plenary/window/init.lua , size = 0.316 KB
[20:16:39.464][info] [#0:script/workspace/loading.lua:100]: Preload file at: file:///Users/florian/.dotfiles/.config/nvim/lazy/plenary.nvim/lua/plenary/window/float.lua , size = 6.232 KB
[20:16:39.465][info] [#0:script/workspace/loading.lua:100]: Preload file at: file:///Users/florian/.dotfiles/.config/nvim/lazy/plenary.nvim/lua/plenary/operators.lua , size = 2.154 KB
[20:16:39.465][info] [#0:script/workspace/loading.lua:100]: Preload file at: file:///Users/florian/.dotfiles/.config/nvim/lazy/plenary.nvim/lua/plenary/vararg/init.lua , size = 0.054 KB
[20:16:39.465][info] [#0:script/workspace/loading.lua:100]: Preload file at: file:///Users/florian/.dotfiles/.config/nvim/lazy/plenary.nvim/lua/plenary/busted.lua , size = 6.011 KB
[20:16:39.467][info] [#0:script/workspace/loading.lua:100]: Preload file at: file:///Users/florian/.dotfiles/.config/nvim/lazy/plenary.nvim/lua/plenary/vararg/rotate.lua , size = 2.047 KB
[20:16:39.468][info] [#0:script/workspace/loading.lua:100]: Preload file at: file:///Users/florian/.dotfiles/.config/nvim/lazy/plenary.nvim/lua/plenary/profile.lua , size = 0.876 KB
[20:16:39.468][info] [#0:script/workspace/loading.lua:100]: Preload file at: file:///Users/florian/.dotfiles/.config/nvim/lazy/plenary.nvim/lua/plenary/context_manager.lua , size = 1.446 KB
[20:16:39.469][info] [#0:script/workspace/loading.lua:100]: Preload file at: file:///Users/florian/.dotfiles/.config/nvim/lazy/plenary.nvim/lua/plenary/log.lua , size = 6.782 KB
[20:16:39.472][info] [#0:script/workspace/loading.lua:100]: Preload file at: file:///Users/florian/.dotfiles/.config/nvim/lazy/plenary.nvim/lua/plenary/compat.lua , size = 0.279 KB
[20:16:39.473][info] [#0:script/workspace/loading.lua:100]: Preload file at: file:///Users/florian/.dotfiles/.config/nvim/lazy/plenary.nvim/lua/plenary/collections/py_list.lua , size = 9.732 KB
[20:16:39.475][info] [#0:script/workspace/loading.lua:100]: Preload file at: file:///Users/florian/.dotfiles/.config/nvim/lazy/plenary.nvim/lua/plenary/filetype.lua , size = 4.739 KB
[20:16:39.476][info] [#0:script/workspace/loading.lua:100]: Preload file at: file:///Users/florian/.dotfiles/.config/nvim/lazy/plenary.nvim/lua/plenary/job.lua , size = 16.093 KB
[20:16:39.480][info] [#0:script/workspace/loading.lua:100]: Preload file at: file:///Users/florian/.dotfiles/.config/nvim/lazy/plenary.nvim/lua/say.lua , size = 1.314 KB
[20:16:39.481][info] [#0:script/workspace/loading.lua:100]: Preload file at: file:///Users/florian/.dotfiles/.config/nvim/lazy/plenary.nvim/lua/plenary/reload.lua , size = 0.825 KB
[20:16:39.481][info] [#0:script/workspace/loading.lua:100]: Preload file at: file:///Users/florian/.dotfiles/.config/nvim/lazy/plenary.nvim/scripts/vararg/rotate.lua , size = 0.700 KB
[20:16:39.481][info] [#0:script/workspace/loading.lua:100]: Preload file at: file:///Users/florian/.dotfiles/.config/nvim/lazy/plenary.nvim/scripts/update_filetypes_from_github.lua , size = 6.680 KB
[20:16:39.482][info] [#0:script/workspace/loading.lua:100]: Preload file at: file:///Users/florian/.dotfiles/.config/nvim/lazy/plenary.nvim/scripts/generate_luassert_types.lua , size = 2.114 KB
[20:16:39.483][info] [#0:script/workspace/loading.lua:100]: Preload file at: file:///Users/florian/.dotfiles/.config/nvim/lazy/plenary.nvim/data/plenary/filetypes/builtin.lua , size = 1.677 KB
[20:16:39.483][info] [#0:script/workspace/loading.lua:100]: Preload file at: file:///Users/florian/.dotfiles/.config/nvim/lazy/statuscol.nvim/lua/statuscol/builtin.lua , size = 5.541 KB
[20:16:39.485][info] [#0:script/workspace/loading.lua:100]: Preload file at: file:///Users/florian/.dotfiles/.config/nvim/lazy/plenary.nvim/data/plenary/filetypes/base.lua , size = 23.011 KB
[20:16:39.488][info] [#0:script/workspace/loading.lua:100]: Preload file at: file:///Users/florian/.dotfiles/.config/nvim/lazy/statuscol.nvim/lua/statuscol/ffidef.lua , size = 0.581 KB
[20:16:39.488][info] [#0:script/workspace/loading.lua:100]: Preload file at: file:///Users/florian/.dotfiles/.config/nvim/lazy/statuscol.nvim/lua/statuscol.lua , size = 15.478 KB
[20:16:39.492][info] [#0:script/workspace/loading.lua:100]: Preload file at: file:///Users/florian/.dotfiles/.config/nvim/lazy/nvim-autopairs/tests/endwise_spec.lua , size = 1.959 KB
[20:16:39.492][info] [#0:script/workspace/loading.lua:100]: Preload file at: file:///Users/florian/.dotfiles/.config/nvim/lazy/nvim-autopairs/tests/fastwrap_spec.lua , size = 1.508 KB
[20:16:39.492][info] [#0:script/workspace/loading.lua:100]: Preload file at: file:///Users/florian/.dotfiles/.config/nvim/lazy/nvim-autopairs/tests/test_utils.lua , size = 5.709 KB
[20:16:39.494][info] [#0:script/workspace/loading.lua:100]: Preload file at: file:///Users/florian/.dotfiles/.config/nvim/lazy/nvim-autopairs/tests/nvim-autopairs_spec.lua , size = 23.480 KB
[20:16:39.497][info] [#0:script/workspace/loading.lua:100]: Preload file at: file:///Users/florian/.dotfiles/.config/nvim/lazy/nvim-autopairs/tests/treesitter_spec.lua , size = 3.557 KB
[20:16:39.498][info] [#0:script/workspace/loading.lua:100]: Preload file at: file:///Users/florian/.dotfiles/.config/nvim/lazy/nvim-autopairs/tests/afterquote_spec.lua , size = 2.560 KB
[20:16:39.498][info] [#0:script/workspace/loading.lua:100]: Preload file at: file:///Users/florian/.dotfiles/.config/nvim/lazy/nvim-autopairs/tests/endwise/init.lua , size = 0.096 KB
[20:16:39.498][info] [#0:script/workspace/loading.lua:100]: Preload file at: file:///Users/florian/.dotfiles/.config/nvim/lazy/nvim-autopairs/tests/endwise/sample.lua , size = 0.180 KB
[20:16:39.498][info] [#0:script/workspace/loading.lua:100]: Preload file at: file:///Users/florian/.dotfiles/.config/nvim/lazy/nvim-autopairs/tests/utils_spec.lua , size = 1.198 KB
[20:16:39.499][info] [#0:script/workspace/loading.lua:100]: Preload file at: file:///Users/florian/.dotfiles/.config/nvim/lazy/nvim-autopairs/lua/nvim-autopairs.lua , size = 20.693 KB
[20:16:39.502][info] [#0:script/workspace/loading.lua:100]: Preload file at: file:///Users/florian/.dotfiles/.config/nvim/lazy/nvim-autopairs/lua/nvim-autopairs/_log.lua , size = 0.324 KB
[20:16:39.503][info] [#0:script/workspace/loading.lua:100]: Preload file at: file:///Users/florian/.dotfiles/.config/nvim/lazy/nvim-autopairs/lua/nvim-autopairs/ts-utils.lua , size = 0.842 KB
[20:16:39.503][info] [#0:script/workspace/loading.lua:100]: Preload file at: file:///Users/florian/.dotfiles/.config/nvim/lazy/nvim-autopairs/lua/nvim-autopairs/ts-conds.lua , size = 5.437 KB
[20:16:39.504][info] [#0:script/workspace/loading.lua:100]: Preload file at: file:///Users/florian/.dotfiles/.config/nvim/lazy/nvim-autopairs/lua/nvim-autopairs/rule.lua , size = 5.771 KB
[20:16:39.506][info] [#0:script/workspace/loading.lua:100]: Preload file at: file:///Users/florian/.dotfiles/.config/nvim/lazy/nvim-autopairs/lua/nvim-autopairs/completion/cmp.lua , size = 2.413 KB
[20:16:39.506][info] [#0:script/workspace/loading.lua:100]: Preload file at: file:///Users/florian/.dotfiles/.config/nvim/lazy/nvim-autopairs/lua/nvim-autopairs/completion/compe.lua , size = 2.811 KB
[20:16:39.507][info] [#0:script/workspace/loading.lua:100]: Preload file at: file:///Users/florian/.dotfiles/.config/nvim/lazy/nvim-autopairs/lua/nvim-autopairs/fastwrap.lua , size = 8.271 KB
[20:16:39.509][info] [#0:script/workspace/loading.lua:100]: Preload file at: file:///Users/florian/.dotfiles/.config/nvim/lazy/nvim-autopairs/lua/nvim-autopairs/completion/handlers.lua , size = 2.672 KB
[20:16:39.509][info] [#0:script/workspace/loading.lua:100]: Preload file at: file:///Users/florian/.dotfiles/.config/nvim/lazy/nvim-autopairs/lua/nvim-autopairs/rules/ts_basic.lua , size = 0.522 KB
[20:16:39.510][info] [#0:script/workspace/loading.lua:100]: Preload file at: file:///Users/florian/.dotfiles/.config/nvim/lazy/nvim-autopairs/lua/nvim-autopairs/rules/endwise-lua.lua , size = 0.242 KB
[20:16:39.510][info] [#0:script/workspace/loading.lua:100]: Preload file at: file:///Users/florian/.dotfiles/.config/nvim/lazy/nvim-autopairs/lua/nvim-autopairs/rules/endwise-elixir.lua , size = 0.218 KB
[20:16:39.510][info] [#0:script/workspace/loading.lua:100]: Preload file at: file:///Users/florian/.dotfiles/.config/nvim/lazy/nvim-autopairs/lua/nvim-autopairs/rules/endwise-ruby.lua , size = 0.948 KB
[20:16:39.510][info] [#0:script/workspace/loading.lua:100]: Preload file at: file:///Users/florian/.dotfiles/.config/nvim/lazy/nvim-autopairs/lua/nvim-autopairs/rules/basic.lua , size = 3.294 KB
[20:16:39.511][info] [#0:script/workspace/loading.lua:100]: Preload file at: file:///Users/florian/.dotfiles/.config/nvim/lazy/nvim-autopairs/lua/nvim-autopairs/utils.lua , size = 5.144 KB
[20:16:39.512][info] [#0:script/workspace/loading.lua:100]: Preload file at: file:///Users/florian/.dotfiles/.config/nvim/lazy/nvim-autopairs/lua/nvim-autopairs/ts-rule.lua , size = 0.490 KB
[20:16:39.512][info] [#0:script/workspace/loading.lua:100]: Preload file at: file:///Users/florian/.dotfiles/.config/nvim/lazy/nvim-autopairs/lua/nvim-autopairs/conds.lua , size = 9.363 KB
[20:16:39.514][info] [#0:script/workspace/loading.lua:100]: Preload file at: file:///Users/florian/.dotfiles/.config/nvim/lazy/blink-emoji.nvim/lua/blink-emoji/init.lua , size = 2.771 KB
[20:16:39.515][info] [#0:script/workspace/loading.lua:100]: Preload file at: file:///Users/florian/.dotfiles/.config/nvim/lazy/blink-emoji.nvim/scripts/data.lua , size = 2.031 KB
[20:16:39.516][info] [#0:script/workspace/loading.lua:100]: Preload file at: file:///Users/florian/.dotfiles/.config/nvim/lazy/obsidian.nvim/tests/util/test_parse_link.lua , size = 1.581 KB
[20:16:39.516][info] [#0:script/workspace/loading.lua:100]: Preload file at: file:///Users/florian/.dotfiles/.config/nvim/lazy/blink-emoji.nvim/lua/blink-emoji/emojis.lua , size = 201.442 KB
[20:16:39.544][info] [#0:script/workspace/loading.lua:100]: Preload file at: file:///Users/florian/.dotfiles/.config/nvim/lazy/obsidian.nvim/tests/attachment/test_image.lua , size = 0.870 KB
[20:16:39.545][info] [#0:script/workspace/loading.lua:100]: Preload file at: file:///Users/florian/.dotfiles/.config/nvim/lazy/obsidian.nvim/tests/test_util.lua , size = 10.471 KB
[20:16:39.547][info] [#0:script/workspace/loading.lua:100]: Preload file at: file:///Users/florian/.dotfiles/.config/nvim/lazy/obsidian.nvim/tests/test_builtin.lua , size = 2.444 KB
[20:16:39.547][info] [#0:script/workspace/loading.lua:100]: Preload file at: file:///Users/florian/.dotfiles/.config/nvim/lazy/obsidian.nvim/tests/lsp/test_rename.lua , size = 2.081 KB
[20:16:39.548][info] [#0:script/workspace/loading.lua:100]: Preload file at: file:///Users/florian/.dotfiles/.config/nvim/lazy/obsidian.nvim/tests/lsp/test_definition.lua , size = 1.911 KB
[20:16:39.548][info] [#0:script/workspace/loading.lua:100]: Preload file at: file:///Users/florian/.dotfiles/.config/nvim/lazy/obsidian.nvim/tests/lsp/test_references.lua , size = 2.670 KB
[20:16:39.549][info] [#0:script/workspace/loading.lua:100]: Preload file at: file:///Users/florian/.dotfiles/.config/nvim/lazy/obsidian.nvim/tests/test_workspace.lua , size = 1.308 KB
[20:16:39.550][info] [#0:script/workspace/loading.lua:100]: Preload file at: file:///Users/florian/.dotfiles/.config/nvim/lazy/obsidian.nvim/tests/search/test_search_opts.lua , size = 0.925 KB
[20:16:39.550][info] [#0:script/workspace/loading.lua:100]: Preload file at: file:///Users/florian/.dotfiles/.config/nvim/lazy/obsidian.nvim/tests/test_completion.lua , size = 1.258 KB
[20:16:39.550][info] [#0:script/workspace/loading.lua:100]: Preload file at: file:///Users/florian/.dotfiles/.config/nvim/lazy/obsidian.nvim/tests/test_ui.lua , size = 0.831 KB
[20:16:39.550][info] [#0:script/workspace/loading.lua:100]: Preload file at: file:///Users/florian/.dotfiles/.config/nvim/lazy/obsidian.nvim/tests/search/test_search.lua , size = 6.622 KB
[20:16:39.552][info] [#0:script/workspace/loading.lua:100]: Preload file at: file:///Users/florian/.dotfiles/.config/nvim/lazy/obsidian.nvim/tests/test_note.lua , size = 12.068 KB
[20:16:39.554][info] [#0:script/workspace/loading.lua:100]: Preload file at: file:///Users/florian/.dotfiles/.config/nvim/lazy/obsidian.nvim/tests/yaml/test_parser.lua , size = 6.467 KB
[20:16:39.556][info] [#0:script/workspace/loading.lua:100]: Preload file at: file:///Users/florian/.dotfiles/.config/nvim/lazy/obsidian.nvim/tests/yaml/test_line.lua , size = 0.461 KB
[20:16:39.556][info] [#0:script/workspace/loading.lua:100]: Preload file at: file:///Users/florian/.dotfiles/.config/nvim/lazy/obsidian.nvim/tests/yaml/test_yaml.lua , size = 4.063 KB
[20:16:39.557][info] [#0:script/workspace/loading.lua:100]: Preload file at: file:///Users/florian/.dotfiles/.config/nvim/lazy/obsidian.nvim/tests/test_daily.lua , size = 1.207 KB
[20:16:39.557][info] [#0:script/workspace/loading.lua:100]: Preload file at: file:///Users/florian/.dotfiles/.config/nvim/lazy/obsidian.nvim/tests/test_frontmatter.lua , size = 3.170 KB
[20:16:39.558][info] [#0:script/workspace/loading.lua:100]: Preload file at: file:///Users/florian/.dotfiles/.config/nvim/lazy/obsidian.nvim/tests/helpers.lua , size = 2.088 KB
[20:16:39.559][info] [#0:script/workspace/loading.lua:100]: Preload file at: file:///Users/florian/.dotfiles/.config/nvim/lazy/obsidian.nvim/tests/test_templates.lua , size = 2.269 KB
[20:16:39.559][info] [#0:script/workspace/loading.lua:100]: Preload file at: file:///Users/florian/.dotfiles/.config/nvim/lazy/obsidian.nvim/tests/test_api.lua , size = 4.179 KB
[20:16:39.560][info] [#0:script/workspace/loading.lua:100]: Preload file at: file:///Users/florian/.dotfiles/.config/nvim/lazy/obsidian.nvim/tests/test_path.lua , size = 7.993 KB
[20:16:39.562][info] [#0:script/workspace/loading.lua:100]: Preload file at: file:///Users/florian/.dotfiles/.config/nvim/lazy/obsidian.nvim/lua/obsidian/footer/init.lua , size = 2.144 KB
[20:16:39.563][info] [#0:script/workspace/loading.lua:100]: Preload file at: file:///Users/florian/.dotfiles/.config/nvim/lazy/obsidian.nvim/lua/obsidian/init.lua , size = 3.267 KB
[20:16:39.563][info] [#0:script/workspace/loading.lua:100]: Preload file at: file:///Users/florian/.dotfiles/.config/nvim/lazy/obsidian.nvim/lua/obsidian/autocmds.lua , size = 3.622 KB
[20:16:39.564][info] [#0:script/workspace/loading.lua:100]: Preload file at: file:///Users/florian/.dotfiles/.config/nvim/lazy/obsidian.nvim/lua/obsidian/builtin.lua , size = 3.843 KB
[20:16:39.566][info] [#0:script/workspace/loading.lua:100]: Preload file at: file:///Users/florian/.dotfiles/.config/nvim/lazy/obsidian.nvim/lua/obsidian/templates.lua , size = 5.792 KB
[20:16:39.567][info] [#0:script/workspace/loading.lua:100]: Preload file at: file:///Users/florian/.dotfiles/.config/nvim/lazy/obsidian.nvim/lua/obsidian/picker/init.lua , size = 8.608 KB
[20:16:39.569][info] [#0:script/workspace/loading.lua:100]: Preload file at: file:///Users/florian/.dotfiles/.config/nvim/lazy/obsidian.nvim/lua/obsidian/note.lua , size = 34.840 KB
[20:16:39.577][info] [#0:script/workspace/loading.lua:100]: Preload file at: file:///Users/florian/.dotfiles/.config/nvim/lazy/obsidian.nvim/lua/obsidian/picker/mappings.lua , size = 1.650 KB
[20:16:39.577][info] [#0:script/workspace/loading.lua:100]: Preload file at: file:///Users/florian/.dotfiles/.config/nvim/lazy/obsidian.nvim/lua/obsidian/picker/_snacks.lua , size = 4.401 KB
[20:16:39.579][info] [#0:script/workspace/loading.lua:100]: Preload file at: file:///Users/florian/.dotfiles/.config/nvim/lazy/obsidian.nvim/lua/obsidian/picker/util.lua , size = 2.110 KB
[20:16:39.579][info] [#0:script/workspace/loading.lua:100]: Preload file at: file:///Users/florian/.dotfiles/.config/nvim/lazy/obsidian.nvim/lua/obsidian/picker/_mini.lua , size = 3.254 KB
[20:16:39.580][info] [#0:script/workspace/loading.lua:100]: Preload file at: file:///Users/florian/.dotfiles/.config/nvim/lazy/obsidian.nvim/lua/obsidian/picker/_default.lua , size = 4.526 KB
[20:16:39.581][info] [#0:script/workspace/loading.lua:100]: Preload file at: file:///Users/florian/.dotfiles/.config/nvim/lazy/obsidian.nvim/lua/obsidian/picker/_telescope.lua , size = 8.179 KB
[20:16:39.583][info] [#0:script/workspace/loading.lua:100]: Preload file at: file:///Users/florian/.dotfiles/.config/nvim/lazy/obsidian.nvim/lua/obsidian/health.lua , size = 2.970 KB
[20:16:39.584][info] [#0:script/workspace/loading.lua:100]: Preload file at: file:///Users/florian/.dotfiles/.config/nvim/lazy/obsidian.nvim/lua/obsidian/config/init.lua , size = 9.812 KB
[20:16:39.585][info] [#0:script/workspace/loading.lua:100]: Preload file at: file:///Users/florian/.dotfiles/.config/nvim/lazy/obsidian.nvim/lua/obsidian/picker/_fzf.lua , size = 6.409 KB
[20:16:39.587][info] [#0:script/workspace/loading.lua:100]: Preload file at: file:///Users/florian/.dotfiles/.config/nvim/lazy/obsidian.nvim/lua/obsidian/async.lua , size = 6.164 KB
[20:16:39.589][info] [#0:script/workspace/loading.lua:100]: Preload file at: file:///Users/florian/.dotfiles/.config/nvim/lazy/obsidian.nvim/lua/obsidian/config/default.lua , size = 9.248 KB
[20:16:39.591][info] [#0:script/workspace/loading.lua:100]: Preload file at: file:///Users/florian/.dotfiles/.config/nvim/lazy/obsidian.nvim/lua/obsidian/completion/init.lua , size = 0.111 KB
[20:16:39.591][info] [#0:script/workspace/loading.lua:100]: Preload file at: file:///Users/florian/.dotfiles/.config/nvim/lazy/obsidian.nvim/lua/obsidian/statusline/init.lua , size = 1.089 KB
[20:16:39.591][info] [#0:script/workspace/loading.lua:100]: Preload file at: file:///Users/florian/.dotfiles/.config/nvim/lazy/obsidian.nvim/lua/obsidian/completion/plugin_initializers/nvim_cmp.lua , size = 1.114 KB
[20:16:39.592][info] [#0:script/workspace/loading.lua:100]: Preload file at: file:///Users/florian/.dotfiles/.config/nvim/lazy/obsidian.nvim/lua/obsidian/completion/tags.lua , size = 1.816 KB
[20:16:39.592][info] [#0:script/workspace/loading.lua:100]: Preload file at: file:///Users/florian/.dotfiles/.config/nvim/lazy/obsidian.nvim/lua/obsidian/completion/plugin_initializers/blink.lua , size = 6.990 KB
[20:16:39.593][info] [#0:script/workspace/loading.lua:100]: Preload file at: file:///Users/florian/.dotfiles/.config/nvim/lazy/obsidian.nvim/lua/obsidian/completion/sources/blink/tags.lua , size = 0.901 KB
[20:16:39.594][info] [#0:script/workspace/loading.lua:100]: Preload file at: file:///Users/florian/.dotfiles/.config/nvim/lazy/obsidian.nvim/lua/obsidian/completion/sources/blink/new.lua , size = 1.432 KB
[20:16:39.594][info] [#0:script/workspace/loading.lua:100]: Preload file at: file:///Users/florian/.dotfiles/.config/nvim/lazy/obsidian.nvim/lua/obsidian/completion/sources/blink/refs.lua , size = 1.064 KB
[20:16:39.594][info] [#0:script/workspace/loading.lua:100]: Preload file at: file:///Users/florian/.dotfiles/.config/nvim/lazy/obsidian.nvim/lua/obsidian/completion/sources/blink/util.lua , size = 1.332 KB
[20:16:39.595][info] [#0:script/workspace/loading.lua:100]: Preload file at: file:///Users/florian/.dotfiles/.config/nvim/lazy/obsidian.nvim/lua/obsidian/completion/sources/nvim_cmp/new.lua , size = 1.299 KB
[20:16:39.595][info] [#0:script/workspace/loading.lua:100]: Preload file at: file:///Users/florian/.dotfiles/.config/nvim/lazy/obsidian.nvim/lua/obsidian/completion/sources/nvim_cmp/tags.lua , size = 0.784 KB
[20:16:39.595][info] [#0:script/workspace/loading.lua:100]: Preload file at: file:///Users/florian/.dotfiles/.config/nvim/lazy/obsidian.nvim/lua/obsidian/completion/sources/nvim_cmp/refs.lua , size = 1.009 KB
[20:16:39.596][info] [#0:script/workspace/loading.lua:100]: Preload file at: file:///Users/florian/.dotfiles/.config/nvim/lazy/obsidian.nvim/lua/obsidian/completion/sources/nvim_cmp/util.lua , size = 0.133 KB
[20:16:39.596][info] [#0:script/workspace/loading.lua:100]: Preload file at: file:///Users/florian/.dotfiles/.config/nvim/lazy/obsidian.nvim/lua/obsidian/completion/sources/base/tags.lua , size = 4.671 KB
[20:16:39.597][info] [#0:script/workspace/loading.lua:100]: Preload file at: file:///Users/florian/.dotfiles/.config/nvim/lazy/obsidian.nvim/lua/obsidian/completion/sources/base/new.lua , size = 7.297 KB
[20:16:39.598][info] [#0:script/workspace/loading.lua:100]: Preload file at: file:///Users/florian/.dotfiles/.config/nvim/lazy/obsidian.nvim/lua/obsidian/completion/sources/base/types.lua , size = 0.729 KB
[20:16:39.598][info] [#0:script/workspace/loading.lua:100]: Preload file at: file:///Users/florian/.dotfiles/.config/nvim/lazy/obsidian.nvim/lua/obsidian/completion/sources/base/refs.lua , size = 13.349 KB
[20:16:39.601][info] [#0:script/workspace/loading.lua:100]: Preload file at: file:///Users/florian/.dotfiles/.config/nvim/lazy/obsidian.nvim/lua/obsidian/completion/refs.lua , size = 2.532 KB
[20:16:39.602][info] [#0:script/workspace/loading.lua:100]: Preload file at: file:///Users/florian/.dotfiles/.config/nvim/lazy/obsidian.nvim/lua/obsidian/frontmatter/validator.lua , size = 1.644 KB
[20:16:39.602][info] [#0:script/workspace/loading.lua:100]: Preload file at: file:///Users/florian/.dotfiles/.config/nvim/lazy/obsidian.nvim/lua/obsidian/frontmatter/init.lua , size = 1.801 KB
[20:16:39.603][info] [#0:script/workspace/loading.lua:100]: Preload file at: file:///Users/florian/.dotfiles/.config/nvim/lazy/obsidian.nvim/lua/obsidian/lsp/init.lua , size = 0.931 KB
[20:16:39.603][info] [#0:script/workspace/loading.lua:100]: Preload file at: file:///Users/florian/.dotfiles/.config/nvim/lazy/obsidian.nvim/lua/obsidian/lsp/handlers.lua , size = 0.570 KB
[20:16:39.603][info] [#0:script/workspace/loading.lua:100]: Preload file at: file:///Users/florian/.dotfiles/.config/nvim/lazy/obsidian.nvim/lua/obsidian/lsp/handlers/_rename.lua , size = 2.856 KB
[20:16:39.604][info] [#0:script/workspace/loading.lua:100]: Preload file at: file:///Users/florian/.dotfiles/.config/nvim/lazy/obsidian.nvim/lua/obsidian/lsp/handlers/rename.lua , size = 1.081 KB
[20:16:39.605][info] [#0:script/workspace/loading.lua:100]: Preload file at: file:///Users/florian/.dotfiles/.config/nvim/lazy/obsidian.nvim/lua/obsidian/lsp/handlers/_definition.lua , size = 4.765 KB
[20:16:39.606][info] [#0:script/workspace/loading.lua:100]: Preload file at: file:///Users/florian/.dotfiles/.config/nvim/lazy/obsidian.nvim/lua/obsidian/lsp/handlers/definition.lua , size = 0.312 KB
[20:16:39.606][info] [#0:script/workspace/loading.lua:100]: Preload file at: file:///Users/florian/.dotfiles/.config/nvim/lazy/obsidian.nvim/lua/obsidian/lsp/handlers/prepare_rename.lua , size = 0.499 KB
[20:16:39.606][info] [#0:script/workspace/loading.lua:100]: Preload file at: file:///Users/florian/.dotfiles/.config/nvim/lazy/obsidian.nvim/lua/obsidian/lsp/handlers/references.lua , size = 2.690 KB
[20:16:39.607][info] [#0:script/workspace/loading.lua:100]: Preload file at: file:///Users/florian/.dotfiles/.config/nvim/lazy/obsidian.nvim/lua/obsidian/lsp/handlers/initialize.lua , size = 0.466 KB
[20:16:39.607][info] [#0:script/workspace/loading.lua:100]: Preload file at: file:///Users/florian/.dotfiles/.config/nvim/lazy/obsidian.nvim/lua/obsidian/lsp/handlers/document_symbol.lua , size = 1.020 KB
[20:16:39.608][info] [#0:script/workspace/loading.lua:100]: Preload file at: file:///Users/florian/.dotfiles/.config/nvim/lazy/obsidian.nvim/lua/obsidian/daily/init.lua , size = 3.124 KB
[20:16:39.609][info] [#0:script/workspace/loading.lua:100]: Preload file at: file:///Users/florian/.dotfiles/.config/nvim/lazy/obsidian.nvim/lua/obsidian/path.lua , size = 10.860 KB
[20:16:39.612][info] [#0:script/workspace/loading.lua:100]: Preload file at: file:///Users/florian/.dotfiles/.config/nvim/lazy/obsidian.nvim/lua/obsidian/search/init.lua , size = 27.757 KB
[20:16:39.618][info] [#0:script/workspace/loading.lua:100]: Preload file at: file:///Users/florian/.dotfiles/.config/nvim/lazy/obsidian.nvim/lua/obsidian/search/opts.lua , size = 2.063 KB
[20:16:39.619][info] [#0:script/workspace/loading.lua:100]: Preload file at: file:///Users/florian/.dotfiles/.config/nvim/lazy/obsidian.nvim/lua/obsidian/version.lua , size = 0.016 KB
[20:16:39.619][info] [#0:script/workspace/loading.lua:100]: Preload file at: file:///Users/florian/.dotfiles/.config/nvim/lazy/obsidian.nvim/lua/obsidian/search/ripgrep.lua , size = 3.477 KB
[20:16:39.620][info] [#0:script/workspace/loading.lua:100]: Preload file at: file:///Users/florian/.dotfiles/.config/nvim/lazy/obsidian.nvim/lua/obsidian/yaml/init.lua , size = 2.838 KB
[20:16:39.621][info] [#0:script/workspace/loading.lua:100]: Preload file at: file:///Users/florian/.dotfiles/.config/nvim/lazy/obsidian.nvim/lua/obsidian/yaml/yq.lua , size = 0.233 KB
[20:16:39.621][info] [#0:script/workspace/loading.lua:100]: Preload file at: file:///Users/florian/.dotfiles/.config/nvim/lazy/obsidian.nvim/lua/obsidian/workspace.lua , size = 5.351 KB
[20:16:39.622][info] [#0:script/workspace/loading.lua:100]: Preload file at: file:///Users/florian/.dotfiles/.config/nvim/lazy/obsidian.nvim/lua/obsidian/yaml/line.lua , size = 1.072 KB
[20:16:39.623][info] [#0:script/workspace/loading.lua:100]: Preload file at: file:///Users/florian/.dotfiles/.config/nvim/lazy/obsidian.nvim/lua/obsidian/yaml/parser.lua , size = 17.637 KB
[20:16:39.627][info] [#0:script/workspace/loading.lua:100]: Preload file at: file:///Users/florian/.dotfiles/.config/nvim/lazy/obsidian.nvim/lua/obsidian/commands/init-legacy.lua , size = 6.209 KB
[20:16:39.629][info] [#0:script/workspace/loading.lua:100]: Preload file at: file:///Users/florian/.dotfiles/.config/nvim/lazy/obsidian.nvim/lua/obsidian/commands/quick_switch.lua , size = 0.151 KB
[20:16:39.629][info] [#0:script/workspace/loading.lua:100]: Preload file at: file:///Users/florian/.dotfiles/.config/nvim/lazy/obsidian.nvim/lua/obsidian/commands/today.lua , size = 0.448 KB
[20:16:39.629][info] [#0:script/workspace/loading.lua:100]: Preload file at: file:///Users/florian/.dotfiles/.config/nvim/lazy/obsidian.nvim/lua/obsidian/commands/toggle_checkbox.lua , size = 0.529 KB
[20:16:39.629][info] [#0:script/workspace/loading.lua:100]: Preload file at: file:///Users/florian/.dotfiles/.config/nvim/lazy/obsidian.nvim/lua/obsidian/commands/check.lua , size = 1.438 KB
[20:16:39.630][info] [#0:script/workspace/loading.lua:100]: Preload file at: file:///Users/florian/.dotfiles/.config/nvim/lazy/obsidian.nvim/lua/obsidian/commands/rename.lua , size = 0.192 KB
[20:16:39.630][info] [#0:script/workspace/loading.lua:100]: Preload file at: file:///Users/florian/.dotfiles/.config/nvim/lazy/obsidian.nvim/lua/obsidian/commands/init.lua , size = 7.082 KB
[20:16:39.632][info] [#0:script/workspace/loading.lua:100]: Preload file at: file:///Users/florian/.dotfiles/.config/nvim/lazy/obsidian.nvim/lua/obsidian/commands/yesterday.lua , size = 0.087 KB
[20:16:39.632][info] [#0:script/workspace/loading.lua:100]: Preload file at: file:///Users/florian/.dotfiles/.config/nvim/lazy/obsidian.nvim/lua/obsidian/commands/link.lua , size = 0.079 KB
[20:16:39.632][info] [#0:script/workspace/loading.lua:100]: Preload file at: file:///Users/florian/.dotfiles/.config/nvim/lazy/obsidian.nvim/lua/obsidian/commands/backlinks.lua , size = 0.218 KB
[20:16:39.632][info] [#0:script/workspace/loading.lua:100]: Preload file at: file:///Users/florian/.dotfiles/.config/nvim/lazy/obsidian.nvim/lua/obsidian/commands/paste_img.lua , size = 0.894 KB
[20:16:39.632][info] [#0:script/workspace/loading.lua:100]: Preload file at: file:///Users/florian/.dotfiles/.config/nvim/lazy/obsidian.nvim/lua/obsidian/commands/search.lua , size = 0.117 KB
[20:16:39.633][info] [#0:script/workspace/loading.lua:100]: Preload file at: file:///Users/florian/.dotfiles/.config/nvim/lazy/obsidian.nvim/lua/obsidian/commands/tomorrow.lua , size = 0.086 KB
[20:16:39.633][info] [#0:script/workspace/loading.lua:100]: Preload file at: file:///Users/florian/.dotfiles/.config/nvim/lazy/obsidian.nvim/lua/obsidian/commands/workspace.lua , size = 0.582 KB
[20:16:39.633][info] [#0:script/workspace/loading.lua:100]: Preload file at: file:///Users/florian/.dotfiles/.config/nvim/lazy/obsidian.nvim/lua/obsidian/commands/tags.lua , size = 2.396 KB
[20:16:39.634][info] [#0:script/workspace/loading.lua:100]: Preload file at: file:///Users/florian/.dotfiles/.config/nvim/lazy/obsidian.nvim/lua/obsidian/commands/new.lua , size = 0.615 KB
[20:16:39.634][info] [#0:script/workspace/loading.lua:100]: Preload file at: file:///Users/florian/.dotfiles/.config/nvim/lazy/obsidian.nvim/lua/obsidian/commands/toc.lua , size = 0.199 KB
[20:16:39.634][info] [#0:script/workspace/loading.lua:100]: Preload file at: file:///Users/florian/.dotfiles/.config/nvim/lazy/obsidian.nvim/lua/obsidian/commands/links.lua , size = 0.416 KB
[20:16:39.634][info] [#0:script/workspace/loading.lua:100]: Preload file at: file:///Users/florian/.dotfiles/.config/nvim/lazy/obsidian.nvim/lua/obsidian/commands/open.lua , size = 1.863 KB
[20:16:39.635][info] [#0:script/workspace/loading.lua:100]: Preload file at: file:///Users/florian/.dotfiles/.config/nvim/lazy/obsidian.nvim/lua/obsidian/commands/link_new.lua , size = 0.131 KB
[20:16:39.635][info] [#0:script/workspace/loading.lua:100]: Preload file at: file:///Users/florian/.dotfiles/.config/nvim/lazy/obsidian.nvim/lua/obsidian/commands/template.lua , size = 1.135 KB
[20:16:39.635][info] [#0:script/workspace/loading.lua:100]: Preload file at: file:///Users/florian/.dotfiles/.config/nvim/lazy/obsidian.nvim/lua/obsidian/commands/new_from_template.lua , size = 1.670 KB
[20:16:39.636][info] [#0:script/workspace/loading.lua:100]: Preload file at: file:///Users/florian/.dotfiles/.config/nvim/lazy/obsidian.nvim/lua/obsidian/commands/follow_link.lua , size = 0.552 KB
[20:16:39.636][info] [#0:script/workspace/loading.lua:100]: Preload file at: file:///Users/florian/.dotfiles/.config/nvim/lazy/obsidian.nvim/lua/obsidian/commands/extract_note.lua , size = 0.135 KB
[20:16:39.636][info] [#0:script/workspace/loading.lua:100]: Preload file at: file:///Users/florian/.dotfiles/.config/nvim/lazy/obsidian.nvim/lua/obsidian/commands/dailies.lua , size = 2.043 KB
[20:16:39.637][info] [#0:script/workspace/loading.lua:100]: Preload file at: file:///Users/florian/.dotfiles/.config/nvim/lazy/obsidian.nvim/lua/obsidian/log.lua , size = 2.600 KB
[20:16:39.638][info] [#0:script/workspace/loading.lua:100]: Preload file at: file:///Users/florian/.dotfiles/.config/nvim/lazy/obsidian.nvim/lua/obsidian/util.lua , size = 19.656 KB
[20:16:39.642][info] [#0:script/workspace/loading.lua:100]: Preload file at: file:///Users/florian/.dotfiles/.config/nvim/lazy/obsidian.nvim/lua/obsidian/types.lua , size = 5.009 KB
[20:16:39.643][info] [#0:script/workspace/loading.lua:100]: Preload file at: file:///Users/florian/.dotfiles/.config/nvim/lazy/obsidian.nvim/lua/obsidian/compat.lua , size = 0.438 KB
[20:16:39.644][info] [#0:script/workspace/loading.lua:100]: Preload file at: file:///Users/florian/.dotfiles/.config/nvim/lazy/obsidian.nvim/lua/obsidian/img_paste.lua , size = 4.567 KB
[20:16:39.645][info] [#0:script/workspace/loading.lua:100]: Preload file at: file:///Users/florian/.dotfiles/.config/nvim/lazy/obsidian.nvim/lua/obsidian/api.lua , size = 22.722 KB
[20:16:39.650][info] [#0:script/workspace/loading.lua:100]: Preload file at: file:///Users/florian/.dotfiles/.config/nvim/lazy/obsidian.nvim/lua/obsidian/ui.lua , size = 18.499 KB
[20:16:39.654][info] [#0:script/workspace/loading.lua:100]: Preload file at: file:///Users/florian/.dotfiles/.config/nvim/lazy/obsidian.nvim/lua/obsidian/client.lua , size = 0.672 KB
[20:16:39.654][info] [#0:script/workspace/loading.lua:100]: Preload file at: file:///Users/florian/.dotfiles/.config/nvim/lazy/obsidian.nvim/scripts/generate_api_docs.lua , size = 0.579 KB
[20:16:39.655][info] [#0:script/workspace/loading.lua:100]: Preload file at: file:///Users/florian/.dotfiles/.config/nvim/lazy/obsidian.nvim/scripts/markdoc.lua , size = 0.913 KB
[20:16:39.655][info] [#0:script/workspace/loading.lua:100]: Preload file at: file:///Users/florian/.dotfiles/.config/nvim/lazy/obsidian.nvim/scripts/minimal_init.lua , size = 0.310 KB
[20:16:39.655][info] [#0:script/workspace/loading.lua:100]: Preload file at: file:///Users/florian/.dotfiles/.config/nvim/lazy/obsidian.nvim/minimal.lua , size = 1.394 KB
[20:16:39.656][info] [#0:script/workspace/loading.lua:100]: Preload file at: file:///Users/florian/.dotfiles/.config/nvim/lazy/nvim-ufo/lua/ufo/bufmanager.lua , size = 3.172 KB
[20:16:39.656][info] [#0:script/workspace/loading.lua:100]: Preload file at: file:///Users/florian/.dotfiles/.config/nvim/lazy/nvim-ufo/lua/ufo/main.lua , size = 6.121 KB
[20:16:39.658][info] [#0:script/workspace/loading.lua:100]: Preload file at: file:///Users/florian/.dotfiles/.config/nvim/lazy/nvim-ufo/lua/ufo/provider/init.lua , size = 2.235 KB
[20:16:39.659][info] [#0:script/workspace/loading.lua:100]: Preload file at: file:///Users/florian/.dotfiles/.config/nvim/lazy/nvim-ufo/lua/ufo/action.lua , size = 5.467 KB
[20:16:39.660][info] [#0:script/workspace/loading.lua:100]: Preload file at: file:///Users/florian/.dotfiles/.config/nvim/lazy/nvim-ufo/lua/ufo/provider/indent.lua , size = 5.237 KB
[20:16:39.662][info] [#0:script/workspace/loading.lua:100]: Preload file at: file:///Users/florian/.dotfiles/.config/nvim/lazy/nvim-ufo/lua/ufo/provider/lsp/fastfailure.lua , size = 0.406 KB
[20:16:39.662][info] [#0:script/workspace/loading.lua:100]: Preload file at: file:///Users/florian/.dotfiles/.config/nvim/lazy/nvim-ufo/lua/ufo/provider/lsp/init.lua , size = 3.333 KB
[20:16:39.663][info] [#0:script/workspace/loading.lua:100]: Preload file at: file:///Users/florian/.dotfiles/.config/nvim/lazy/nvim-ufo/lua/ufo/provider/lsp/coc.lua , size = 1.661 KB
[20:16:39.663][info] [#0:script/workspace/loading.lua:100]: Preload file at: file:///Users/florian/.dotfiles/.config/nvim/lazy/nvim-ufo/lua/ufo/provider/lsp/nvim.lua , size = 3.101 KB
[20:16:39.664][info] [#0:script/workspace/loading.lua:100]: Preload file at: file:///Users/florian/.dotfiles/.config/nvim/lazy/nvim-ufo/lua/ufo/provider/treesitter.lua , size = 6.284 KB
[20:16:39.666][info] [#0:script/workspace/loading.lua:100]: Preload file at: file:///Users/florian/.dotfiles/.config/nvim/lazy/nvim-ufo/lua/ufo/provider/marker.lua , size = 5.991 KB
[20:16:39.667][info] [#0:script/workspace/loading.lua:100]: Preload file at: file:///Users/florian/.dotfiles/.config/nvim/lazy/nvim-ufo/lua/ufo/render/match.lua , size = 1.218 KB
[20:16:39.667][info] [#0:script/workspace/loading.lua:100]: Preload file at: file:///Users/florian/.dotfiles/.config/nvim/lazy/nvim-ufo/lua/ufo/render/init.lua , size = 10.295 KB
[20:16:39.670][info] [#0:script/workspace/loading.lua:100]: Preload file at: file:///Users/florian/.dotfiles/.config/nvim/lazy/nvim-ufo/lua/ufo/render/extmark.lua , size = 2.403 KB
[20:16:39.670][info] [#0:script/workspace/loading.lua:100]: Preload file at: file:///Users/florian/.dotfiles/.config/nvim/lazy/nvim-ufo/lua/ufo/render/treesitter.lua , size = 3.318 KB
[20:16:39.671][info] [#0:script/workspace/loading.lua:100]: Preload file at: file:///Users/florian/.dotfiles/.config/nvim/lazy/nvim-ufo/lua/ufo/highlight.lua , size = 3.077 KB
[20:16:39.672][info] [#0:script/workspace/loading.lua:100]: Preload file at: file:///Users/florian/.dotfiles/.config/nvim/lazy/nvim-ufo/lua/ufo/config.lua , size = 3.026 KB
[20:16:39.673][info] [#0:script/workspace/loading.lua:100]: Preload file at: file:///Users/florian/.dotfiles/.config/nvim/lazy/nvim-ufo/lua/ufo/model/linesize.lua , size = 2.496 KB
[20:16:39.674][info] [#0:script/workspace/loading.lua:100]: Preload file at: file:///Users/florian/.dotfiles/.config/nvim/lazy/nvim-ufo/lua/ufo/model/foldingrange.lua , size = 0.817 KB
[20:16:39.674][info] [#0:script/workspace/loading.lua:100]: Preload file at: file:///Users/florian/.dotfiles/.config/nvim/lazy/nvim-ufo/lua/ufo/decorator.lua , size = 14.399 KB
[20:16:39.677][info] [#0:script/workspace/loading.lua:100]: Preload file at: file:///Users/florian/.dotfiles/.config/nvim/lazy/nvim-ufo/lua/ufo/model/window.lua , size = 4.836 KB
[20:16:39.678][info] [#0:script/workspace/loading.lua:100]: Preload file at: file:///Users/florian/.dotfiles/.config/nvim/lazy/nvim-ufo/lua/ufo/model/foldbuffer.lua , size = 6.940 KB
[20:16:39.680][info] [#0:script/workspace/loading.lua:100]: Preload file at: file:///Users/florian/.dotfiles/.config/nvim/lazy/nvim-ufo/lua/ufo/model/foldedline.lua , size = 1.939 KB
[20:16:39.681][info] [#0:script/workspace/loading.lua:100]: Preload file at: file:///Users/florian/.dotfiles/.config/nvim/lazy/nvim-ufo/lua/ufo/wffi.lua , size = 2.148 KB
[20:16:39.682][info] [#0:script/workspace/loading.lua:100]: Preload file at: file:///Users/florian/.dotfiles/.config/nvim/lazy/nvim-ufo/lua/ufo/lib/event.lua , size = 1.323 KB
[20:16:39.682][info] [#0:script/workspace/loading.lua:100]: Preload file at: file:///Users/florian/.dotfiles/.config/nvim/lazy/nvim-ufo/lua/ufo/lib/debounce.lua , size = 1.685 KB
[20:16:39.683][info] [#0:script/workspace/loading.lua:100]: Preload file at: file:///Users/florian/.dotfiles/.config/nvim/lazy/nvim-ufo/lua/ufo/lib/disposable.lua , size = 0.622 KB
[20:16:39.683][info] [#0:script/workspace/loading.lua:100]: Preload file at: file:///Users/florian/.dotfiles/.config/nvim/lazy/nvim-ufo/lua/ufo/lib/log.lua , size = 2.343 KB
[20:16:39.684][info] [#0:script/workspace/loading.lua:100]: Preload file at: file:///Users/florian/.dotfiles/.config/nvim/lazy/nvim-ufo/lua/ufo/model/buffer.lua , size = 6.474 KB
[20:16:39.686][info] [#0:script/workspace/loading.lua:100]: Preload file at: file:///Users/florian/.dotfiles/.config/nvim/lazy/nvim-ufo/lua/ufo/fold/init.lua , size = 6.871 KB
[20:16:39.687][info] [#0:script/workspace/loading.lua:100]: Preload file at: file:///Users/florian/.dotfiles/.config/nvim/lazy/nvim-ufo/lua/ufo/fold/manager.lua , size = 6.907 KB
[20:16:39.689][info] [#0:script/workspace/loading.lua:100]: Preload file at: file:///Users/florian/.dotfiles/.config/nvim/lazy/nvim-ufo/lua/ufo/fold/driver.lua , size = 4.824 KB
[20:16:39.690][info] [#0:script/workspace/loading.lua:100]: Preload file at: file:///Users/florian/.dotfiles/.config/nvim/lazy/nvim-ufo/lua/ufo/preview/keymap.lua , size = 2.668 KB
[20:16:39.691][info] [#0:script/workspace/loading.lua:100]: Preload file at: file:///Users/florian/.dotfiles/.config/nvim/lazy/nvim-ufo/lua/ufo/preview/winbar.lua , size = 1.983 KB
[20:16:39.692][info] [#0:script/workspace/loading.lua:100]: Preload file at: file:///Users/florian/.dotfiles/.config/nvim/lazy/nvim-ufo/lua/ufo/preview/floatwin.lua , size = 7.055 KB
[20:16:39.694][info] [#0:script/workspace/loading.lua:100]: Preload file at: file:///Users/florian/.dotfiles/.config/nvim/lazy/nvim-ufo/lua/ufo/preview/scrollbar.lua , size = 3.092 KB
[20:16:39.695][info] [#0:script/workspace/loading.lua:100]: Preload file at: file:///Users/florian/.dotfiles/.config/nvim/lazy/nvim-ufo/lua/ufo/preview/init.lua , size = 12.310 KB
[20:16:39.698][info] [#0:script/workspace/loading.lua:100]: Preload file at: file:///Users/florian/.dotfiles/.config/nvim/lazy/nvim-ufo/lua/ufo/utils.lua , size = 8.447 KB
[20:16:39.700][info] [#0:script/workspace/loading.lua:100]: Preload file at: file:///Users/florian/.dotfiles/.config/nvim/lazy/nvim-ufo/lua/ufo.lua , size = 7.456 KB
[20:16:39.702][info] [#0:script/workspace/loading.lua:100]: Preload file at: file:///Users/florian/.dotfiles/.config/nvim/lazy/nvim-ufo/doc/example.lua , size = 6.330 KB
[20:16:39.703][info] [#0:script/workspace/loading.lua:100]: Preload file at: file:///Users/florian/.dotfiles/.config/nvim/lazy/lazy.nvim/tests/minit.lua , size = 0.178 KB
[20:16:39.703][info] [#0:script/workspace/loading.lua:100]: Preload file at: file:///Users/florian/.dotfiles/.config/nvim/lazy/lazy.nvim/tests/core/init_spec.lua , size = 0.348 KB
[20:16:39.703][info] [#0:script/workspace/loading.lua:100]: Preload file at: file:///Users/florian/.dotfiles/.config/nvim/lazy/lazy.nvim/tests/core/util_spec.lua , size = 4.053 KB
[20:16:39.705][info] [#0:script/workspace/loading.lua:100]: Preload file at: file:///Users/florian/.dotfiles/.config/nvim/lazy/lazy.nvim/tests/core/plugin_spec.lua , size = 16.634 KB
[20:16:39.709][info] [#0:script/workspace/loading.lua:100]: Preload file at: file:///Users/florian/.dotfiles/.config/nvim/lazy/lazy.nvim/tests/manage/process_spec.lua , size = 0.492 KB
[20:16:39.709][info] [#0:script/workspace/loading.lua:100]: Preload file at: file:///Users/florian/.dotfiles/.config/nvim/lazy/lazy.nvim/tests/manage/semver_spec.lua , size = 3.623 KB
[20:16:39.710][info] [#0:script/workspace/loading.lua:100]: Preload file at: file:///Users/florian/.dotfiles/.config/nvim/lazy/lazy.nvim/tests/manage/task_spec.lua , size = 2.455 KB
[20:16:39.711][info] [#0:script/workspace/loading.lua:100]: Preload file at: file:///Users/florian/.dotfiles/.config/nvim/lazy/lazy.nvim/tests/helpers.lua , size = 0.739 KB
[20:16:39.711][info] [#0:script/workspace/loading.lua:100]: Preload file at: file:///Users/florian/.dotfiles/.config/nvim/lazy/lazy.nvim/tests/manage/runner_spec.lua , size = 2.400 KB
[20:16:39.712][info] [#0:script/workspace/loading.lua:100]: Preload file at: file:///Users/florian/.dotfiles/.config/nvim/lazy/lazy.nvim/lua/lazy/init.lua , size = 3.749 KB
[20:16:39.713][info] [#0:script/workspace/loading.lua:100]: Preload file at: file:///Users/florian/.dotfiles/.config/nvim/lazy/lazy.nvim/tests/handlers/keys_spec.lua , size = 0.478 KB
[20:16:39.713][info] [#0:script/workspace/loading.lua:100]: Preload file at: file:///Users/florian/.dotfiles/.config/nvim/lazy/lazy.nvim/lua/lazy/minit.lua , size = 5.172 KB
[20:16:39.715][info] [#0:script/workspace/loading.lua:100]: Preload file at: file:///Users/florian/.dotfiles/.config/nvim/lazy/lazy.nvim/lua/lazy/core/loader.lua , size = 14.966 KB
[20:16:39.718][info] [#0:script/workspace/loading.lua:100]: Preload file at: file:///Users/florian/.dotfiles/.config/nvim/lazy/lazy.nvim/lua/lazy/core/handler/event.lua , size = 4.956 KB
[20:16:39.720][info] [#0:script/workspace/loading.lua:100]: Preload file at: file:///Users/florian/.dotfiles/.config/nvim/lazy/lazy.nvim/lua/lazy/core/handler/init.lua , size = 3.170 KB
[20:16:39.721][info] [#0:script/workspace/loading.lua:100]: Preload file at: file:///Users/florian/.dotfiles/.config/nvim/lazy/lazy.nvim/lua/lazy/core/handler/ft.lua , size = 0.442 KB
[20:16:39.721][info] [#0:script/workspace/loading.lua:100]: Preload file at: file:///Users/florian/.dotfiles/.config/nvim/lazy/lazy.nvim/lua/lazy/core/handler/keys.lua , size = 5.302 KB
[20:16:39.723][info] [#0:script/workspace/loading.lua:100]: Preload file at: file:///Users/florian/.dotfiles/.config/nvim/lazy/lazy.nvim/lua/lazy/core/handler/cmd.lua , size = 1.638 KB
[20:16:39.723][info] [#0:script/workspace/loading.lua:100]: Preload file at: file:///Users/florian/.dotfiles/.config/nvim/lazy/lazy.nvim/lua/lazy/core/cache.lua , size = 16.584 KB
[20:16:39.728][info] [#0:script/workspace/loading.lua:100]: Preload file at: file:///Users/florian/.dotfiles/.config/nvim/lazy/lazy.nvim/lua/lazy/core/fragments.lua , size = 4.215 KB
[20:16:39.729][info] [#0:script/workspace/loading.lua:100]: Preload file at: file:///Users/florian/.dotfiles/.config/nvim/lazy/lazy.nvim/lua/lazy/core/plugin.lua , size = 12.541 KB
[20:16:39.733][info] [#0:script/workspace/loading.lua:100]: Preload file at: file:///Users/florian/.dotfiles/.config/nvim/lazy/lazy.nvim/lua/lazy/core/meta.lua , size = 9.738 KB
[20:16:39.736][info] [#0:script/workspace/loading.lua:100]: Preload file at: file:///Users/florian/.dotfiles/.config/nvim/lazy/lazy.nvim/lua/lazy/core/config.lua , size = 12.009 KB
[20:16:39.738][info] [#0:script/workspace/loading.lua:100]: Preload file at: file:///Users/florian/.dotfiles/.config/nvim/lazy/lazy.nvim/lua/lazy/health.lua , size = 5.792 KB
[20:16:39.739][info] [#0:script/workspace/loading.lua:100]: Preload file at: file:///Users/florian/.dotfiles/.config/nvim/lazy/lazy.nvim/lua/lazy/core/util.lua , size = 12.348 KB
[20:16:39.743][info] [#0:script/workspace/loading.lua:100]: Preload file at: file:///Users/florian/.dotfiles/.config/nvim/lazy/lazy.nvim/lua/lazy/build.lua , size = 4.072 KB
[20:16:39.744][info] [#0:script/workspace/loading.lua:100]: Preload file at: file:///Users/florian/.dotfiles/.config/nvim/lazy/lazy.nvim/lua/lazy/terminal.lua , size = 2.394 KB
[20:16:39.745][info] [#0:script/workspace/loading.lua:100]: Preload file at: file:///Users/florian/.dotfiles/.config/nvim/lazy/lazy.nvim/lua/lazy/state.lua , size = 0.859 KB
[20:16:39.745][info] [#0:script/workspace/loading.lua:100]: Preload file at: file:///Users/florian/.dotfiles/.config/nvim/lazy/lazy.nvim/lua/lazy/async.lua , size = 4.302 KB
[20:16:39.747][info] [#0:script/workspace/loading.lua:100]: Preload file at: file:///Users/florian/.dotfiles/.config/nvim/lazy/lazy.nvim/lua/lazy/stats.lua , size = 2.215 KB
[20:16:39.747][info] [#0:script/workspace/loading.lua:100]: Preload file at: file:///Users/florian/.dotfiles/.config/nvim/lazy/lazy.nvim/lua/lazy/status.lua , size = 0.353 KB
[20:16:39.748][info] [#0:script/workspace/loading.lua:100]: Preload file at: file:///Users/florian/.dotfiles/.config/nvim/lazy/lazy.nvim/lua/lazy/help.lua , size = 2.216 KB
[20:16:39.748][info] [#0:script/workspace/loading.lua:100]: Preload file at: file:///Users/florian/.dotfiles/.config/nvim/lazy/lazy.nvim/lua/lazy/view/colors.lua , size = 1.820 KB
[20:16:39.749][info] [#0:script/workspace/loading.lua:100]: Preload file at: file:///Users/florian/.dotfiles/.config/nvim/lazy/lazy.nvim/lua/lazy/view/init.lua , size = 9.394 KB
[20:16:39.752][info] [#0:script/workspace/loading.lua:100]: Preload file at: file:///Users/florian/.dotfiles/.config/nvim/lazy/lazy.nvim/lua/lazy/view/diff.lua , size = 1.585 KB
[20:16:39.752][info] [#0:script/workspace/loading.lua:100]: Preload file at: file:///Users/florian/.dotfiles/.config/nvim/lazy/lazy.nvim/lua/lazy/view/float.lua , size = 9.536 KB
[20:16:39.755][info] [#0:script/workspace/loading.lua:100]: Preload file at: file:///Users/florian/.dotfiles/.config/nvim/lazy/lazy.nvim/lua/lazy/view/config.lua , size = 3.507 KB
[20:16:39.756][info] [#0:script/workspace/loading.lua:100]: Preload file at: file:///Users/florian/.dotfiles/.config/nvim/lazy/lazy.nvim/lua/lazy/view/sections.lua , size = 2.430 KB
[20:16:39.757][info] [#0:script/workspace/loading.lua:100]: Preload file at: file:///Users/florian/.dotfiles/.config/nvim/lazy/lazy.nvim/lua/lazy/view/render.lua , size = 23.064 KB
[20:16:39.763][info] [#0:script/workspace/loading.lua:100]: Preload file at: file:///Users/florian/.dotfiles/.config/nvim/lazy/lazy.nvim/lua/lazy/view/commands.lua , size = 3.899 KB
[20:16:39.765][info] [#0:script/workspace/loading.lua:100]: Preload file at: file:///Users/florian/.dotfiles/.config/nvim/lazy/lazy.nvim/lua/lazy/view/text.lua , size = 3.813 KB
[20:16:39.766][info] [#0:script/workspace/loading.lua:100]: Preload file at: file:///Users/florian/.dotfiles/.config/nvim/lazy/lazy.nvim/lua/lazy/manage/init.lua , size = 5.940 KB
[20:16:39.768][info] [#0:script/workspace/loading.lua:100]: Preload file at: file:///Users/florian/.dotfiles/.config/nvim/lazy/lazy.nvim/lua/lazy/docs.lua , size = 4.920 KB
[20:16:39.769][info] [#0:script/workspace/loading.lua:100]: Preload file at: file:///Users/florian/.dotfiles/.config/nvim/lazy/lazy.nvim/lua/lazy/manage/reloader.lua , size = 2.817 KB
[20:16:39.770][info] [#0:script/workspace/loading.lua:100]: Preload file at: file:///Users/florian/.dotfiles/.config/nvim/lazy/lazy.nvim/lua/lazy/manage/git.lua , size = 6.279 KB
[20:16:39.772][info] [#0:script/workspace/loading.lua:100]: Preload file at: file:///Users/florian/.dotfiles/.config/nvim/lazy/lazy.nvim/lua/lazy/manage/lock.lua , size = 1.668 KB
[20:16:39.772][info] [#0:script/workspace/loading.lua:100]: Preload file at: file:///Users/florian/.dotfiles/.config/nvim/lazy/lazy.nvim/lua/lazy/manage/checker.lua , size = 2.479 KB
[20:16:39.773][info] [#0:script/workspace/loading.lua:100]: Preload file at: file:///Users/florian/.dotfiles/.config/nvim/lazy/lazy.nvim/lua/lazy/manage/task/init.lua , size = 5.805 KB
[20:16:39.776][info] [#0:script/workspace/loading.lua:100]: Preload file at: file:///Users/florian/.dotfiles/.config/nvim/lazy/lazy.nvim/lua/lazy/manage/task/git.lua , size = 10.135 KB
[20:16:39.778][info] [#0:script/workspace/loading.lua:100]: Preload file at: file:///Users/florian/.dotfiles/.config/nvim/lazy/lazy.nvim/lua/lazy/manage/task/plugin.lua , size = 2.765 KB
[20:16:39.779][info] [#0:script/workspace/loading.lua:100]: Preload file at: file:///Users/florian/.dotfiles/.config/nvim/lazy/lazy.nvim/lua/lazy/manage/task/fs.lua , size = 1.009 KB
[20:16:39.779][info] [#0:script/workspace/loading.lua:100]: Preload file at: file:///Users/florian/.dotfiles/.config/nvim/lazy/lazy.nvim/lua/lazy/manage/semver.lua , size = 4.455 KB
[20:16:39.781][info] [#0:script/workspace/loading.lua:100]: Preload file at: file:///Users/florian/.dotfiles/.config/nvim/lazy/lazy.nvim/lua/lazy/manage/runner.lua , size = 4.847 KB
[20:16:39.782][info] [#0:script/workspace/loading.lua:100]: Preload file at: file:///Users/florian/.dotfiles/.config/nvim/lazy/lazy.nvim/lua/lazy/manage/process.lua , size = 5.447 KB
[20:16:39.784][info] [#0:script/workspace/loading.lua:100]: Preload file at: file:///Users/florian/.dotfiles/.config/nvim/lazy/lazy.nvim/lua/lazy/types.lua , size = 3.755 KB
[20:16:39.785][info] [#0:script/workspace/loading.lua:100]: Preload file at: file:///Users/florian/.dotfiles/.config/nvim/lazy/lazy.nvim/lua/lazy/util.lua , size = 6.888 KB
[20:16:39.788][info] [#0:script/workspace/loading.lua:100]: Preload file at: file:///Users/florian/.dotfiles/.config/nvim/lazy/lazy.nvim/lua/lazy/community/init.lua , size = 0.511 KB
[20:16:39.788][info] [#0:script/workspace/loading.lua:100]: Preload file at: file:///Users/florian/.dotfiles/.config/nvim/lazy/lazy.nvim/lua/lazy/community/specs.lua , size = 0.115 KB
[20:16:39.788][info] [#0:script/workspace/loading.lua:100]: Preload file at: file:///Users/florian/.dotfiles/.config/nvim/lazy/lazy.nvim/lua/lazy/pkg/packspec.lua , size = 1.137 KB
[20:16:39.788][info] [#0:script/workspace/loading.lua:100]: Preload file at: file:///Users/florian/.dotfiles/.config/nvim/lazy/lazy.nvim/lua/lazy/pkg/init.lua , size = 3.186 KB
[20:16:39.789][info] [#0:script/workspace/loading.lua:100]: Preload file at: file:///Users/florian/.dotfiles/.config/nvim/lazy/lazy.nvim/lua/lazy/pkg/rockspec.lua , size = 8.061 KB
[20:16:39.791][info] [#0:script/workspace/loading.lua:100]: Preload file at: file:///Users/florian/.dotfiles/.config/nvim/lazy/lazy.nvim/lua/lazy/pkg/lazy.lua , size = 0.720 KB
[20:16:39.792][info] [#0:script/workspace/loading.lua:100]: Preload file at: file:///Users/florian/.dotfiles/.config/nvim/lazy/lazy.nvim/lua/lazy/example.lua , size = 2.644 KB
[20:16:39.792][info] [#0:script/workspace/loading.lua:100]: Preload file at: file:///Users/florian/.dotfiles/.config/nvim/lazy/lazy.nvim/lua/lazy/community/_generated.lua , size = 65.702 KB
[20:16:39.800][info] [#0:script/workspace/loading.lua:100]: Preload file at: file:///Users/florian/.dotfiles/.config/nvim/lazy/lazy.nvim/bootstrap.lua , size = 1.375 KB
[20:16:39.800][info] [#0:script/workspace/loading.lua:100]: Preload file at: file:///Users/florian/.dotfiles/.config/nvim/lazy/lush.nvim/lua/lush/errors.lua , size = 4.208 KB
[20:16:39.801][info] [#0:script/workspace/loading.lua:100]: Preload file at: file:///Users/florian/.dotfiles/.config/nvim/lazy/lush.nvim/lua/lush/importer.lua , size = 5.409 KB
[20:16:39.802][info] [#0:script/workspace/loading.lua:100]: Preload file at: file:///Users/florian/.dotfiles/.config/nvim/lazy/lush.nvim/lua/lush/vivid/rgb/convert.lua , size = 0.664 KB
[20:16:39.803][info] [#0:script/workspace/loading.lua:100]: Preload file at: file:///Users/florian/.dotfiles/.config/nvim/lazy/lush.nvim/lua/lush/vivid/hsl/type.lua , size = 0.408 KB
[20:16:39.803][info] [#0:script/workspace/loading.lua:100]: Preload file at: file:///Users/florian/.dotfiles/.config/nvim/lazy/lush.nvim/lua/lush/parser.lua , size = 17.559 KB
[20:16:39.806][info] [#0:script/workspace/loading.lua:100]: Preload file at: file:///Users/florian/.dotfiles/.config/nvim/lazy/lush.nvim/lua/lush/vivid/hsl/convert.lua , size = 1.982 KB
[20:16:39.806][info] [#0:script/workspace/loading.lua:100]: Preload file at: file:///Users/florian/.dotfiles/.config/nvim/lazy/lush.nvim/lua/lush/vivid/hsluv/type.lua , size = 0.429 KB
[20:16:39.806][info] [#0:script/workspace/loading.lua:100]: Preload file at: file:///Users/florian/.dotfiles/.config/nvim/lazy/lush.nvim/lua/lush/vivid/hsl_like.lua , size = 9.030 KB
[20:16:39.808][info] [#0:script/workspace/loading.lua:100]: Preload file at: file:///Users/florian/.dotfiles/.config/nvim/lazy/lush.nvim/lua/lush/vivid/hsluv/convert.lua , size = 0.466 KB
[20:16:39.809][info] [#0:script/workspace/loading.lua:100]: Preload file at: file:///Users/florian/.dotfiles/.config/nvim/lazy/lush.nvim/lua/lush/hsl/convert.lua , size = 0.154 KB
[20:16:39.809][info] [#0:script/workspace/loading.lua:100]: Preload file at: file:///Users/florian/.dotfiles/.config/nvim/lazy/lush.nvim/lua/lush/vivid/hsluv/lib.lua , size = 9.221 KB
[20:16:39.811][info] [#0:script/workspace/loading.lua:100]: Preload file at: file:///Users/florian/.dotfiles/.config/nvim/lazy/lush.nvim/lua/lush/math.lua , size = 0.240 KB
[20:16:39.811][info] [#0:script/workspace/loading.lua:100]: Preload file at: file:///Users/florian/.dotfiles/.config/nvim/lazy/lush.nvim/lua/lush/hsl.lua , size = 0.109 KB
[20:16:39.811][info] [#0:script/workspace/loading.lua:100]: Preload file at: file:///Users/florian/.dotfiles/.config/nvim/lazy/lush.nvim/lua/lush/ify.lua , size = 14.371 KB
[20:16:39.814][info] [#0:script/workspace/loading.lua:100]: Preload file at: file:///Users/florian/.dotfiles/.config/nvim/lazy/lush.nvim/lua/lush/compiler.lua , size = 3.459 KB
[20:16:39.815][info] [#0:script/workspace/loading.lua:100]: Preload file at: file:///Users/florian/.dotfiles/.config/nvim/lazy/lush.nvim/lua/shipwright/transform/lush/init.lua , size = 0.222 KB
[20:16:39.815][info] [#0:script/workspace/loading.lua:100]: Preload file at: file:///Users/florian/.dotfiles/.config/nvim/lazy/lush.nvim/lua/lush.lua , size = 4.506 KB
[20:16:39.816][info] [#0:script/workspace/loading.lua:100]: Preload file at: file:///Users/florian/.dotfiles/.config/nvim/lazy/lush.nvim/lua/shipwright/transform/lush/to_vimscript.lua , size = 3.868 KB
[20:16:39.817][info] [#0:script/workspace/loading.lua:100]: Preload file at: file:///Users/florian/.dotfiles/.config/nvim/lazy/lush.nvim/lua/shipwright/transform/lush/to_lua.lua , size = 2.682 KB
[20:16:39.817][info] [#0:script/workspace/loading.lua:100]: Preload file at: file:///Users/florian/.dotfiles/.config/nvim/lazy/lush.nvim/lua/shipwright/transform/lush/vim_compatible_vimscript.lua , size = 0.534 KB
[20:16:39.817][info] [#0:script/workspace/loading.lua:100]: Preload file at: file:///Users/florian/.dotfiles/.config/nvim/lazy/lush.nvim/lua/shipwright/transform/lush/helpers.lua , size = 1.021 KB
[20:16:39.818][info] [#0:script/workspace/loading.lua:100]: Preload file at: file:///Users/florian/.dotfiles/.config/nvim/lazy/lush.nvim/examples/.example-example/lua/lush_theme/example_example.lua , size = 0.687 KB
[20:16:39.818][info] [#0:script/workspace/loading.lua:100]: Preload file at: file:///Users/florian/.dotfiles/.config/nvim/lazy/lush.nvim/examples/lush_tutorial.lua , size = 9.952 KB
[20:16:39.819][info] [#0:script/workspace/loading.lua:100]: Preload file at: file:///Users/florian/.dotfiles/.config/nvim/lazy/lush.nvim/examples/external-events/lua/lush_theme/tick_tock.lua , size = 1.087 KB
[20:16:39.819][info] [#0:script/workspace/loading.lua:100]: Preload file at: file:///Users/florian/.dotfiles/.config/nvim/lazy/lush.nvim/examples/module-injection/lua/lush_theme/module_injection.lua , size = 1.454 KB
[20:16:39.819][info] [#0:script/workspace/loading.lua:100]: Preload file at: file:///Users/florian/.dotfiles/.config/nvim/lazy/promise-async/typings/promiselike.lua , size = 0.528 KB
[20:16:39.819][info] [#0:script/workspace/loading.lua:100]: Preload file at: file:///Users/florian/.dotfiles/.config/nvim/lazy/promise-async/typings/promise.lua , size = 3.257 KB
[20:16:39.820][info] [#0:script/workspace/loading.lua:100]: Preload file at: file:///Users/florian/.dotfiles/.config/nvim/lazy/promise-async/typings/async.lua , size = 0.517 KB
[20:16:39.820][info] [#0:script/workspace/loading.lua:100]: Preload file at: file:///Users/florian/.dotfiles/.config/nvim/lazy/promise-async/typings/loop.lua , size = 1.322 KB
[20:16:39.821][info] [#0:script/workspace/loading.lua:100]: Preload file at: file:///Users/florian/.dotfiles/.config/nvim/lazy/promise-async/spec/fixtures.lua , size = 1.124 KB
[20:16:39.821][info] [#0:script/workspace/loading.lua:100]: Preload file at: file:///Users/florian/.dotfiles/.config/nvim/lazy/promise-async/spec/init.lua , size = 1.210 KB
[20:16:39.821][info] [#0:script/workspace/loading.lua:100]: Preload file at: file:///Users/florian/.dotfiles/.config/nvim/lazy/promise-async/spec/loop_spec.lua , size = 3.004 KB
[20:16:39.830][info] [#0:script/workspace/loading.lua:100]: Preload file at: file:///Users/florian/.dotfiles/.config/nvim/lazy/promise-async/spec/promiseA%2B/2.2.7_spec.lua , size = 3.971 KB
[20:16:39.831][info] [#0:script/workspace/loading.lua:100]: Preload file at: file:///Users/florian/.dotfiles/.config/nvim/lazy/promise-async/spec/promiseA%2B/2.3.4_spec.lua , size = 1.217 KB
[20:16:39.831][info] [#0:script/workspace/loading.lua:100]: Preload file at: file:///Users/florian/.dotfiles/.config/nvim/lazy/promise-async/spec/promiseA%2B/2.1.3_spec.lua , size = 2.020 KB
[20:16:39.831][info] [#0:script/workspace/loading.lua:100]: Preload file at: file:///Users/florian/.dotfiles/.config/nvim/lazy/promise-async/spec/promiseA%2B/2.1.2_spec.lua , size = 2.025 KB
[20:16:39.832][info] [#0:script/workspace/loading.lua:100]: Preload file at: file:///Users/florian/.dotfiles/.config/nvim/lazy/promise-async/spec/promiseA%2B/2.2.1_spec.lua , size = 3.034 KB
[20:16:39.832][info] [#0:script/workspace/loading.lua:100]: Preload file at: file:///Users/florian/.dotfiles/.config/nvim/lazy/promise-async/spec/promiseA%2B/2.2.6_spec.lua , size = 10.702 KB
[20:16:39.834][info] [#0:script/workspace/loading.lua:100]: Preload file at: file:///Users/florian/.dotfiles/.config/nvim/lazy/promise-async/spec/promiseA%2B/2.3.2_spec.lua , size = 3.171 KB
[20:16:39.835][info] [#0:script/workspace/loading.lua:100]: Preload file at: file:///Users/florian/.dotfiles/.config/nvim/lazy/promise-async/spec/promiseA%2B/2.2.4_spec.lua , size = 4.388 KB
[20:16:39.835][info] [#0:script/workspace/loading.lua:100]: Preload file at: file:///Users/florian/.dotfiles/.config/nvim/lazy/promise-async/spec/promiseA%2B/2.3.1_spec.lua , size = 0.849 KB
[20:16:39.836][info] [#0:script/workspace/loading.lua:100]: Preload file at: file:///Users/florian/.dotfiles/.config/nvim/lazy/promise-async/spec/promiseA%2B/2.2.3_spec.lua , size = 4.417 KB
[20:16:39.837][info] [#0:script/workspace/loading.lua:100]: Preload file at: file:///Users/florian/.dotfiles/.config/nvim/lazy/promise-async/spec/promiseA%2B/2.3.3_spec.lua , size = 31.283 KB
[20:16:39.840][info] [#0:script/workspace/loading.lua:100]: Preload file at: file:///Users/florian/.dotfiles/.config/nvim/lazy/promise-async/spec/promiseA%2B/2.2.2_spec.lua , size = 4.401 KB
[20:16:39.841][info] [#0:script/workspace/loading.lua:100]: Preload file at: file:///Users/florian/.dotfiles/.config/nvim/lazy/promise-async/spec/promise_spec.lua , size = 14.892 KB
[20:16:39.844][info] [#0:script/workspace/loading.lua:100]: Preload file at: file:///Users/florian/.dotfiles/.config/nvim/lazy/promise-async/spec/helpers/reasons.lua , size = 0.738 KB
[20:16:39.844][info] [#0:script/workspace/loading.lua:100]: Preload file at: file:///Users/florian/.dotfiles/.config/nvim/lazy/promise-async/spec/helpers/init.lua , size = 1.438 KB
[20:16:39.845][info] [#0:script/workspace/loading.lua:100]: Preload file at: file:///Users/florian/.dotfiles/.config/nvim/lazy/promise-async/spec/helpers/outputHandler.lua , size = 0.808 KB
[20:16:39.845][info] [#0:script/workspace/loading.lua:100]: Preload file at: file:///Users/florian/.dotfiles/.config/nvim/lazy/promise-async/spec/helpers/thenables.lua , size = 4.778 KB
[20:16:39.846][info] [#0:script/workspace/loading.lua:100]: Preload file at: file:///Users/florian/.dotfiles/.config/nvim/lazy/promise-async/spec/helpers/basics.lua , size = 0.479 KB
[20:16:39.846][info] [#0:script/workspace/loading.lua:100]: Preload file at: file:///Users/florian/.dotfiles/.config/nvim/lazy/promise-async/spec/async_spec.lua , size = 13.393 KB
[20:16:39.848][info] [#0:script/workspace/loading.lua:100]: Preload file at: file:///Users/florian/.dotfiles/.config/nvim/lazy/promise-async/spec/error_spec.lua , size = 2.377 KB
[20:16:39.849][info] [#0:script/workspace/loading.lua:100]: Preload file at: file:///Users/florian/.dotfiles/.config/nvim/lazy/promise-async/lua/async.lua , size = 2.517 KB
[20:16:39.850][info] [#0:script/workspace/loading.lua:100]: Preload file at: file:///Users/florian/.dotfiles/.config/nvim/lazy/promise-async/lua/promise.lua , size = 10.562 KB
[20:16:39.852][info] [#0:script/workspace/loading.lua:100]: Preload file at: file:///Users/florian/.dotfiles/.config/nvim/lazy/promise-async/lua/promise-async/utils.lua , size = 0.725 KB
[20:16:39.852][info] [#0:script/workspace/loading.lua:100]: Preload file at: file:///Users/florian/.dotfiles/.config/nvim/lazy/promise-async/lua/promise-async/error.lua , size = 3.510 KB
[20:16:39.853][info] [#0:script/workspace/loading.lua:100]: Preload file at: file:///Users/florian/.dotfiles/.config/nvim/lazy/promise-async/lua/promise-async/loop.lua , size = 2.042 KB
[20:16:39.854][info] [#0:script/workspace/loading.lua:100]: Preload file at: file:///Users/florian/.dotfiles/.config/nvim/lazy/promise-async/lua/promise-async/compat.lua , size = 3.307 KB
[20:16:39.855][info] [#0:script/workspace/loading.lua:100]: Preload file at: file:///Users/florian/.dotfiles/.config/nvim/lazy/promise-async/examples/read_file.lua , size = 0.547 KB
[20:16:39.855][info] [#0:script/workspace/loading.lua:100]: Preload file at: file:///Users/florian/.dotfiles/.config/nvim/lazy/promise-async/examples/coc_nvim.lua , size = 0.615 KB
[20:16:39.855][info] [#0:script/workspace/loading.lua:100]: Preload file at: file:///Users/florian/.dotfiles/.config/nvim/lazy/promise-async/examples/multiple_threads.lua , size = 1.421 KB
[20:16:39.856][info] [#0:script/workspace/loading.lua:100]: Preload file at: file:///Users/florian/.dotfiles/.config/nvim/lazy/promise-async/examples/demo.lua , size = 2.007 KB
[20:16:39.856][info] [#0:script/workspace/loading.lua:100]: Preload file at: file:///Users/florian/.dotfiles/.config/nvim/lazy/promise-async/examples/uva.lua , size = 1.914 KB
[20:16:39.857][info] [#0:script/workspace/loading.lua:100]: Preload file at: file:///Users/florian/.dotfiles/.config/nvim/lazy/promise-async/examples/write_file.lua , size = 0.523 KB
[20:16:39.857][info] [#0:script/workspace/loading.lua:100]: Preload file at: file:///Users/florian/.dotfiles/.config/nvim/lazy/nui-components.nvim/lua/nui-components/slider.lua , size = 0.000 KB
[20:16:39.857][info] [#0:script/workspace/loading.lua:100]: Preload file at: file:///Users/florian/.dotfiles/.config/nvim/lazy/nui-components.nvim/lua/nui-components/tabs.lua , size = 1.249 KB
[20:16:39.858][info] [#0:script/workspace/loading.lua:100]: Preload file at: file:///Users/florian/.dotfiles/.config/nvim/lazy/nui-components.nvim/lua/nui-components/init.lua , size = 2.729 KB
[20:16:39.858][info] [#0:script/workspace/loading.lua:100]: Preload file at: file:///Users/florian/.dotfiles/.config/nvim/lazy/nui-components.nvim/lua/nui-components/paragraph.lua , size = 4.741 KB
[20:16:39.860][info] [#0:script/workspace/loading.lua:100]: Preload file at: file:///Users/florian/.dotfiles/.config/nvim/lazy/nui-components.nvim/lua/nui-components/renderer.lua , size = 8.624 KB
[20:16:39.862][info] [#0:script/workspace/loading.lua:100]: Preload file at: file:///Users/florian/.dotfiles/.config/nvim/lazy/nui-components.nvim/lua/nui-components/prompt.lua , size = 2.607 KB
[20:16:39.863][info] [#0:script/workspace/loading.lua:100]: Preload file at: file:///Users/florian/.dotfiles/.config/nvim/lazy/nui-components.nvim/lua/nui-components/tab.lua , size = 2.142 KB
[20:16:39.863][info] [#0:script/workspace/loading.lua:100]: Preload file at: file:///Users/florian/.dotfiles/.config/nvim/lazy/nui-components.nvim/lua/nui-components/component/size.lua , size = 6.729 KB
[20:16:39.865][info] [#0:script/workspace/loading.lua:100]: Preload file at: file:///Users/florian/.dotfiles/.config/nvim/lazy/nui-components.nvim/lua/nui-components/component/init.lua , size = 12.164 KB
[20:16:39.868][info] [#0:script/workspace/loading.lua:100]: Preload file at: file:///Users/florian/.dotfiles/.config/nvim/lazy/nui-components.nvim/lua/nui-components/component/props.lua , size = 1.617 KB
[20:16:39.869][info] [#0:script/workspace/loading.lua:100]: Preload file at: file:///Users/florian/.dotfiles/.config/nvim/lazy/nui-components.nvim/lua/nui-components/utils/fn.lua , size = 5.301 KB
[20:16:39.871][info] [#0:script/workspace/loading.lua:100]: Preload file at: file:///Users/florian/.dotfiles/.config/nvim/lazy/nui-components.nvim/lua/nui-components/utils/spinner-formats.lua , size = 5.548 KB
[20:16:39.872][info] [#0:script/workspace/loading.lua:100]: Preload file at: file:///Users/florian/.dotfiles/.config/nvim/lazy/nui-components.nvim/lua/nui-components/utils/geometry.lua , size = 0.973 KB
[20:16:39.872][info] [#0:script/workspace/loading.lua:100]: Preload file at: file:///Users/florian/.dotfiles/.config/nvim/lazy/nui-components.nvim/lua/nui-components/columns.lua , size = 0.268 KB
[20:16:39.872][info] [#0:script/workspace/loading.lua:100]: Preload file at: file:///Users/florian/.dotfiles/.config/nvim/lazy/nui-components.nvim/lua/nui-components/gap.lua , size = 0.536 KB
[20:16:39.872][info] [#0:script/workspace/loading.lua:100]: Preload file at: file:///Users/florian/.dotfiles/.config/nvim/lazy/nui-components.nvim/lua/nui-components/buffer.lua , size = 1.852 KB
[20:16:39.873][info] [#0:script/workspace/loading.lua:100]: Preload file at: file:///Users/florian/.dotfiles/.config/nvim/lazy/nui-components.nvim/lua/nui-components/text-input.lua , size = 5.415 KB
[20:16:39.875][info] [#0:script/workspace/loading.lua:100]: Preload file at: file:///Users/florian/.dotfiles/.config/nvim/lazy/nui-components.nvim/lua/nui-components/tree.lua , size = 6.583 KB
[20:16:39.877][info] [#0:script/workspace/loading.lua:100]: Preload file at: file:///Users/florian/.dotfiles/.config/nvim/lazy/nui-components.nvim/lua/nui-components/rows.lua , size = 0.256 KB
[20:16:39.877][info] [#0:script/workspace/loading.lua:100]: Preload file at: file:///Users/florian/.dotfiles/.config/nvim/lazy/nui-components.nvim/lua/nui-components/validators.lua , size = 1.438 KB
[20:16:39.878][info] [#0:script/workspace/loading.lua:100]: Preload file at: file:///Users/florian/.dotfiles/.config/nvim/lazy/nui-components.nvim/lua/nui-components/select.lua , size = 3.487 KB
[20:16:39.879][info] [#0:script/workspace/loading.lua:100]: Preload file at: file:///Users/florian/.dotfiles/.config/nvim/lazy/nui-components.nvim/lua/nui-components/spinner.lua , size = 2.534 KB
[20:16:39.879][info] [#0:script/workspace/loading.lua:100]: Preload file at: file:///Users/florian/.dotfiles/.config/nvim/lazy/nui-components.nvim/lua/nui-components/checkbox.lua , size = 2.609 KB
[20:16:39.880][info] [#0:script/workspace/loading.lua:100]: Preload file at: file:///Users/florian/.dotfiles/.config/nvim/lazy/nui-components.nvim/lua/nui-components/form.lua , size = 1.533 KB
[20:16:39.880][info] [#0:script/workspace/loading.lua:100]: Preload file at: file:///Users/florian/.dotfiles/.config/nvim/lazy/nui-components.nvim/lua/nui-components/rx/init.lua , size = 0.619 KB
[20:16:39.881][info] [#0:script/workspace/loading.lua:100]: Preload file at: file:///Users/florian/.dotfiles/.config/nvim/lazy/nui-components.nvim/lua/nui-components/rx/subscription.lua , size = 0.469 KB
[20:16:39.881][info] [#0:script/workspace/loading.lua:100]: Preload file at: file:///Users/florian/.dotfiles/.config/nvim/lazy/nui-components.nvim/lua/nui-components/rx/operators/combine_latest.lua , size = 1.465 KB
[20:16:39.881][info] [#0:script/workspace/loading.lua:100]: Preload file at: file:///Users/florian/.dotfiles/.config/nvim/lazy/nui-components.nvim/lua/nui-components/rx/operators/debounce.lua , size = 1.101 KB
[20:16:39.882][info] [#0:script/workspace/loading.lua:100]: Preload file at: file:///Users/florian/.dotfiles/.config/nvim/lazy/nui-components.nvim/lua/nui-components/rx/operators/map.lua , size = 0.598 KB
[20:16:39.882][info] [#0:script/workspace/loading.lua:100]: Preload file at: file:///Users/florian/.dotfiles/.config/nvim/lazy/nui-components.nvim/lua/nui-components/rx/operators/tap.lua , size = 0.882 KB
[20:16:39.882][info] [#0:script/workspace/loading.lua:100]: Preload file at: file:///Users/florian/.dotfiles/.config/nvim/lazy/nui-components.nvim/lua/nui-components/rx/operators/skip.lua , size = 0.507 KB
[20:16:39.882][info] [#0:script/workspace/loading.lua:100]: Preload file at: file:///Users/florian/.dotfiles/.config/nvim/lazy/nui-components.nvim/lua/nui-components/rx/operators/distinct_until_changed.lua , size = 0.834 KB
[20:16:39.882][info] [#0:script/workspace/loading.lua:100]: Preload file at: file:///Users/florian/.dotfiles/.config/nvim/lazy/nui-components.nvim/lua/nui-components/rx/operators/start_with.lua , size = 0.299 KB
[20:16:39.883][info] [#0:script/workspace/loading.lua:100]: Preload file at: file:///Users/florian/.dotfiles/.config/nvim/lazy/nui-components.nvim/lua/nui-components/rx/operators/filter.lua , size = 0.629 KB
[20:16:39.883][info] [#0:script/workspace/loading.lua:100]: Preload file at: file:///Users/florian/.dotfiles/.config/nvim/lazy/nui-components.nvim/lua/nui-components/rx/operators/scan.lua , size = 0.748 KB
[20:16:39.883][info] [#0:script/workspace/loading.lua:100]: Preload file at: file:///Users/florian/.dotfiles/.config/nvim/lazy/nui-components.nvim/lua/nui-components/rx/behavior_subject.lua , size = 1.166 KB
[20:16:39.883][info] [#0:script/workspace/loading.lua:100]: Preload file at: file:///Users/florian/.dotfiles/.config/nvim/lazy/nui-components.nvim/lua/nui-components/rx/observer.lua , size = 0.739 KB
[20:16:39.884][info] [#0:script/workspace/loading.lua:100]: Preload file at: file:///Users/florian/.dotfiles/.config/nvim/lazy/nui-components.nvim/lua/nui-components/rx/observable.lua , size = 2.602 KB
[20:16:39.884][info] [#0:script/workspace/loading.lua:100]: Preload file at: file:///Users/florian/.dotfiles/.config/nvim/lazy/nui-components.nvim/lua/nui-components/rx/subject.lua , size = 1.461 KB
[20:16:39.885][info] [#0:script/workspace/loading.lua:100]: Preload file at: file:///Users/florian/.dotfiles/.config/nvim/lazy/nui-components.nvim/lua/nui-components/box.lua , size = 0.402 KB
[20:16:39.885][info] [#0:script/workspace/loading.lua:100]: Preload file at: file:///Users/florian/.dotfiles/.config/nvim/lazy/nui-components.nvim/lua/nui-components/signal/init.lua , size = 1.586 KB
[20:16:39.886][info] [#0:script/workspace/loading.lua:100]: Preload file at: file:///Users/florian/.dotfiles/.config/nvim/lazy/nui-components.nvim/lua/nui-components/signal/value.lua , size = 2.800 KB
[20:16:39.886][info] [#0:script/workspace/loading.lua:100]: Preload file at: file:///Users/florian/.dotfiles/.config/nvim/lazy/nui-components.nvim/lua/nui-components/button.lua , size = 1.861 KB
[20:16:39.887][info] [#0:script/workspace/loading.lua:100]: Preload file at: file:///Users/florian/.dotfiles/.config/nvim/lazy/nui-components.nvim/lua/nui-components/animated-text.lua , size = 2.854 KB
[20:16:39.888][info] [#0:script/workspace/loading.lua:100]: Preload file at: file:///Users/florian/.dotfiles/.config/nvim/lazy/nvim-treesitter/tests/indent/c_spec.lua , size = 3.652 KB
[20:16:39.889][info] [#0:script/workspace/loading.lua:100]: Preload file at: file:///Users/florian/.dotfiles/.config/nvim/lazy/nvim-treesitter/tests/indent/python_spec.lua , size = 6.122 KB
[20:16:39.890][info] [#0:script/workspace/loading.lua:100]: Preload file at: file:///Users/florian/.dotfiles/.config/nvim/lazy/nvim-treesitter/tests/indent/sql_spec.lua , size = 0.410 KB
[20:16:39.890][info] [#0:script/workspace/loading.lua:100]: Preload file at: file:///Users/florian/.dotfiles/.config/nvim/lazy/nvim-treesitter/tests/indent/query_spec.lua , size = 1.183 KB
[20:16:39.891][info] [#0:script/workspace/loading.lua:100]: Preload file at: file:///Users/florian/.dotfiles/.config/nvim/lazy/nvim-treesitter/tests/indent/vue_spec.lua , size = 0.573 KB
[20:16:39.891][info] [#0:script/workspace/loading.lua:100]: Preload file at: file:///Users/florian/.dotfiles/.config/nvim/lazy/nvim-treesitter/tests/indent/cpp_spec.lua , size = 2.422 KB
[20:16:39.892][info] [#0:script/workspace/loading.lua:100]: Preload file at: file:///Users/florian/.dotfiles/.config/nvim/lazy/nvim-treesitter/tests/indent/java_spec.lua , size = 1.753 KB
[20:16:39.892][info] [#0:script/workspace/loading.lua:100]: Preload file at: file:///Users/florian/.dotfiles/.config/nvim/lazy/nvim-treesitter/tests/indent/php_spec.lua , size = 4.781 KB
[20:16:39.893][info] [#0:script/workspace/loading.lua:100]: Preload file at: file:///Users/florian/.dotfiles/.config/nvim/lazy/nvim-treesitter/tests/indent/css_spec.lua , size = 0.600 KB
[20:16:39.893][info] [#0:script/workspace/loading.lua:100]: Preload file at: file:///Users/florian/.dotfiles/.config/nvim/lazy/nvim-treesitter/tests/indent/t32_spec.lua , size = 3.692 KB
[20:16:39.894][info] [#0:script/workspace/loading.lua:100]: Preload file at: file:///Users/florian/.dotfiles/.config/nvim/lazy/nvim-treesitter/tests/indent/dart_spec.lua , size = 1.759 KB
[20:16:39.894][info] [#0:script/workspace/loading.lua:100]: Preload file at: file:///Users/florian/.dotfiles/.config/nvim/lazy/nvim-treesitter/tests/indent/capnp_spec.lua , size = 1.145 KB
[20:16:39.895][info] [#0:script/workspace/loading.lua:100]: Preload file at: file:///Users/florian/.dotfiles/.config/nvim/lazy/nvim-treesitter/tests/indent/yang_spec.lua , size = 0.704 KB
[20:16:39.895][info] [#0:script/workspace/loading.lua:100]: Preload file at: file:///Users/florian/.dotfiles/.config/nvim/lazy/nvim-treesitter/tests/indent/algorithm_spec.lua , size = 0.782 KB
[20:16:39.895][info] [#0:script/workspace/loading.lua:100]: Preload file at: file:///Users/florian/.dotfiles/.config/nvim/lazy/nvim-treesitter/tests/indent/yuck_spec.lua , size = 0.500 KB
[20:16:39.895][info] [#0:script/workspace/loading.lua:100]: Preload file at: file:///Users/florian/.dotfiles/.config/nvim/lazy/nvim-treesitter/tests/indent/smali_spec.lua , size = 1.003 KB
[20:16:39.896][info] [#0:script/workspace/loading.lua:100]: Preload file at: file:///Users/florian/.dotfiles/.config/nvim/lazy/nvim-treesitter/tests/indent/rust_spec.lua , size = 4.068 KB
[20:16:39.897][info] [#0:script/workspace/loading.lua:100]: Preload file at: file:///Users/florian/.dotfiles/.config/nvim/lazy/nvim-treesitter/tests/indent/tiger_spec.lua , size = 5.885 KB
[20:16:39.898][info] [#0:script/workspace/loading.lua:100]: Preload file at: file:///Users/florian/.dotfiles/.config/nvim/lazy/nvim-treesitter/tests/indent/lua/method_index_expr.lua , size = 0.031 KB
[20:16:39.898][info] [#0:script/workspace/loading.lua:100]: Preload file at: file:///Users/florian/.dotfiles/.config/nvim/lazy/nvim-treesitter/tests/indent/lua_spec.lua , size = 2.649 KB
[20:16:39.898][info] [#0:script/workspace/loading.lua:100]: Preload file at: file:///Users/florian/.dotfiles/.config/nvim/lazy/nvim-treesitter/tests/indent/lua/nested-table.lua , size = 0.043 KB
[20:16:39.899][info] [#0:script/workspace/loading.lua:100]: Preload file at: file:///Users/florian/.dotfiles/.config/nvim/lazy/nvim-treesitter/tests/indent/lua/cond.lua , size = 0.124 KB
[20:16:39.899][info] [#0:script/workspace/loading.lua:100]: Preload file at: file:///Users/florian/.dotfiles/.config/nvim/lazy/nvim-treesitter/tests/indent/lua/comment.lua , size = 0.049 KB
[20:16:39.899][info] [#0:script/workspace/loading.lua:100]: Preload file at: file:///Users/florian/.dotfiles/.config/nvim/lazy/nvim-treesitter/tests/indent/lua/string.lua , size = 0.058 KB
[20:16:39.899][info] [#0:script/workspace/loading.lua:100]: Preload file at: file:///Users/florian/.dotfiles/.config/nvim/lazy/nvim-treesitter/tests/indent/lua/loop.lua , size = 0.116 KB
[20:16:39.899][info] [#0:script/workspace/loading.lua:100]: Preload file at: file:///Users/florian/.dotfiles/.config/nvim/lazy/nvim-treesitter/tests/indent/lua/func.lua , size = 0.126 KB
[20:16:39.900][info] [#0:script/workspace/loading.lua:100]: Preload file at: file:///Users/florian/.dotfiles/.config/nvim/lazy/nvim-treesitter/tests/indent/lua/no-indent-after-paren-pairs.lua , size = 0.063 KB
[20:16:39.900][info] [#0:script/workspace/loading.lua:100]: Preload file at: file:///Users/florian/.dotfiles/.config/nvim/lazy/nvim-treesitter/tests/indent/lua/table.lua , size = 0.094 KB
[20:16:39.900][info] [#0:script/workspace/loading.lua:100]: Preload file at: file:///Users/florian/.dotfiles/.config/nvim/lazy/nvim-treesitter/tests/indent/sway_spec.lua , size = 0.650 KB
[20:16:39.900][info] [#0:script/workspace/loading.lua:100]: Preload file at: file:///Users/florian/.dotfiles/.config/nvim/lazy/nvim-treesitter/tests/indent/nickel_spec.lua , size = 0.977 KB
[20:16:39.900][info] [#0:script/workspace/loading.lua:100]: Preload file at: file:///Users/florian/.dotfiles/.config/nvim/lazy/nvim-treesitter/tests/indent/swift_spec.lua , size = 0.937 KB
[20:16:39.901][info] [#0:script/workspace/loading.lua:100]: Preload file at: file:///Users/florian/.dotfiles/.config/nvim/lazy/nvim-treesitter/tests/indent/graphql_spec.lua , size = 0.418 KB
[20:16:39.901][info] [#0:script/workspace/loading.lua:100]: Preload file at: file:///Users/florian/.dotfiles/.config/nvim/lazy/nvim-treesitter/tests/indent/html_spec.lua , size = 1.429 KB
[20:16:39.901][info] [#0:script/workspace/loading.lua:100]: Preload file at: file:///Users/florian/.dotfiles/.config/nvim/lazy/nvim-treesitter/tests/indent/terraform_spec.lua , size = 1.896 KB
[20:16:39.902][info] [#0:script/workspace/loading.lua:100]: Preload file at: file:///Users/florian/.dotfiles/.config/nvim/lazy/nvim-treesitter/tests/indent/go_spec.lua , size = 0.769 KB
[20:16:39.902][info] [#0:script/workspace/loading.lua:100]: Preload file at: file:///Users/florian/.dotfiles/.config/nvim/lazy/nvim-treesitter/tests/indent/zig_spec.lua , size = 0.561 KB
[20:16:39.902][info] [#0:script/workspace/loading.lua:100]: Preload file at: file:///Users/florian/.dotfiles/.config/nvim/lazy/nvim-treesitter/tests/indent/wgsl_spec.lua , size = 1.246 KB
[20:16:39.902][info] [#0:script/workspace/loading.lua:100]: Preload file at: file:///Users/florian/.dotfiles/.config/nvim/lazy/nvim-treesitter/tests/indent/yaml_spec.lua , size = 0.576 KB
[20:16:39.903][info] [#0:script/workspace/loading.lua:100]: Preload file at: file:///Users/florian/.dotfiles/.config/nvim/lazy/nvim-treesitter/tests/indent/angular_spec.lua , size = 1.438 KB
[20:16:39.903][info] [#0:script/workspace/loading.lua:100]: Preload file at: file:///Users/florian/.dotfiles/.config/nvim/lazy/nvim-treesitter/tests/indent/ruby_spec.lua , size = 0.774 KB
[20:16:39.903][info] [#0:script/workspace/loading.lua:100]: Preload file at: file:///Users/florian/.dotfiles/.config/nvim/lazy/nvim-treesitter/tests/indent/common.lua , size = 6.410 KB
[20:16:39.905][info] [#0:script/workspace/loading.lua:100]: Preload file at: file:///Users/florian/.dotfiles/.config/nvim/lazy/nvim-treesitter/tests/indent/nix_spec.lua , size = 0.841 KB
[20:16:39.905][info] [#0:script/workspace/loading.lua:100]: Preload file at: file:///Users/florian/.dotfiles/.config/nvim/lazy/nvim-treesitter/tests/indent/jsx_spec.lua , size = 1.003 KB
[20:16:39.906][info] [#0:script/workspace/loading.lua:100]: Preload file at: file:///Users/florian/.dotfiles/.config/nvim/lazy/nvim-treesitter/tests/indent/gleam_spec.lua , size = 7.648 KB
[20:16:39.907][info] [#0:script/workspace/loading.lua:100]: Preload file at: file:///Users/florian/.dotfiles/.config/nvim/lazy/nvim-treesitter/tests/indent/ql_spec.lua , size = 0.562 KB
[20:16:39.908][info] [#0:script/workspace/loading.lua:100]: Preload file at: file:///Users/florian/.dotfiles/.config/nvim/lazy/nvim-treesitter/tests/indent/rescript_spec.lua , size = 1.383 KB
[20:16:39.908][info] [#0:script/workspace/loading.lua:100]: Preload file at: file:///Users/florian/.dotfiles/.config/nvim/lazy/nvim-treesitter/tests/indent/meson_spec.lua , size = 1.041 KB
[20:16:39.908][info] [#0:script/workspace/loading.lua:100]: Preload file at: file:///Users/florian/.dotfiles/.config/nvim/lazy/nvim-treesitter/tests/indent/javascript_spec.lua , size = 3.033 KB
[20:16:39.909][info] [#0:script/workspace/loading.lua:100]: Preload file at: file:///Users/florian/.dotfiles/.config/nvim/lazy/nvim-treesitter/tests/indent/dot_spec.lua , size = 0.814 KB
[20:16:39.910][info] [#0:script/workspace/loading.lua:100]: Preload file at: file:///Users/florian/.dotfiles/.config/nvim/lazy/nvim-treesitter/tests/indent/gdscript_spec.lua , size = 0.460 KB
[20:16:39.910][info] [#0:script/workspace/loading.lua:100]: Preload file at: file:///Users/florian/.dotfiles/.config/nvim/lazy/nvim-treesitter/tests/indent/usd_spec.lua , size = 0.527 KB
[20:16:39.910][info] [#0:script/workspace/loading.lua:100]: Preload file at: file:///Users/florian/.dotfiles/.config/nvim/lazy/nvim-treesitter/tests/indent/julia_spec.lua , size = 0.375 KB
[20:16:39.910][info] [#0:script/workspace/loading.lua:100]: Preload file at: file:///Users/florian/.dotfiles/.config/nvim/lazy/nvim-treesitter/tests/indent/r_spec.lua , size = 1.741 KB
[20:16:39.911][info] [#0:script/workspace/loading.lua:100]: Preload file at: file:///Users/florian/.dotfiles/.config/nvim/lazy/nvim-treesitter/tests/indent/nu_spec.lua , size = 0.369 KB
[20:16:39.911][info] [#0:script/workspace/loading.lua:100]: Preload file at: file:///Users/florian/.dotfiles/.config/nvim/lazy/nvim-treesitter/tests/unit/ts_utils_spec.lua , size = 2.771 KB
[20:16:39.912][info] [#0:script/workspace/loading.lua:100]: Preload file at: file:///Users/florian/.dotfiles/.config/nvim/lazy/nvim-treesitter/tests/query/injection_spec.lua , size = 2.444 KB
[20:16:39.912][info] [#0:script/workspace/loading.lua:100]: Preload file at: file:///Users/florian/.dotfiles/.config/nvim/lazy/nvim-treesitter/tests/query/highlights/lua/test.lua , size = 0.361 KB
[20:16:39.912][info] [#0:script/workspace/loading.lua:100]: Preload file at: file:///Users/florian/.dotfiles/.config/nvim/lazy/nvim-treesitter/plugin/nvim-treesitter.lua , size = 0.733 KB
[20:16:39.913][info] [#0:script/workspace/loading.lua:100]: Preload file at: file:///Users/florian/.dotfiles/.config/nvim/lazy/nvim-treesitter/tests/query/highlights_spec.lua , size = 3.592 KB
[20:16:39.914][info] [#0:script/workspace/loading.lua:139]: Preload dll at: file:///Users/florian/.dotfiles/.config/nvim/lazy/nvim-treesitter/parser/c.so , size = 646.930 KB
[20:16:39.916][info] [#0:script/workspace/loading.lua:139]: Preload dll at: file:///Users/florian/.dotfiles/.config/nvim/lazy/nvim-treesitter/parser/elixir.so , size = 1422.617 KB
[20:16:39.920][info] [#0:script/workspace/loading.lua:139]: Preload dll at: file:///Users/florian/.dotfiles/.config/nvim/lazy/nvim-treesitter/parser/yaml.so , size = 212.148 KB
[20:16:39.920][info] [#0:script/workspace/loading.lua:139]: Preload dll at: file:///Users/florian/.dotfiles/.config/nvim/lazy/nvim-treesitter/parser/heex.so , size = 49.258 KB
[20:16:39.921][info] [#0:script/workspace/loading.lua:139]: Preload dll at: file:///Users/florian/.dotfiles/.config/nvim/lazy/nvim-treesitter/parser/python.so , size = 485.602 KB
[20:16:39.922][info] [#0:script/workspace/loading.lua:139]: Preload dll at: file:///Users/florian/.dotfiles/.config/nvim/lazy/nvim-treesitter/parser/vim.so , size = 1231.273 KB
[20:16:39.926][info] [#0:script/workspace/loading.lua:139]: Preload dll at: file:///Users/florian/.dotfiles/.config/nvim/lazy/nvim-treesitter/parser/markdown.so , size = 407.914 KB
[20:16:39.927][info] [#0:script/workspace/loading.lua:139]: Preload dll at: file:///Users/florian/.dotfiles/.config/nvim/lazy/nvim-treesitter/parser/javascript.so , size = 389.180 KB
[20:16:39.928][info] [#0:script/workspace/loading.lua:139]: Preload dll at: file:///Users/florian/.dotfiles/.config/nvim/lazy/nvim-treesitter/parser/vimdoc.so , size = 211.352 KB
[20:16:39.929][info] [#0:script/workspace/loading.lua:139]: Preload dll at: file:///Users/florian/.dotfiles/.config/nvim/lazy/nvim-treesitter/parser/json.so , size = 33.195 KB
[20:16:39.929][info] [#0:script/workspace/loading.lua:139]: Preload dll at: file:///Users/florian/.dotfiles/.config/nvim/lazy/nvim-treesitter/parser/lua.so , size = 66.477 KB
[20:16:39.929][info] [#0:script/workspace/loading.lua:139]: Preload dll at: file:///Users/florian/.dotfiles/.config/nvim/lazy/nvim-treesitter/parser/query.so , size = 49.352 KB
[20:16:39.929][info] [#0:script/workspace/loading.lua:139]: Preload dll at: file:///Users/florian/.dotfiles/.config/nvim/lazy/nvim-treesitter/parser/nu.so , size = 2792.336 KB
[20:16:39.937][info] [#0:script/workspace/loading.lua:139]: Preload dll at: file:///Users/florian/.dotfiles/.config/nvim/lazy/nvim-treesitter/parser/html.so , size = 50.570 KB
[20:16:39.938][info] [#0:script/workspace/loading.lua:100]: Preload file at: file:///Users/florian/.dotfiles/.config/nvim/lazy/nvim-treesitter/lua/nvim-treesitter.lua , size = 0.604 KB
[20:16:39.938][info] [#0:script/workspace/loading.lua:100]: Preload file at: file:///Users/florian/.dotfiles/.config/nvim/lazy/nvim-treesitter/lua/nvim-treesitter/info.lua , size = 5.092 KB
[20:16:39.939][info] [#0:script/workspace/loading.lua:139]: Preload dll at: file:///Users/florian/.dotfiles/.config/nvim/lazy/nvim-treesitter/parser/markdown_inline.so , size = 407.070 KB
[20:16:39.940][info] [#0:script/workspace/loading.lua:100]: Preload file at: file:///Users/florian/.dotfiles/.config/nvim/lazy/nvim-treesitter/lua/nvim-treesitter/ts_utils.lua , size = 14.616 KB
[20:16:39.944][info] [#0:script/workspace/loading.lua:100]: Preload file at: file:///Users/florian/.dotfiles/.config/nvim/lazy/nvim-treesitter/lua/nvim-treesitter/indent.lua , size = 11.883 KB
[20:16:39.946][info] [#0:script/workspace/loading.lua:100]: Preload file at: file:///Users/florian/.dotfiles/.config/nvim/lazy/nvim-treesitter/lua/nvim-treesitter/statusline.lua , size = 1.386 KB
[20:16:39.947][info] [#0:script/workspace/loading.lua:100]: Preload file at: file:///Users/florian/.dotfiles/.config/nvim/lazy/nvim-treesitter/lua/nvim-treesitter/install.lua , size = 22.692 KB
[20:16:39.951][info] [#0:script/workspace/loading.lua:100]: Preload file at: file:///Users/florian/.dotfiles/.config/nvim/lazy/nvim-treesitter/lua/nvim-treesitter/health.lua , size = 5.876 KB
[20:16:39.952][info] [#0:script/workspace/loading.lua:100]: Preload file at: file:///Users/florian/.dotfiles/.config/nvim/lazy/nvim-treesitter/lua/nvim-treesitter/shell_command_selectors.lua , size = 9.260 KB
[20:16:39.954][info] [#0:script/workspace/loading.lua:100]: Preload file at: file:///Users/florian/.dotfiles/.config/nvim/lazy/nvim-treesitter/lua/nvim-treesitter/configs.lua , size = 17.758 KB
[20:16:39.958][info] [#0:script/workspace/loading.lua:100]: Preload file at: file:///Users/florian/.dotfiles/.config/nvim/lazy/nvim-treesitter/lua/nvim-treesitter/highlight.lua , size = 1.210 KB
[20:16:39.958][info] [#0:script/workspace/loading.lua:100]: Preload file at: file:///Users/florian/.dotfiles/.config/nvim/lazy/nvim-treesitter/lua/nvim-treesitter/fold.lua , size = 3.760 KB
[20:16:39.959][info] [#0:script/workspace/loading.lua:100]: Preload file at: file:///Users/florian/.dotfiles/.config/nvim/lazy/nvim-treesitter/lua/nvim-treesitter/utils.lua , size = 6.387 KB
[20:16:39.960][info] [#0:script/workspace/loading.lua:100]: Preload file at: file:///Users/florian/.dotfiles/.config/nvim/lazy/nvim-treesitter/lua/nvim-treesitter/compat.lua , size = 0.932 KB
[20:16:39.961][info] [#0:script/workspace/loading.lua:100]: Preload file at: file:///Users/florian/.dotfiles/.config/nvim/lazy/nvim-treesitter/lua/nvim-treesitter/query.lua , size = 12.747 KB
[20:16:39.964][info] [#0:script/workspace/loading.lua:100]: Preload file at: file:///Users/florian/.dotfiles/.config/nvim/lazy/nvim-treesitter/lua/nvim-treesitter/incremental_selection.lua , size = 5.696 KB
[20:16:39.965][info] [#0:script/workspace/loading.lua:100]: Preload file at: file:///Users/florian/.dotfiles/.config/nvim/lazy/nvim-treesitter/lua/nvim-treesitter/caching.lua , size = 1.653 KB
[20:16:39.966][info] [#0:script/workspace/loading.lua:100]: Preload file at: file:///Users/florian/.dotfiles/.config/nvim/lazy/nvim-treesitter/lua/nvim-treesitter/parsers.lua , size = 63.361 KB
[20:16:39.975][info] [#0:script/workspace/loading.lua:100]: Preload file at: file:///Users/florian/.dotfiles/.config/nvim/lazy/nvim-treesitter/lua/nvim-treesitter/locals.lua , size = 9.749 KB
[20:16:39.977][info] [#0:script/workspace/loading.lua:100]: Preload file at: file:///Users/florian/.dotfiles/.config/nvim/lazy/nvim-treesitter/lua/nvim-treesitter/tsrange.lua , size = 3.576 KB
[20:16:39.978][info] [#0:script/workspace/loading.lua:100]: Preload file at: file:///Users/florian/.dotfiles/.config/nvim/lazy/nvim-treesitter/lua/nvim-treesitter/query_predicates.lua , size = 4.409 KB
[20:16:39.980][info] [#0:script/workspace/loading.lua:100]: Preload file at: file:///Users/florian/.dotfiles/.config/nvim/lazy/nvim-treesitter/scripts/write-lockfile.lua , size = 0.352 KB
[20:16:39.980][info] [#0:script/workspace/loading.lua:100]: Preload file at: file:///Users/florian/.dotfiles/.config/nvim/lazy/nvim-treesitter/scripts/format-queries.lua , size = 11.186 KB
[20:16:39.982][info] [#0:script/workspace/loading.lua:100]: Preload file at: file:///Users/florian/.dotfiles/.config/nvim/lazy/nvim-treesitter/scripts/check-queries.lua , size = 3.583 KB
[20:16:39.983][info] [#0:script/workspace/loading.lua:100]: Preload file at: file:///Users/florian/.dotfiles/.config/nvim/lazy/nvim-treesitter/scripts/update-readme.lua , size = 1.601 KB
[20:16:39.983][info] [#0:script/workspace/loading.lua:100]: Preload file at: file:///Users/florian/.dotfiles/.config/nvim/lazy/nvim-treesitter/scripts/minimal_init.lua , size = 0.500 KB
[20:16:39.983][info] [#0:script/workspace/loading.lua:100]: Preload file at: file:///Users/florian/.dotfiles/.config/nvim/lazy/dressing.nvim/tests/manual/highlight.lua , size = 0.783 KB
[20:16:39.984][info] [#0:script/workspace/loading.lua:100]: Preload file at: file:///Users/florian/.dotfiles/.config/nvim/lazy/dressing.nvim/tests/input_spec.lua , size = 6.959 KB
[20:16:39.985][info] [#0:script/workspace/loading.lua:100]: Preload file at: file:///Users/florian/.dotfiles/.config/nvim/lazy/dressing.nvim/tests/manual/select.lua , size = 0.618 KB
[20:16:39.985][info] [#0:script/workspace/loading.lua:100]: Preload file at: file:///Users/florian/.dotfiles/.config/nvim/lazy/dressing.nvim/tests/util.lua , size = 0.532 KB
[20:16:39.985][info] [#0:script/workspace/loading.lua:100]: Preload file at: file:///Users/florian/.dotfiles/.config/nvim/lazy/dressing.nvim/tests/manual/completion.lua , size = 1.365 KB
[20:16:39.986][info] [#0:script/workspace/loading.lua:100]: Preload file at: file:///Users/florian/.dotfiles/.config/nvim/lazy/dressing.nvim/tests/minimal_init.lua , size = 0.092 KB
[20:16:39.986][info] [#0:script/workspace/loading.lua:100]: Preload file at: file:///Users/florian/.dotfiles/.config/nvim/lazy/dressing.nvim/plugin/dressing.lua , size = 0.095 KB
[20:16:39.986][info] [#0:script/workspace/loading.lua:100]: Preload file at: file:///Users/florian/.dotfiles/.config/nvim/lazy/dressing.nvim/lua/dressing/init.lua , size = 0.724 KB
[20:16:39.986][info] [#0:script/workspace/loading.lua:100]: Preload file at: file:///Users/florian/.dotfiles/.config/nvim/lazy/dressing.nvim/lua/dressing/health.lua , size = 0.801 KB
[20:16:39.987][info] [#0:script/workspace/loading.lua:100]: Preload file at: file:///Users/florian/.dotfiles/.config/nvim/lazy/dressing.nvim/lua/dressing/config.lua , size = 5.179 KB
[20:16:39.988][info] [#0:script/workspace/loading.lua:100]: Preload file at: file:///Users/florian/.dotfiles/.config/nvim/lazy/dressing.nvim/lua/dressing/patch.lua , size = 0.980 KB
[20:16:39.988][info] [#0:script/workspace/loading.lua:100]: Preload file at: file:///Users/florian/.dotfiles/.config/nvim/lazy/dressing.nvim/lua/dressing/input.lua , size = 15.715 KB
[20:16:39.992][info] [#0:script/workspace/loading.lua:100]: Preload file at: file:///Users/florian/.dotfiles/.config/nvim/lazy/dressing.nvim/lua/dressing/util.lua , size = 5.626 KB
[20:16:39.993][info] [#0:script/workspace/loading.lua:100]: Preload file at: file:///Users/florian/.dotfiles/.config/nvim/lazy/dressing.nvim/lua/dressing/select/init.lua , size = 2.709 KB
[20:16:39.994][info] [#0:script/workspace/loading.lua:100]: Preload file at: file:///Users/florian/.dotfiles/.config/nvim/lazy/dressing.nvim/lua/dressing/select/fzf.lua , size = 1.086 KB
[20:16:39.995][info] [#0:script/workspace/loading.lua:100]: Preload file at: file:///Users/florian/.dotfiles/.config/nvim/lazy/dressing.nvim/lua/dressing/select/builtin.lua , size = 3.616 KB
[20:16:39.995][info] [#0:script/workspace/loading.lua:100]: Preload file at: file:///Users/florian/.dotfiles/.config/nvim/lazy/dressing.nvim/lua/dressing/select/telescope.lua , size = 3.925 KB
[20:16:39.996][info] [#0:script/workspace/loading.lua:100]: Preload file at: file:///Users/florian/.dotfiles/.config/nvim/lazy/dressing.nvim/lua/dressing/select/fzf_lua.lua , size = 1.056 KB
[20:16:39.997][info] [#0:script/workspace/loading.lua:100]: Preload file at: file:///Users/florian/.dotfiles/.config/nvim/lazy/dressing.nvim/lua/dressing/select/snacks_picker.lua , size = 0.216 KB
[20:16:39.997][info] [#0:script/workspace/loading.lua:100]: Preload file at: file:///Users/florian/.dotfiles/.config/nvim/lazy/dressing.nvim/lua/dressing/select/nui.lua , size = 1.739 KB
[20:16:39.997][info] [#0:script/workspace/loading.lua:100]: Preload file at: file:///Users/florian/.dotfiles/.config/nvim/lazy/dressing.nvim/lua/dressing/map_util.lua , size = 1.482 KB
[20:16:39.998][info] [#0:script/workspace/loading.lua:100]: Preload file at: file:///Users/florian/.dotfiles/.config/nvim/lazy/friendly-snippets/debug/packer-nvim.lua , size = 2.041 KB
[20:16:39.999][info] [#0:script/workspace/loading.lua:100]: Preload file at: file:///Users/florian/.dotfiles/.config/nvim/lazy/friendly-snippets/debug/lazy-nvim.lua , size = 1.703 KB
[20:16:39.999][info] [#0:script/workspace/loading.lua:100]: Preload file at: file:///Users/florian/.dotfiles/.config/nvim/lazy/toggleterm.nvim/tests/state_spec.lua , size = 1.331 KB
[20:16:40.000][info] [#0:script/workspace/loading.lua:100]: Preload file at: file:///Users/florian/.dotfiles/.config/nvim/lazy/toggleterm.nvim/tests/terminal_spec.lua , size = 15.711 KB
[20:16:40.004][info] [#0:script/workspace/loading.lua:100]: Preload file at: file:///Users/florian/.dotfiles/.config/nvim/lazy/toggleterm.nvim/tests/commandline_spec.lua , size = 1.800 KB
[20:16:40.005][info] [#0:script/workspace/loading.lua:100]: Preload file at: file:///Users/florian/.dotfiles/.config/nvim/lazy/toggleterm.nvim/tests/minimal_init.lua , size = 1.009 KB
[20:16:40.005][info] [#0:script/workspace/loading.lua:100]: Preload file at: file:///Users/florian/.dotfiles/.config/nvim/lazy/toggleterm.nvim/tests/command-complete_spec.lua , size = 2.886 KB
[20:16:40.006][info] [#0:script/workspace/loading.lua:100]: Preload file at: file:///Users/florian/.dotfiles/.config/nvim/lazy/toggleterm.nvim/lua/toggleterm.lua , size = 15.195 KB
[20:16:40.009][info] [#0:script/workspace/loading.lua:100]: Preload file at: file:///Users/florian/.dotfiles/.config/nvim/lazy/toggleterm.nvim/lua/toggleterm/colors.lua , size = 3.617 KB
[20:16:40.010][info] [#0:script/workspace/loading.lua:100]: Preload file at: file:///Users/florian/.dotfiles/.config/nvim/lazy/toggleterm.nvim/lua/toggleterm/commandline.lua , size = 6.158 KB
[20:16:40.012][info] [#0:script/workspace/loading.lua:100]: Preload file at: file:///Users/florian/.dotfiles/.config/nvim/lazy/toggleterm.nvim/lua/toggleterm/config.lua , size = 5.033 KB
[20:16:40.013][info] [#0:script/workspace/loading.lua:100]: Preload file at: file:///Users/florian/.dotfiles/.config/nvim/lazy/toggleterm.nvim/lua/toggleterm/terminal.lua , size = 18.451 KB
[20:16:40.018][info] [#0:script/workspace/loading.lua:100]: Preload file at: file:///Users/florian/.dotfiles/.config/nvim/lazy/toggleterm.nvim/lua/toggleterm/utils.lua , size = 4.275 KB
[20:16:40.019][info] [#0:script/workspace/loading.lua:100]: Preload file at: file:///Users/florian/.dotfiles/.config/nvim/lazy/toggleterm.nvim/lua/toggleterm/constants.lua , size = 0.368 KB
[20:16:40.019][info] [#0:script/workspace/loading.lua:100]: Preload file at: file:///Users/florian/.dotfiles/.config/nvim/lazy/toggleterm.nvim/lua/toggleterm/lazy.lua , size = 0.436 KB
[20:16:40.019][info] [#0:script/workspace/loading.lua:100]: Preload file at: file:///Users/florian/.dotfiles/.config/nvim/lazy/toggleterm.nvim/lua/toggleterm/ui.lua , size = 14.923 KB
[20:16:40.023][info] [#0:script/workspace/loading.lua:100]: Preload file at: file:///Users/florian/.dotfiles/.config/nvim/lazy/markview.nvim/plugin/markview.lua , size = 0.074 KB
[20:16:40.023][info] [#0:script/workspace/loading.lua:100]: Preload file at: file:///Users/florian/.dotfiles/.config/nvim/lazy/markview.nvim/lua/markview/renderers/typst.lua , size = 43.369 KB
[20:16:40.034][info] [#0:script/workspace/loading.lua:100]: Preload file at: file:///Users/florian/.dotfiles/.config/nvim/lazy/markview.nvim/lua/markview/renderers/markdown.lua , size = 98.341 KB
[20:16:40.059][info] [#0:script/workspace/loading.lua:100]: Preload file at: file:///Users/florian/.dotfiles/.config/nvim/lazy/markview.nvim/lua/markview/renderers/html.lua , size = 5.081 KB
[20:16:40.060][info] [#0:script/workspace/loading.lua:100]: Preload file at: file:///Users/florian/.dotfiles/.config/nvim/lazy/markview.nvim/lua/markview/renderers/yaml.lua , size = 2.683 KB
[20:16:40.061][info] [#0:script/workspace/loading.lua:100]: Preload file at: file:///Users/florian/.dotfiles/.config/nvim/lazy/markview.nvim/lua/markview/renderers/latex.lua , size = 23.424 KB
[20:16:40.066][info] [#0:script/workspace/loading.lua:100]: Preload file at: file:///Users/florian/.dotfiles/.config/nvim/lazy/markview.nvim/lua/markview/renderers/markdown_inline.lua , size = 28.982 KB
[20:16:40.073][info] [#0:script/workspace/loading.lua:100]: Preload file at: file:///Users/florian/.dotfiles/.config/nvim/lazy/markview.nvim/lua/markview/autocmds.lua , size = 10.798 KB
[20:16:40.076][info] [#0:script/workspace/loading.lua:100]: Preload file at: file:///Users/florian/.dotfiles/.config/nvim/lazy/markview.nvim/lua/markview/parsers/markdown.lua , size = 22.094 KB
[20:16:40.081][info] [#0:script/workspace/loading.lua:100]: Preload file at: file:///Users/florian/.dotfiles/.config/nvim/lazy/markview.nvim/lua/markview/parsers/typst.lua , size = 11.275 KB
[20:16:40.091][info] [#0:script/workspace/loading.lua:100]: Preload file at: file:///Users/florian/.dotfiles/.config/nvim/lazy/markview.nvim/lua/markview/parsers/links/markdown.lua , size = 3.939 KB
[20:16:40.092][info] [#0:script/workspace/loading.lua:100]: Preload file at: file:///Users/florian/.dotfiles/.config/nvim/lazy/markview.nvim/lua/markview/parsers/links/html.lua , size = 2.390 KB
[20:16:40.093][info] [#0:script/workspace/loading.lua:100]: Preload file at: file:///Users/florian/.dotfiles/.config/nvim/lazy/markview.nvim/lua/markview/parsers/html.lua , size = 4.115 KB
[20:16:40.094][info] [#0:script/workspace/loading.lua:100]: Preload file at: file:///Users/florian/.dotfiles/.config/nvim/lazy/markview.nvim/lua/markview/parsers/yaml.lua , size = 4.201 KB
[20:16:40.096][info] [#0:script/workspace/loading.lua:100]: Preload file at: file:///Users/florian/.dotfiles/.config/nvim/lazy/markview.nvim/lua/markview/parsers/markdown_inline.lua , size = 15.824 KB
[20:16:40.100][info] [#0:script/workspace/loading.lua:100]: Preload file at: file:///Users/florian/.dotfiles/.config/nvim/lazy/markview.nvim/lua/markview/parsers/latex.lua , size = 12.064 KB
[20:16:40.103][info] [#0:script/workspace/loading.lua:100]: Preload file at: file:///Users/florian/.dotfiles/.config/nvim/lazy/markview.nvim/lua/markview/types/renderers/markdown.lua , size = 12.809 KB
[20:16:40.105][info] [#0:script/workspace/loading.lua:100]: Preload file at: file:///Users/florian/.dotfiles/.config/nvim/lazy/markview.nvim/lua/markview/types/renderers/html.lua , size = 2.396 KB
[20:16:40.106][info] [#0:script/workspace/loading.lua:100]: Preload file at: file:///Users/florian/.dotfiles/.config/nvim/lazy/markview.nvim/lua/markview/types/renderers/typst.lua , size = 10.680 KB
[20:16:40.107][info] [#0:script/workspace/loading.lua:100]: Preload file at: file:///Users/florian/.dotfiles/.config/nvim/lazy/markview.nvim/lua/markview/types/renderers/yaml.lua , size = 1.298 KB
[20:16:40.108][info] [#0:script/workspace/loading.lua:100]: Preload file at: file:///Users/florian/.dotfiles/.config/nvim/lazy/markview.nvim/lua/markview/types/renderers/latex.lua , size = 6.607 KB
[20:16:40.109][info] [#0:script/workspace/loading.lua:100]: Preload file at: file:///Users/florian/.dotfiles/.config/nvim/lazy/markview.nvim/lua/markview/types/preview.lua , size = 5.567 KB
[20:16:40.110][info] [#0:script/workspace/loading.lua:100]: Preload file at: file:///Users/florian/.dotfiles/.config/nvim/lazy/markview.nvim/lua/markview/types/renderers/markdown_inline.lua , size = 8.413 KB
[20:16:40.111][info] [#0:script/workspace/loading.lua:100]: Preload file at: file:///Users/florian/.dotfiles/.config/nvim/lazy/markview.nvim/lua/markview/types/parsers/typst.lua , size = 7.003 KB
[20:16:40.113][info] [#0:script/workspace/loading.lua:100]: Preload file at: file:///Users/florian/.dotfiles/.config/nvim/lazy/markview.nvim/lua/markview/types/parsers/html.lua , size = 1.879 KB
[20:16:40.113][info] [#0:script/workspace/loading.lua:100]: Preload file at: file:///Users/florian/.dotfiles/.config/nvim/lazy/markview.nvim/lua/markview/types/parsers/yaml.lua , size = 0.641 KB
[20:16:40.113][info] [#0:script/workspace/loading.lua:100]: Preload file at: file:///Users/florian/.dotfiles/.config/nvim/lazy/markview.nvim/lua/markview/types/parsers/latex.lua , size = 4.896 KB
[20:16:40.114][info] [#0:script/workspace/loading.lua:100]: Preload file at: file:///Users/florian/.dotfiles/.config/nvim/lazy/markview.nvim/lua/markview/types/parsers/markdown_inline.lua , size = 7.816 KB
[20:16:40.116][info] [#0:script/workspace/loading.lua:100]: Preload file at: file:///Users/florian/.dotfiles/.config/nvim/lazy/markview.nvim/lua/markview/types/_health.lua , size = 1.755 KB
[20:16:40.116][info] [#0:script/workspace/loading.lua:100]: Preload file at: file:///Users/florian/.dotfiles/.config/nvim/lazy/markview.nvim/lua/markview/types/experimental.lua , size = 0.768 KB
[20:16:40.116][info] [#0:script/workspace/loading.lua:100]: Preload file at: file:///Users/florian/.dotfiles/.config/nvim/lazy/markview.nvim/lua/markview/types/highlights.lua , size = 0.528 KB
[20:16:40.117][info] [#0:script/workspace/loading.lua:100]: Preload file at: file:///Users/florian/.dotfiles/.config/nvim/lazy/markview.nvim/lua/markview/types/parsers.lua , size = 0.630 KB
[20:16:40.117][info] [#0:script/workspace/loading.lua:100]: Preload file at: file:///Users/florian/.dotfiles/.config/nvim/lazy/markview.nvim/lua/markview/types/markview.lua , size = 5.983 KB
[20:16:40.118][info] [#0:script/workspace/loading.lua:100]: Preload file at: file:///Users/florian/.dotfiles/.config/nvim/lazy/markview.nvim/lua/markview/types/parsers/markdown.lua , size = 8.312 KB
[20:16:40.120][info] [#0:script/workspace/loading.lua:100]: Preload file at: file:///Users/florian/.dotfiles/.config/nvim/lazy/markview.nvim/lua/markview/renderer.lua , size = 12.196 KB
[20:16:40.123][info] [#0:script/workspace/loading.lua:100]: Preload file at: file:///Users/florian/.dotfiles/.config/nvim/lazy/markview.nvim/lua/markview/parser.lua , size = 5.795 KB
[20:16:40.124][info] [#0:script/workspace/loading.lua:100]: Preload file at: file:///Users/florian/.dotfiles/.config/nvim/lazy/markview.nvim/lua/markview/actions.lua , size = 25.188 KB
[20:16:40.130][info] [#0:script/workspace/loading.lua:100]: Preload file at: file:///Users/florian/.dotfiles/.config/nvim/lazy/markview.nvim/lua/markview/health.lua , size = 8.375 KB
[20:16:40.132][info] [#0:script/workspace/loading.lua:100]: Preload file at: file:///Users/florian/.dotfiles/.config/nvim/lazy/markview.nvim/lua/markview/config/markdown.lua , size = 12.183 KB
[20:16:40.134][info] [#0:script/workspace/loading.lua:100]: Preload file at: file:///Users/florian/.dotfiles/.config/nvim/lazy/markview.nvim/lua/markview/config/typst.lua , size = 5.963 KB
[20:16:40.135][info] [#0:script/workspace/loading.lua:100]: Preload file at: file:///Users/florian/.dotfiles/.config/nvim/lazy/markview.nvim/lua/markview/config/yaml.lua , size = 1.653 KB
[20:16:40.135][info] [#0:script/workspace/loading.lua:100]: Preload file at: file:///Users/florian/.dotfiles/.config/nvim/lazy/markview.nvim/lua/markview/config/latex.lua , size = 7.028 KB
[20:16:40.137][info] [#0:script/workspace/loading.lua:100]: Preload file at: file:///Users/florian/.dotfiles/.config/nvim/lazy/markview.nvim/lua/markview/config/html.lua , size = 6.410 KB
[20:16:40.138][info] [#0:script/workspace/loading.lua:100]: Preload file at: file:///Users/florian/.dotfiles/.config/nvim/lazy/markview.nvim/lua/markview/config/markdown_inline.lua , size = 9.163 KB
[20:16:40.139][info] [#0:script/workspace/loading.lua:100]: Preload file at: file:///Users/florian/.dotfiles/.config/nvim/lazy/markview.nvim/lua/markview/spec.lua , size = 9.674 KB
[20:16:40.142][info] [#0:script/workspace/loading.lua:100]: Preload file at: file:///Users/florian/.dotfiles/.config/nvim/lazy/markview.nvim/lua/markview/entities.lua , size = 13.284 KB
[20:16:40.145][info] [#0:script/workspace/loading.lua:100]: Preload file at: file:///Users/florian/.dotfiles/.config/nvim/lazy/markview.nvim/lua/markview/state.lua , size = 5.297 KB
[20:16:40.146][info] [#0:script/workspace/loading.lua:100]: Preload file at: file:///Users/florian/.dotfiles/.config/nvim/lazy/markview.nvim/lua/markview/wrap.lua , size = 6.018 KB
[20:16:40.147][info] [#0:script/workspace/loading.lua:100]: Preload file at: file:///Users/florian/.dotfiles/.config/nvim/lazy/markview.nvim/lua/markview/symbols.lua , size = 146.005 KB
[20:16:40.172][info] [#0:script/workspace/loading.lua:100]: Preload file at: file:///Users/florian/.dotfiles/.config/nvim/lazy/markview.nvim/lua/markview/commands.lua , size = 6.538 KB
[20:16:40.174][info] [#0:script/workspace/loading.lua:100]: Preload file at: file:///Users/florian/.dotfiles/.config/nvim/lazy/markview.nvim/lua/markview/presets.lua , size = 22.229 KB
[20:16:40.178][info] [#0:script/workspace/loading.lua:100]: Preload file at: file:///Users/florian/.dotfiles/.config/nvim/lazy/markview.nvim/lua/markview/utils.lua , size = 9.556 KB
[20:16:40.180][info] [#0:script/workspace/loading.lua:100]: Preload file at: file:///Users/florian/.dotfiles/.config/nvim/lazy/markview.nvim/lua/markview/filetypes.lua , size = 135.330 KB
[20:16:40.196][info] [#0:script/workspace/loading.lua:100]: Preload file at: file:///Users/florian/.dotfiles/.config/nvim/lazy/markview.nvim/lua/markview/links.lua , size = 9.750 KB
[20:16:40.199][info] [#0:script/workspace/loading.lua:100]: Preload file at: file:///Users/florian/.dotfiles/.config/nvim/lazy/markview.nvim/lua/markview/highlights.lua , size = 14.577 KB
[20:16:40.202][info] [#0:script/workspace/loading.lua:100]: Preload file at: file:///Users/florian/.dotfiles/.config/nvim/lazy/markview.nvim/lua/markview/extras/checkboxes.lua , size = 18.589 KB
[20:16:40.207][info] [#0:script/workspace/loading.lua:100]: Preload file at: file:///Users/florian/.dotfiles/.config/nvim/lazy/markview.nvim/lua/markview/integrations.lua , size = 2.752 KB
[20:16:40.208][info] [#0:script/workspace/loading.lua:100]: Preload file at: file:///Users/florian/.dotfiles/.config/nvim/lazy/markview.nvim/lua/markview/extras/editor.lua , size = 16.743 KB
[20:16:40.212][info] [#0:script/workspace/loading.lua:100]: Preload file at: file:///Users/florian/.dotfiles/.config/nvim/lazy/markview.nvim/lua/markview/extras/headings.lua , size = 3.670 KB
[20:16:40.213][info] [#0:script/workspace/loading.lua:100]: Preload file at: file:///Users/florian/.dotfiles/.config/nvim/lazy/markview.nvim/lua/markview.lua , size = 3.267 KB
[20:16:40.214][info] [#0:script/workspace/loading.lua:100]: Preload file at: file:///Users/florian/.dotfiles/.config/nvim/lazy/markview.nvim/lua/blink-markview.lua , size = 4.625 KB
[20:16:40.215][info] [#0:script/workspace/loading.lua:100]: Preload file at: file:///Users/florian/.dotfiles/.config/nvim/lazy/markview.nvim/lua/cmp-markview.lua , size = 3.312 KB
[20:16:40.216][info] [#0:script/workspace/loading.lua:100]: Preload file at: file:///Users/florian/.dotfiles/.config/nvim/lazy/nvim-web-devicons/lua/nvim-web-devicons.lua , size = 12.511 KB
[20:16:40.218][info] [#0:script/workspace/loading.lua:100]: Preload file at: file:///Users/florian/.dotfiles/.config/nvim/lazy/nvim-web-devicons/lua/nvim-web-devicons/hi-test.lua , size = 4.874 KB
[20:16:40.220][info] [#0:script/workspace/loading.lua:100]: Preload file at: file:///Users/florian/.dotfiles/.config/nvim/lazy/nvim-web-devicons/lua/nvim-web-devicons/default/icons_by_desktop_environment.lua , size = 0.782 KB
[20:16:40.220][info] [#0:script/workspace/loading.lua:100]: Preload file at: file:///Users/florian/.dotfiles/.config/nvim/lazy/nvim-web-devicons/lua/nvim-web-devicons/default/icons_by_operating_system.lua , size = 6.606 KB
[20:16:40.221][info] [#0:script/workspace/loading.lua:100]: Preload file at: file:///Users/florian/.dotfiles/.config/nvim/lazy/nvim-web-devicons/lua/nvim-web-devicons/default/icons_by_filename.lua , size = 26.357 KB
[20:16:40.225][info] [#0:script/workspace/loading.lua:100]: Preload file at: file:///Users/florian/.dotfiles/.config/nvim/lazy/nvim-web-devicons/lua/nvim-web-devicons/default/icons_by_file_extension.lua , size = 55.903 KB
[20:16:40.232][info] [#0:script/workspace/loading.lua:100]: Preload file at: file:///Users/florian/.dotfiles/.config/nvim/lazy/nvim-web-devicons/lua/nvim-web-devicons/default/icons_by_window_manager.lua , size = 1.259 KB
[20:16:40.232][info] [#0:script/workspace/loading.lua:100]: Preload file at: file:///Users/florian/.dotfiles/.config/nvim/lazy/nvim-web-devicons/lua/nvim-web-devicons/icons-light.lua , size = 0.438 KB
[20:16:40.233][info] [#0:script/workspace/loading.lua:100]: Preload file at: file:///Users/florian/.dotfiles/.config/nvim/lazy/nvim-web-devicons/lua/nvim-web-devicons/icons-default.lua , size = 0.447 KB
[20:16:40.233][info] [#0:script/workspace/loading.lua:100]: Preload file at: file:///Users/florian/.dotfiles/.config/nvim/lazy/nvim-web-devicons/lua/nvim-web-devicons/filetypes.lua , size = 4.984 KB
[20:16:40.234][info] [#0:script/workspace/loading.lua:100]: Preload file at: file:///Users/florian/.dotfiles/.config/nvim/lazy/nvim-web-devicons/lua/nvim-web-devicons/light/icons_by_desktop_environment.lua , size = 0.894 KB
[20:16:40.234][info] [#0:script/workspace/loading.lua:100]: Preload file at: file:///Users/florian/.dotfiles/.config/nvim/lazy/nvim-web-devicons/lua/nvim-web-devicons/light/icons_by_operating_system.lua , size = 6.715 KB
[20:16:40.235][info] [#0:script/workspace/loading.lua:100]: Preload file at: file:///Users/florian/.dotfiles/.config/nvim/lazy/nvim-web-devicons/lua/nvim-web-devicons/light/icons_by_file_extension.lua , size = 56.010 KB
[20:16:40.243][info] [#0:script/workspace/loading.lua:100]: Preload file at: file:///Users/florian/.dotfiles/.config/nvim/lazy/nvim-web-devicons/lua/nvim-web-devicons/light/icons_by_window_manager.lua , size = 1.365 KB
[20:16:40.243][info] [#0:script/workspace/loading.lua:100]: Preload file at: file:///Users/florian/.dotfiles/.config/nvim/lazy/nvim-web-devicons/lua/nvim-web-devicons/light/icons_by_filename.lua , size = 26.458 KB
[20:16:40.246][info] [#0:script/workspace/loading.lua:100]: Preload file at: file:///Users/florian/.dotfiles/.config/nvim/lazy/nvim-web-devicons/scripts/align.lua , size = 1.153 KB
[20:16:40.247][info] [#0:script/workspace/loading.lua:100]: Preload file at: file:///Users/florian/.dotfiles/.config/nvim/lazy/nvim-web-devicons/scripts/generate.lua , size = 4.682 KB
[20:16:40.248][info] [#0:script/workspace/loading.lua:100]: Preload file at: file:///Users/florian/.dotfiles/.config/nvim/lazy/nvim-web-devicons/scripts/sort_filetypes.lua , size = 0.381 KB
[20:16:40.248][info] [#0:script/workspace/loading.lua:100]: Preload file at: file:///Users/florian/.dotfiles/.config/nvim/lazy/img-clip.nvim/tests/config_spec.lua , size = 3.062 KB
[20:16:40.249][info] [#0:script/workspace/loading.lua:100]: Preload file at: file:///Users/florian/.dotfiles/.config/nvim/lazy/img-clip.nvim/tests/paste_spec.lua , size = 2.341 KB
[20:16:40.249][info] [#0:script/workspace/loading.lua:100]: Preload file at: file:///Users/florian/.dotfiles/.config/nvim/lazy/img-clip.nvim/tests/fs_spec.lua , size = 7.133 KB
[20:16:40.251][info] [#0:script/workspace/loading.lua:100]: Preload file at: file:///Users/florian/.dotfiles/.config/nvim/lazy/img-clip.nvim/tests/markup_spec.lua , size = 4.021 KB
[20:16:40.252][info] [#0:script/workspace/loading.lua:100]: Preload file at: file:///Users/florian/.dotfiles/.config/nvim/lazy/img-clip.nvim/tests/minimal_init.lua , size = 0.774 KB
[20:16:40.252][info] [#0:script/workspace/loading.lua:100]: Preload file at: file:///Users/florian/.dotfiles/.config/nvim/lazy/img-clip.nvim/tests/util_spec.lua , size = 3.906 KB
[20:16:40.253][info] [#0:script/workspace/loading.lua:100]: Preload file at: file:///Users/florian/.dotfiles/.config/nvim/lazy/img-clip.nvim/plugin/img-clip.lua , size = 2.196 KB
[20:16:40.253][info] [#0:script/workspace/loading.lua:100]: Preload file at: file:///Users/florian/.dotfiles/.config/nvim/lazy/img-clip.nvim/lua/img-clip/init.lua , size = 0.519 KB
[20:16:40.253][info] [#0:script/workspace/loading.lua:100]: Preload file at: file:///Users/florian/.dotfiles/.config/nvim/lazy/img-clip.nvim/lua/img-clip/clipboard.lua , size = 5.112 KB
[20:16:40.255][info] [#0:script/workspace/loading.lua:100]: Preload file at: file:///Users/florian/.dotfiles/.config/nvim/lazy/img-clip.nvim/lua/img-clip/health.lua , size = 1.108 KB
[20:16:40.255][info] [#0:script/workspace/loading.lua:100]: Preload file at: file:///Users/florian/.dotfiles/.config/nvim/lazy/img-clip.nvim/tests/clipboard_spec.lua , size = 7.490 KB
[20:16:40.256][info] [#0:script/workspace/loading.lua:100]: Preload file at: file:///Users/florian/.dotfiles/.config/nvim/lazy/img-clip.nvim/lua/img-clip/markup.lua , size = 4.316 KB
[20:16:40.257][info] [#0:script/workspace/loading.lua:100]: Preload file at: file:///Users/florian/.dotfiles/.config/nvim/lazy/img-clip.nvim/lua/img-clip/debug.lua , size = 0.187 KB
[20:16:40.257][info] [#0:script/workspace/loading.lua:100]: Preload file at: file:///Users/florian/.dotfiles/.config/nvim/lazy/img-clip.nvim/lua/img-clip/config.lua , size = 9.044 KB
[20:16:40.260][info] [#0:script/workspace/loading.lua:100]: Preload file at: file:///Users/florian/.dotfiles/.config/nvim/lazy/img-clip.nvim/lua/img-clip/util.lua , size = 4.628 KB
[20:16:40.261][info] [#0:script/workspace/loading.lua:100]: Preload file at: file:///Users/florian/.dotfiles/.config/nvim/lazy/img-clip.nvim/lua/img-clip/paste.lua , size = 6.325 KB
[20:16:40.262][info] [#0:script/workspace/loading.lua:100]: Preload file at: file:///Users/florian/.dotfiles/.config/nvim/lazy/img-clip.nvim/lua/img-clip/fs.lua , size = 5.402 KB
[20:16:40.264][info] [#0:script/workspace/loading.lua:100]: Preload file at: file:///Users/florian/.dotfiles/.config/nvim/lazy/img-clip.nvim/lua/img-clip/mime_types.lua , size = 4.252 KB
[20:16:40.264][info] [#0:script/workspace/loading.lua:100]: Preload file at: file:///Users/florian/.dotfiles/.config/nvim/lazy/mason.nvim/tests/mason-registry/api_spec.lua , size = 1.931 KB
[20:16:40.265][info] [#0:script/workspace/loading.lua:100]: Preload file at: file:///Users/florian/.dotfiles/.config/nvim/lazy/mason.nvim/tests/mason-registry/sources/lua_spec.lua , size = 1.437 KB
[20:16:40.265][info] [#0:script/workspace/loading.lua:100]: Preload file at: file:///Users/florian/.dotfiles/.config/nvim/lazy/mason.nvim/tests/mason-registry/sources/collection_spec.lua , size = 0.864 KB
[20:16:40.265][info] [#0:script/workspace/loading.lua:100]: Preload file at: file:///Users/florian/.dotfiles/.config/nvim/lazy/mason.nvim/tests/mason-registry/registry_spec.lua , size = 1.247 KB
[20:16:40.266][info] [#0:script/workspace/loading.lua:100]: Preload file at: file:///Users/florian/.dotfiles/.config/nvim/lazy/mason.nvim/tests/mason/setup_spec.lua , size = 3.149 KB
[20:16:40.266][info] [#0:script/workspace/loading.lua:100]: Preload file at: file:///Users/florian/.dotfiles/.config/nvim/lazy/mason.nvim/tests/mason-core/process_spec.lua , size = 0.786 KB
[20:16:40.267][info] [#0:script/workspace/loading.lua:100]: Preload file at: file:///Users/florian/.dotfiles/.config/nvim/lazy/mason.nvim/tests/mason/api/command_spec.lua , size = 4.299 KB
[20:16:40.268][info] [#0:script/workspace/loading.lua:100]: Preload file at: file:///Users/florian/.dotfiles/.config/nvim/lazy/mason.nvim/tests/mason-core/path_spec.lua , size = 2.280 KB
[20:16:40.268][info] [#0:script/workspace/loading.lua:100]: Preload file at: file:///Users/florian/.dotfiles/.config/nvim/lazy/mason.nvim/tests/mason-core/spawn_spec.lua , size = 8.348 KB
[20:16:40.270][info] [#0:script/workspace/loading.lua:100]: Preload file at: file:///Users/florian/.dotfiles/.config/nvim/lazy/mason.nvim/tests/mason-core/result_spec.lua , size = 10.889 KB
[20:16:40.272][info] [#0:script/workspace/loading.lua:100]: Preload file at: file:///Users/florian/.dotfiles/.config/nvim/lazy/mason.nvim/tests/mason-core/optional_spec.lua , size = 4.517 KB
[20:16:40.273][info] [#0:script/workspace/loading.lua:100]: Preload file at: file:///Users/florian/.dotfiles/.config/nvim/lazy/mason.nvim/tests/mason-core/providers/provider_spec.lua , size = 2.254 KB
[20:16:40.274][info] [#0:script/workspace/loading.lua:100]: Preload file at: file:///Users/florian/.dotfiles/.config/nvim/lazy/mason.nvim/tests/mason-core/terminator_spec.lua , size = 4.410 KB
[20:16:40.274][info] [#0:script/workspace/loading.lua:100]: Preload file at: file:///Users/florian/.dotfiles/.config/nvim/lazy/mason.nvim/tests/mason-core/async/async_spec.lua , size = 10.411 KB
[20:16:40.276][info] [#0:script/workspace/loading.lua:100]: Preload file at: file:///Users/florian/.dotfiles/.config/nvim/lazy/mason.nvim/tests/mason-core/EventEmitter_spec.lua , size = 2.252 KB
[20:16:40.277][info] [#0:script/workspace/loading.lua:100]: Preload file at: file:///Users/florian/.dotfiles/.config/nvim/lazy/mason.nvim/tests/mason-core/platform_spec.lua , size = 9.309 KB
[20:16:40.279][info] [#0:script/workspace/loading.lua:100]: Preload file at: file:///Users/florian/.dotfiles/.config/nvim/lazy/mason.nvim/tests/mason-core/pep440_spec.lua , size = 1.602 KB
[20:16:40.279][info] [#0:script/workspace/loading.lua:100]: Preload file at: file:///Users/florian/.dotfiles/.config/nvim/lazy/mason.nvim/tests/mason-core/ui_spec.lua , size = 11.710 KB
[20:16:40.281][info] [#0:script/workspace/loading.lua:100]: Preload file at: file:///Users/florian/.dotfiles/.config/nvim/lazy/mason.nvim/tests/mason-core/fs_spec.lua , size = 0.589 KB
[20:16:40.281][info] [#0:script/workspace/loading.lua:100]: Preload file at: file:///Users/florian/.dotfiles/.config/nvim/lazy/mason.nvim/tests/mason-core/purl_spec.lua , size = 4.637 KB
[20:16:40.282][info] [#0:script/workspace/loading.lua:100]: Preload file at: file:///Users/florian/.dotfiles/.config/nvim/lazy/mason.nvim/tests/mason-core/receipt_spec.lua , size = 4.282 KB
[20:16:40.283][info] [#0:script/workspace/loading.lua:100]: Preload file at: file:///Users/florian/.dotfiles/.config/nvim/lazy/mason.nvim/tests/mason-core/installer/InstallHandle_spec.lua , size = 4.005 KB
[20:16:40.284][info] [#0:script/workspace/loading.lua:100]: Preload file at: file:///Users/florian/.dotfiles/.config/nvim/lazy/mason.nvim/tests/mason-core/installer/managers/common_spec.lua , size = 5.847 KB
[20:16:40.285][info] [#0:script/workspace/loading.lua:100]: Preload file at: file:///Users/florian/.dotfiles/.config/nvim/lazy/mason.nvim/tests/mason-core/installer/managers/gem_spec.lua , size = 1.943 KB
[20:16:40.285][info] [#0:script/workspace/loading.lua:100]: Preload file at: file:///Users/florian/.dotfiles/.config/nvim/lazy/mason.nvim/tests/mason-core/installer/managers/pypi_spec.lua , size = 11.416 KB
[20:16:40.288][info] [#0:script/workspace/loading.lua:100]: Preload file at: file:///Users/florian/.dotfiles/.config/nvim/lazy/mason.nvim/tests/mason-core/installer/managers/luarocks_spec.lua , size = 2.611 KB
[20:16:40.288][info] [#0:script/workspace/loading.lua:100]: Preload file at: file:///Users/florian/.dotfiles/.config/nvim/lazy/mason.nvim/tests/mason-core/installer/managers/powershell_spec.lua , size = 3.179 KB
[20:16:40.289][info] [#0:script/workspace/loading.lua:100]: Preload file at: file:///Users/florian/.dotfiles/.config/nvim/lazy/mason.nvim/tests/mason-core/installer/managers/nuget_spec.lua , size = 1.069 KB
[20:16:40.289][info] [#0:script/workspace/loading.lua:100]: Preload file at: file:///Users/florian/.dotfiles/.config/nvim/lazy/mason.nvim/tests/mason-core/installer/managers/cargo_spec.lua , size = 3.589 KB
[20:16:40.290][info] [#0:script/workspace/loading.lua:100]: Preload file at: file:///Users/florian/.dotfiles/.config/nvim/lazy/mason.nvim/tests/mason-core/installer/managers/npm_spec.lua , size = 3.179 KB
[20:16:40.291][info] [#0:script/workspace/loading.lua:100]: Preload file at: file:///Users/florian/.dotfiles/.config/nvim/lazy/mason.nvim/tests/mason-core/installer/managers/opam_spec.lua , size = 1.035 KB
[20:16:40.291][info] [#0:script/workspace/loading.lua:100]: Preload file at: file:///Users/florian/.dotfiles/.config/nvim/lazy/mason.nvim/tests/mason-core/installer/managers/composer_spec.lua , size = 1.136 KB
[20:16:40.291][info] [#0:script/workspace/loading.lua:100]: Preload file at: file:///Users/florian/.dotfiles/.config/nvim/lazy/mason.nvim/tests/mason-core/installer/managers/golang_spec.lua , size = 1.967 KB
[20:16:40.292][info] [#0:script/workspace/loading.lua:100]: Preload file at: file:///Users/florian/.dotfiles/.config/nvim/lazy/mason.nvim/tests/mason-core/installer/InstallRunner_spec.lua , size = 11.465 KB
[20:16:40.294][info] [#0:script/workspace/loading.lua:100]: Preload file at: file:///Users/florian/.dotfiles/.config/nvim/lazy/mason.nvim/tests/mason-core/installer/context_spec.lua , size = 10.826 KB
[20:16:40.296][info] [#0:script/workspace/loading.lua:100]: Preload file at: file:///Users/florian/.dotfiles/.config/nvim/lazy/mason.nvim/tests/mason-core/installer/compiler/compiler_spec.lua , size = 9.744 KB
[20:16:40.298][info] [#0:script/workspace/loading.lua:100]: Preload file at: file:///Users/florian/.dotfiles/.config/nvim/lazy/mason.nvim/tests/mason-core/installer/managers/std_spec.lua , size = 6.228 KB
[20:16:40.299][info] [#0:script/workspace/loading.lua:100]: Preload file at: file:///Users/florian/.dotfiles/.config/nvim/lazy/mason.nvim/tests/mason-core/installer/compiler/link_spec.lua , size = 8.098 KB
[20:16:40.301][info] [#0:script/workspace/loading.lua:100]: Preload file at: file:///Users/florian/.dotfiles/.config/nvim/lazy/mason.nvim/tests/mason-core/installer/compiler/expr_spec.lua , size = 8.465 KB
[20:16:40.302][info] [#0:script/workspace/loading.lua:100]: Preload file at: file:///Users/florian/.dotfiles/.config/nvim/lazy/mason.nvim/tests/mason-core/installer/compiler/compilers/gem_spec.lua , size = 1.682 KB
[20:16:40.302][info] [#0:script/workspace/loading.lua:100]: Preload file at: file:///Users/florian/.dotfiles/.config/nvim/lazy/mason.nvim/tests/mason-core/installer/compiler/compilers/pypi_spec.lua , size = 2.924 KB
[20:16:40.303][info] [#0:script/workspace/loading.lua:100]: Preload file at: file:///Users/florian/.dotfiles/.config/nvim/lazy/mason.nvim/tests/mason-core/installer/compiler/compilers/nuget_spec.lua , size = 1.547 KB
[20:16:40.303][info] [#0:script/workspace/loading.lua:100]: Preload file at: file:///Users/florian/.dotfiles/.config/nvim/lazy/mason.nvim/tests/mason-core/installer/compiler/compilers/luarocks_spec.lua , size = 2.631 KB
[20:16:40.304][info] [#0:script/workspace/loading.lua:100]: Preload file at: file:///Users/florian/.dotfiles/.config/nvim/lazy/mason.nvim/tests/mason-core/installer/compiler/compilers/cargo_spec.lua , size = 4.877 KB
[20:16:40.305][info] [#0:script/workspace/loading.lua:100]: Preload file at: file:///Users/florian/.dotfiles/.config/nvim/lazy/mason.nvim/tests/mason-core/installer/compiler/compilers/openvsx_spec.lua , size = 5.104 KB
[20:16:40.305][info] [#0:script/workspace/loading.lua:100]: Preload file at: file:///Users/florian/.dotfiles/.config/nvim/lazy/mason.nvim/tests/mason-core/installer/compiler/compilers/github/build_spec.lua , size = 3.293 KB
[20:16:40.306][info] [#0:script/workspace/loading.lua:100]: Preload file at: file:///Users/florian/.dotfiles/.config/nvim/lazy/mason.nvim/tests/mason-core/installer/compiler/compilers/github/release_spec.lua , size = 11.279 KB
[20:16:40.307][info] [#0:script/workspace/loading.lua:100]: Preload file at: file:///Users/florian/.dotfiles/.config/nvim/lazy/mason.nvim/tests/mason-core/installer/compiler/compilers/opam_spec.lua , size = 1.538 KB
[20:16:40.308][info] [#0:script/workspace/loading.lua:100]: Preload file at: file:///Users/florian/.dotfiles/.config/nvim/lazy/mason.nvim/tests/mason-core/installer/compiler/compilers/npm_spec.lua , size = 1.838 KB
[20:16:40.308][info] [#0:script/workspace/loading.lua:100]: Preload file at: file:///Users/florian/.dotfiles/.config/nvim/lazy/mason.nvim/tests/mason-core/installer/compiler/compilers/generic/download_spec.lua , size = 4.864 KB
[20:16:40.309][info] [#0:script/workspace/loading.lua:100]: Preload file at: file:///Users/florian/.dotfiles/.config/nvim/lazy/mason.nvim/tests/mason-core/installer/compiler/compilers/generic/build_spec.lua , size = 4.304 KB
[20:16:40.309][info] [#0:script/workspace/loading.lua:100]: Preload file at: file:///Users/florian/.dotfiles/.config/nvim/lazy/mason.nvim/tests/mason-core/installer/compiler/compilers/golang_spec.lua , size = 1.751 KB
[20:16:40.310][info] [#0:script/workspace/loading.lua:100]: Preload file at: file:///Users/florian/.dotfiles/.config/nvim/lazy/mason.nvim/tests/mason-core/installer/compiler/compilers/composer_spec.lua , size = 1.601 KB
[20:16:40.310][info] [#0:script/workspace/loading.lua:100]: Preload file at: file:///Users/florian/.dotfiles/.config/nvim/lazy/mason.nvim/tests/mason-core/installer/compiler/util_spec.lua , size = 2.958 KB
[20:16:40.311][info] [#0:script/workspace/loading.lua:100]: Preload file at: file:///Users/florian/.dotfiles/.config/nvim/lazy/mason.nvim/tests/mason-core/installer/linker_spec.lua , size = 7.507 KB
[20:16:40.313][info] [#0:script/workspace/loading.lua:100]: Preload file at: file:///Users/florian/.dotfiles/.config/nvim/lazy/mason.nvim/tests/mason-core/functional/string_spec.lua , size = 3.029 KB
[20:16:40.313][info] [#0:script/workspace/loading.lua:100]: Preload file at: file:///Users/florian/.dotfiles/.config/nvim/lazy/mason.nvim/tests/mason-core/functional/number_spec.lua , size = 1.666 KB
[20:16:40.314][info] [#0:script/workspace/loading.lua:100]: Preload file at: file:///Users/florian/.dotfiles/.config/nvim/lazy/mason.nvim/tests/mason-core/functional/data_spec.lua , size = 0.606 KB
[20:16:40.314][info] [#0:script/workspace/loading.lua:100]: Preload file at: file:///Users/florian/.dotfiles/.config/nvim/lazy/mason.nvim/tests/mason-core/functional/function_spec.lua , size = 5.896 KB
[20:16:40.315][info] [#0:script/workspace/loading.lua:100]: Preload file at: file:///Users/florian/.dotfiles/.config/nvim/lazy/mason.nvim/tests/mason-core/functional/relation_spec.lua , size = 2.225 KB
[20:16:40.316][info] [#0:script/workspace/loading.lua:100]: Preload file at: file:///Users/florian/.dotfiles/.config/nvim/lazy/mason.nvim/tests/mason-core/functional/logic_spec.lua , size = 2.111 KB
[20:16:40.317][info] [#0:script/workspace/loading.lua:100]: Preload file at: file:///Users/florian/.dotfiles/.config/nvim/lazy/mason.nvim/tests/mason-core/functional/list_spec.lua , size = 11.035 KB
[20:16:40.319][info] [#0:script/workspace/loading.lua:100]: Preload file at: file:///Users/florian/.dotfiles/.config/nvim/lazy/mason.nvim/tests/mason-core/functional/table_spec.lua , size = 3.735 KB
[20:16:40.320][info] [#0:script/workspace/loading.lua:100]: Preload file at: file:///Users/florian/.dotfiles/.config/nvim/lazy/mason.nvim/tests/mason-core/functional/type_spec.lua , size = 1.225 KB
[20:16:40.320][info] [#0:script/workspace/loading.lua:100]: Preload file at: file:///Users/florian/.dotfiles/.config/nvim/lazy/mason.nvim/tests/mason-core/fetch_spec.lua , size = 5.233 KB
[20:16:40.321][info] [#0:script/workspace/loading.lua:100]: Preload file at: file:///Users/florian/.dotfiles/.config/nvim/lazy/mason.nvim/tests/mason-core/package/package_spec.lua , size = 7.978 KB
[20:16:40.323][info] [#0:script/workspace/loading.lua:100]: Preload file at: file:///Users/florian/.dotfiles/.config/nvim/lazy/mason.nvim/tests/helpers/lua/dummy-registry/index.lua , size = 0.136 KB
[20:16:40.323][info] [#0:script/workspace/loading.lua:100]: Preload file at: file:///Users/florian/.dotfiles/.config/nvim/lazy/mason.nvim/tests/helpers/lua/dummy-registry/dummy2.lua , size = 0.352 KB
[20:16:40.323][info] [#0:script/workspace/loading.lua:100]: Preload file at: file:///Users/florian/.dotfiles/.config/nvim/lazy/mason.nvim/tests/helpers/lua/dummy-registry/dummy.lua , size = 0.348 KB
[20:16:40.323][info] [#0:script/workspace/loading.lua:100]: Preload file at: file:///Users/florian/.dotfiles/.config/nvim/lazy/mason.nvim/tests/helpers/lua/dummy-registry/registry.lua , size = 0.264 KB
[20:16:40.323][info] [#0:script/workspace/loading.lua:100]: Preload file at: file:///Users/florian/.dotfiles/.config/nvim/lazy/mason.nvim/tests/helpers/lua/luassertx.lua , size = 2.609 KB
[20:16:40.324][info] [#0:script/workspace/loading.lua:100]: Preload file at: file:///Users/florian/.dotfiles/.config/nvim/lazy/mason.nvim/lua/mason-registry/init.lua , size = 5.815 KB
[20:16:40.325][info] [#0:script/workspace/loading.lua:100]: Preload file at: file:///Users/florian/.dotfiles/.config/nvim/lazy/mason.nvim/lua/mason-registry/sources/lua.lua , size = 2.616 KB
[20:16:40.329][info] [#0:script/workspace/loading.lua:100]: Preload file at: file:///Users/florian/.dotfiles/.config/nvim/lazy/mason.nvim/lua/mason-registry/sources/init.lua , size = 6.050 KB
[20:16:40.332][info] [#0:script/workspace/loading.lua:100]: Preload file at: file:///Users/florian/.dotfiles/.config/nvim/lazy/mason.nvim/lua/mason-registry/sources/file.lua , size = 6.237 KB
[20:16:40.333][info] [#0:script/workspace/loading.lua:100]: Preload file at: file:///Users/florian/.dotfiles/.config/nvim/lazy/mason.nvim/lua/mason-registry/sources/github.lua , size = 6.402 KB
[20:16:40.335][info] [#0:script/workspace/loading.lua:100]: Preload file at: file:///Users/florian/.dotfiles/.config/nvim/lazy/mason.nvim/lua/mason-registry/sources/util.lua , size = 1.329 KB
[20:16:40.336][info] [#0:script/workspace/loading.lua:100]: Preload file at: file:///Users/florian/.dotfiles/.config/nvim/lazy/mason.nvim/lua/mason-registry/index/init.lua , size = 0.010 KB
[20:16:40.336][info] [#0:script/workspace/loading.lua:100]: Preload file at: file:///Users/florian/.dotfiles/.config/nvim/lazy/mason.nvim/lua/mason-registry/api.lua , size = 3.940 KB
[20:16:40.338][info] [#0:script/workspace/loading.lua:100]: Preload file at: file:///Users/florian/.dotfiles/.config/nvim/lazy/mason.nvim/lua/mason-registry/installer.lua , size = 2.915 KB
[20:16:40.339][info] [#0:script/workspace/loading.lua:100]: Preload file at: file:///Users/florian/.dotfiles/.config/nvim/lazy/mason.nvim/lua/mason-vendor/zzlib/inflate-bit32.lua , size = 7.005 KB
[20:16:40.341][info] [#0:script/workspace/loading.lua:100]: Preload file at: file:///Users/florian/.dotfiles/.config/nvim/lazy/mason.nvim/lua/mason-vendor/zzlib/init.lua , size = 5.544 KB
[20:16:40.343][info] [#0:script/workspace/loading.lua:100]: Preload file at: file:///Users/florian/.dotfiles/.config/nvim/lazy/mason.nvim/lua/mason-vendor/zzlib/inflate-bwo.lua , size = 6.820 KB
[20:16:40.345][info] [#0:script/workspace/loading.lua:100]: Preload file at: file:///Users/florian/.dotfiles/.config/nvim/lazy/mason.nvim/lua/mason-test/helpers.lua , size = 1.939 KB
[20:16:40.345][info] [#0:script/workspace/loading.lua:100]: Preload file at: file:///Users/florian/.dotfiles/.config/nvim/lazy/mason.nvim/lua/mason-vendor/semver.lua , size = 7.046 KB
[20:16:40.347][info] [#0:script/workspace/loading.lua:100]: Preload file at: file:///Users/florian/.dotfiles/.config/nvim/lazy/mason.nvim/lua/mason/ui/palette.lua , size = 0.844 KB
[20:16:40.347][info] [#0:script/workspace/loading.lua:100]: Preload file at: file:///Users/florian/.dotfiles/.config/nvim/lazy/mason.nvim/lua/mason/ui/init.lua , size = 0.438 KB
[20:16:40.347][info] [#0:script/workspace/loading.lua:100]: Preload file at: file:///Users/florian/.dotfiles/.config/nvim/lazy/mason.nvim/lua/mason/ui/colors.lua , size = 1.300 KB
[20:16:40.348][info] [#0:script/workspace/loading.lua:100]: Preload file at: file:///Users/florian/.dotfiles/.config/nvim/lazy/mason.nvim/lua/mason/ui/components/tabs.lua , size = 1.249 KB
[20:16:40.348][info] [#0:script/workspace/loading.lua:100]: Preload file at: file:///Users/florian/.dotfiles/.config/nvim/lazy/mason.nvim/lua/mason/ui/instance.lua , size = 24.715 KB
[20:16:40.353][info] [#0:script/workspace/loading.lua:100]: Preload file at: file:///Users/florian/.dotfiles/.config/nvim/lazy/mason.nvim/lua/mason/ui/components/json-schema.lua , size = 6.487 KB
[20:16:40.354][info] [#0:script/workspace/loading.lua:100]: Preload file at: file:///Users/florian/.dotfiles/.config/nvim/lazy/mason.nvim/lua/mason/ui/components/header.lua , size = 2.866 KB
[20:16:40.354][info] [#0:script/workspace/loading.lua:100]: Preload file at: file:///Users/florian/.dotfiles/.config/nvim/lazy/mason.nvim/lua/mason/ui/components/main/init.lua , size = 0.238 KB
[20:16:40.355][info] [#0:script/workspace/loading.lua:100]: Preload file at: file:///Users/florian/.dotfiles/.config/nvim/lazy/mason.nvim/lua/mason/ui/components/language-filter.lua , size = 1.094 KB
[20:16:40.355][info] [#0:script/workspace/loading.lua:100]: Preload file at: file:///Users/florian/.dotfiles/.config/nvim/lazy/mason.nvim/lua/mason/ui/components/help/init.lua , size = 7.583 KB
[20:16:40.356][info] [#0:script/workspace/loading.lua:100]: Preload file at: file:///Users/florian/.dotfiles/.config/nvim/lazy/mason.nvim/lua/mason/ui/components/help/formatter.lua , size = 0.629 KB
[20:16:40.357][info] [#0:script/workspace/loading.lua:100]: Preload file at: file:///Users/florian/.dotfiles/.config/nvim/lazy/mason.nvim/lua/mason/ui/components/help/lsp.lua , size = 1.118 KB
[20:16:40.357][info] [#0:script/workspace/loading.lua:100]: Preload file at: file:///Users/florian/.dotfiles/.config/nvim/lazy/mason.nvim/lua/mason/ui/components/help/linter.lua , size = 0.669 KB
[20:16:40.357][info] [#0:script/workspace/loading.lua:100]: Preload file at: file:///Users/florian/.dotfiles/.config/nvim/lazy/mason.nvim/lua/mason/ui/components/help/dap.lua , size = 1.014 KB
[20:16:40.357][info] [#0:script/workspace/loading.lua:100]: Preload file at: file:///Users/florian/.dotfiles/.config/nvim/lazy/mason.nvim/lua/mason/init.lua , size = 0.820 KB
[20:16:40.358][info] [#0:script/workspace/loading.lua:100]: Preload file at: file:///Users/florian/.dotfiles/.config/nvim/lazy/mason.nvim/lua/mason/settings.lua , size = 5.792 KB
[20:16:40.358][info] [#0:script/workspace/loading.lua:100]: Preload file at: file:///Users/florian/.dotfiles/.config/nvim/lazy/mason.nvim/lua/mason/ui/components/main/package_list.lua , size = 15.288 KB
[20:16:40.362][info] [#0:script/workspace/loading.lua:100]: Preload file at: file:///Users/florian/.dotfiles/.config/nvim/lazy/mason.nvim/lua/mason/providers/registry-api/init.lua , size = 2.942 KB
[20:16:40.362][info] [#0:script/workspace/loading.lua:100]: Preload file at: file:///Users/florian/.dotfiles/.config/nvim/lazy/mason.nvim/lua/mason/providers/client/init.lua , size = 0.337 KB
[20:16:40.362][info] [#0:script/workspace/loading.lua:100]: Preload file at: file:///Users/florian/.dotfiles/.config/nvim/lazy/mason.nvim/lua/mason/health.lua , size = 10.337 KB
[20:16:40.364][info] [#0:script/workspace/loading.lua:100]: Preload file at: file:///Users/florian/.dotfiles/.config/nvim/lazy/mason.nvim/lua/mason/providers/client/npm.lua , size = 0.580 KB
[20:16:40.365][info] [#0:script/workspace/loading.lua:100]: Preload file at: file:///Users/florian/.dotfiles/.config/nvim/lazy/mason.nvim/lua/mason/providers/client/golang.lua , size = 0.470 KB
[20:16:40.365][info] [#0:script/workspace/loading.lua:100]: Preload file at: file:///Users/florian/.dotfiles/.config/nvim/lazy/mason.nvim/lua/mason/providers/client/pypi.lua , size = 2.260 KB
[20:16:40.365][info] [#0:script/workspace/loading.lua:100]: Preload file at: file:///Users/florian/.dotfiles/.config/nvim/lazy/mason.nvim/lua/mason/providers/client/gh.lua , size = 1.462 KB
[20:16:40.366][info] [#0:script/workspace/loading.lua:100]: Preload file at: file:///Users/florian/.dotfiles/.config/nvim/lazy/mason.nvim/lua/mason/providers/client/openvsx.lua , size = 0.872 KB
[20:16:40.366][info] [#0:script/workspace/loading.lua:100]: Preload file at: file:///Users/florian/.dotfiles/.config/nvim/lazy/mason.nvim/lua/mason/providers/client/rubygems.lua , size = 0.888 KB
[20:16:40.366][info] [#0:script/workspace/loading.lua:100]: Preload file at: file:///Users/florian/.dotfiles/.config/nvim/lazy/mason.nvim/lua/mason/version.lua , size = 0.206 KB
[20:16:40.367][info] [#0:script/workspace/loading.lua:100]: Preload file at: file:///Users/florian/.dotfiles/.config/nvim/lazy/mason.nvim/lua/mason/api/command.lua , size = 9.373 KB
[20:16:40.368][info] [#0:script/workspace/loading.lua:100]: Preload file at: file:///Users/florian/.dotfiles/.config/nvim/lazy/mason.nvim/lua/mason-core/ui/state.lua , size = 0.625 KB
[20:16:40.369][info] [#0:script/workspace/loading.lua:100]: Preload file at: file:///Users/florian/.dotfiles/.config/nvim/lazy/mason.nvim/lua/mason-core/ui/display.lua , size = 21.470 KB
[20:16:40.373][info] [#0:script/workspace/loading.lua:100]: Preload file at: file:///Users/florian/.dotfiles/.config/nvim/lazy/mason.nvim/lua/mason-core/async/init.lua , size = 5.850 KB
[20:16:40.374][info] [#0:script/workspace/loading.lua:100]: Preload file at: file:///Users/florian/.dotfiles/.config/nvim/lazy/mason.nvim/lua/mason-core/ui/init.lua , size = 5.316 KB
[20:16:40.375][info] [#0:script/workspace/loading.lua:100]: Preload file at: file:///Users/florian/.dotfiles/.config/nvim/lazy/mason.nvim/lua/mason-core/async/uv.lua , size = 0.989 KB
[20:16:40.376][info] [#0:script/workspace/loading.lua:100]: Preload file at: file:///Users/florian/.dotfiles/.config/nvim/lazy/mason.nvim/lua/mason-core/async/control.lua , size = 3.644 KB
[20:16:40.377][info] [#0:script/workspace/loading.lua:100]: Preload file at: file:///Users/florian/.dotfiles/.config/nvim/lazy/mason.nvim/lua/mason-core/result.lua , size = 4.774 KB
[20:16:40.378][info] [#0:script/workspace/loading.lua:100]: Preload file at: file:///Users/florian/.dotfiles/.config/nvim/lazy/mason.nvim/lua/mason-core/platform.lua , size = 7.014 KB
[20:16:40.380][info] [#0:script/workspace/loading.lua:100]: Preload file at: file:///Users/florian/.dotfiles/.config/nvim/lazy/mason.nvim/lua/mason-core/fs.lua , size = 5.315 KB
[20:16:40.381][info] [#0:script/workspace/loading.lua:100]: Preload file at: file:///Users/florian/.dotfiles/.config/nvim/lazy/mason.nvim/lua/mason-core/path.lua , size = 1.288 KB
[20:16:40.382][info] [#0:script/workspace/loading.lua:100]: Preload file at: file:///Users/florian/.dotfiles/.config/nvim/lazy/mason.nvim/lua/mason-core/pep440/init.lua , size = 1.978 KB
[20:16:40.382][info] [#0:script/workspace/loading.lua:100]: Preload file at: file:///Users/florian/.dotfiles/.config/nvim/lazy/mason.nvim/lua/mason-core/receipt.lua , size = 4.847 KB
[20:16:40.384][info] [#0:script/workspace/loading.lua:100]: Preload file at: file:///Users/florian/.dotfiles/.config/nvim/lazy/mason.nvim/lua/mason-core/optional.lua , size = 2.657 KB
[20:16:40.384][info] [#0:script/workspace/loading.lua:100]: Preload file at: file:///Users/florian/.dotfiles/.config/nvim/lazy/mason.nvim/lua/mason-core/notify.lua , size = 0.156 KB
[20:16:40.385][info] [#0:script/workspace/loading.lua:100]: Preload file at: file:///Users/florian/.dotfiles/.config/nvim/lazy/mason.nvim/lua/mason-core/fetch.lua , size = 4.724 KB
[20:16:40.386][info] [#0:script/workspace/loading.lua:100]: Preload file at: file:///Users/florian/.dotfiles/.config/nvim/lazy/mason.nvim/lua/mason-core/terminator.lua , size = 3.074 KB
[20:16:40.386][info] [#0:script/workspace/loading.lua:100]: Preload file at: file:///Users/florian/.dotfiles/.config/nvim/lazy/mason.nvim/lua/mason-core/spawn.lua , size = 5.113 KB
[20:16:40.387][info] [#0:script/workspace/loading.lua:100]: Preload file at: file:///Users/florian/.dotfiles/.config/nvim/lazy/mason.nvim/lua/mason-core/purl.lua , size = 7.524 KB
[20:16:40.389][info] [#0:script/workspace/loading.lua:100]: Preload file at: file:///Users/florian/.dotfiles/.config/nvim/lazy/mason.nvim/lua/mason-core/providers.lua , size = 4.623 KB
[20:16:40.390][info] [#0:script/workspace/loading.lua:100]: Preload file at: file:///Users/florian/.dotfiles/.config/nvim/lazy/mason.nvim/lua/mason-core/log.lua , size = 5.897 KB
[20:16:40.392][info] [#0:script/workspace/loading.lua:100]: Preload file at: file:///Users/florian/.dotfiles/.config/nvim/lazy/mason.nvim/lua/mason-core/installer/init.lua , size = 0.192 KB
[20:16:40.392][info] [#0:script/workspace/loading.lua:100]: Preload file at: file:///Users/florian/.dotfiles/.config/nvim/lazy/mason.nvim/lua/mason-core/installer/InstallHandle.lua , size = 6.194 KB
[20:16:40.393][info] [#0:script/workspace/loading.lua:100]: Preload file at: file:///Users/florian/.dotfiles/.config/nvim/lazy/mason.nvim/lua/mason-core/installer/context/InstallContextFs.lua , size = 3.495 KB
[20:16:40.394][info] [#0:script/workspace/loading.lua:100]: Preload file at: file:///Users/florian/.dotfiles/.config/nvim/lazy/mason.nvim/lua/mason-core/installer/context/init.lua , size = 10.952 KB
[20:16:40.397][info] [#0:script/workspace/loading.lua:100]: Preload file at: file:///Users/florian/.dotfiles/.config/nvim/lazy/mason.nvim/lua/mason-core/installer/context/InstallContextSpawn.lua , size = 1.698 KB
[20:16:40.397][info] [#0:script/workspace/loading.lua:100]: Preload file at: file:///Users/florian/.dotfiles/.config/nvim/lazy/mason.nvim/lua/mason-core/installer/context/InstallContextCwd.lua , size = 1.389 KB
[20:16:40.398][info] [#0:script/workspace/loading.lua:100]: Preload file at: file:///Users/florian/.dotfiles/.config/nvim/lazy/mason.nvim/lua/mason-core/installer/managers/luarocks.lua , size = 1.220 KB
[20:16:40.398][info] [#0:script/workspace/loading.lua:100]: Preload file at: file:///Users/florian/.dotfiles/.config/nvim/lazy/mason.nvim/lua/mason-core/installer/UninstallRunner.lua , size = 3.794 KB
[20:16:40.399][info] [#0:script/workspace/loading.lua:100]: Preload file at: file:///Users/florian/.dotfiles/.config/nvim/lazy/mason.nvim/lua/mason-core/installer/managers/powershell.lua , size = 1.316 KB
[20:16:40.400][info] [#0:script/workspace/loading.lua:100]: Preload file at: file:///Users/florian/.dotfiles/.config/nvim/lazy/mason.nvim/lua/mason-core/installer/managers/std.lua , size = 7.618 KB
[20:16:40.401][info] [#0:script/workspace/loading.lua:100]: Preload file at: file:///Users/florian/.dotfiles/.config/nvim/lazy/mason.nvim/lua/mason-core/installer/managers/opam.lua , size = 1.004 KB
[20:16:40.402][info] [#0:script/workspace/loading.lua:100]: Preload file at: file:///Users/florian/.dotfiles/.config/nvim/lazy/mason.nvim/lua/mason-core/installer/managers/npm.lua , size = 3.065 KB
[20:16:40.402][info] [#0:script/workspace/loading.lua:100]: Preload file at: file:///Users/florian/.dotfiles/.config/nvim/lazy/mason.nvim/lua/mason-core/installer/managers/composer.lua , size = 1.188 KB
[20:16:40.403][info] [#0:script/workspace/loading.lua:100]: Preload file at: file:///Users/florian/.dotfiles/.config/nvim/lazy/mason.nvim/lua/mason-core/installer/managers/golang.lua , size = 1.389 KB
[20:16:40.403][info] [#0:script/workspace/loading.lua:100]: Preload file at: file:///Users/florian/.dotfiles/.config/nvim/lazy/mason.nvim/lua/mason-core/installer/managers/nuget.lua , size = 0.881 KB
[20:16:40.403][info] [#0:script/workspace/loading.lua:100]: Preload file at: file:///Users/florian/.dotfiles/.config/nvim/lazy/mason.nvim/lua/mason-core/installer/managers/cargo.lua , size = 1.337 KB
[20:16:40.404][info] [#0:script/workspace/loading.lua:100]: Preload file at: file:///Users/florian/.dotfiles/.config/nvim/lazy/mason.nvim/lua/mason-core/installer/managers/common.lua , size = 3.610 KB
[20:16:40.405][info] [#0:script/workspace/loading.lua:100]: Preload file at: file:///Users/florian/.dotfiles/.config/nvim/lazy/mason.nvim/lua/mason-core/installer/managers/pypi.lua , size = 8.186 KB
[20:16:40.406][info] [#0:script/workspace/loading.lua:100]: Preload file at: file:///Users/florian/.dotfiles/.config/nvim/lazy/mason.nvim/lua/mason-core/installer/InstallLocation.lua , size = 2.354 KB
[20:16:40.407][info] [#0:script/workspace/loading.lua:100]: Preload file at: file:///Users/florian/.dotfiles/.config/nvim/lazy/mason.nvim/lua/mason-core/installer/managers/gem.lua , size = 1.809 KB
[20:16:40.408][info] [#0:script/workspace/loading.lua:100]: Preload file at: file:///Users/florian/.dotfiles/.config/nvim/lazy/mason.nvim/lua/mason-core/installer/linker.lua , size = 5.925 KB
[20:16:40.409][info] [#0:script/workspace/loading.lua:100]: Preload file at: file:///Users/florian/.dotfiles/.config/nvim/lazy/mason.nvim/lua/mason-core/installer/InstallRunner.lua , size = 7.299 KB
[20:16:40.411][info] [#0:script/workspace/loading.lua:100]: Preload file at: file:///Users/florian/.dotfiles/.config/nvim/lazy/mason.nvim/lua/mason-core/installer/compiler/init.lua , size = 8.756 KB
[20:16:40.412][info] [#0:script/workspace/loading.lua:100]: Preload file at: file:///Users/florian/.dotfiles/.config/nvim/lazy/mason.nvim/lua/mason-core/installer/compiler/link.lua , size = 10.713 KB
[20:16:40.414][info] [#0:script/workspace/loading.lua:100]: Preload file at: file:///Users/florian/.dotfiles/.config/nvim/lazy/mason.nvim/lua/mason-core/installer/compiler/schemas.lua , size = 2.667 KB
[20:16:40.415][info] [#0:script/workspace/loading.lua:100]: Preload file at: file:///Users/florian/.dotfiles/.config/nvim/lazy/mason.nvim/lua/mason-core/installer/compiler/expr.lua , size = 3.041 KB
[20:16:40.416][info] [#0:script/workspace/loading.lua:100]: Preload file at: file:///Users/florian/.dotfiles/.config/nvim/lazy/mason.nvim/lua/mason-core/installer/compiler/compilers/luarocks.lua , size = 1.255 KB
[20:16:40.416][info] [#0:script/workspace/loading.lua:100]: Preload file at: file:///Users/florian/.dotfiles/.config/nvim/lazy/mason.nvim/lua/mason-core/installer/compiler/util.lua , size = 3.002 KB
[20:16:40.417][info] [#0:script/workspace/loading.lua:100]: Preload file at: file:///Users/florian/.dotfiles/.config/nvim/lazy/mason.nvim/lua/mason-core/installer/compiler/compilers/opam.lua , size = 0.672 KB
[20:16:40.417][info] [#0:script/workspace/loading.lua:100]: Preload file at: file:///Users/florian/.dotfiles/.config/nvim/lazy/mason.nvim/lua/mason-core/installer/compiler/compilers/npm.lua , size = 1.210 KB
[20:16:40.418][info] [#0:script/workspace/loading.lua:100]: Preload file at: file:///Users/florian/.dotfiles/.config/nvim/lazy/mason.nvim/lua/mason-core/installer/compiler/compilers/golang.lua , size = 1.296 KB
[20:16:40.418][info] [#0:script/workspace/loading.lua:100]: Preload file at: file:///Users/florian/.dotfiles/.config/nvim/lazy/mason.nvim/lua/mason-core/installer/compiler/compilers/composer.lua , size = 0.878 KB
[20:16:40.418][info] [#0:script/workspace/loading.lua:100]: Preload file at: file:///Users/florian/.dotfiles/.config/nvim/lazy/mason.nvim/lua/mason-core/installer/compiler/compilers/github/build.lua , size = 1.434 KB
[20:16:40.419][info] [#0:script/workspace/loading.lua:100]: Preload file at: file:///Users/florian/.dotfiles/.config/nvim/lazy/mason.nvim/lua/mason-core/installer/compiler/compilers/github/init.lua , size = 1.718 KB
[20:16:40.419][info] [#0:script/workspace/loading.lua:100]: Preload file at: file:///Users/florian/.dotfiles/.config/nvim/lazy/mason.nvim/lua/mason-core/installer/compiler/compilers/github/release.lua , size = 1.844 KB
[20:16:40.420][info] [#0:script/workspace/loading.lua:100]: Preload file at: file:///Users/florian/.dotfiles/.config/nvim/lazy/mason.nvim/lua/mason-core/installer/compiler/compilers/cargo.lua , size = 2.138 KB
[20:16:40.420][info] [#0:script/workspace/loading.lua:100]: Preload file at: file:///Users/florian/.dotfiles/.config/nvim/lazy/mason.nvim/lua/mason-core/installer/compiler/compilers/nuget.lua , size = 0.677 KB
[20:16:40.421][info] [#0:script/workspace/loading.lua:100]: Preload file at: file:///Users/florian/.dotfiles/.config/nvim/lazy/mason.nvim/lua/mason-core/installer/compiler/compilers/pypi.lua , size = 1.591 KB
[20:16:40.421][info] [#0:script/workspace/loading.lua:100]: Preload file at: file:///Users/florian/.dotfiles/.config/nvim/lazy/mason.nvim/lua/mason-core/installer/compiler/compilers/generic/download.lua , size = 1.589 KB
[20:16:40.421][info] [#0:script/workspace/loading.lua:100]: Preload file at: file:///Users/florian/.dotfiles/.config/nvim/lazy/mason.nvim/lua/mason-core/installer/compiler/compilers/generic/init.lua , size = 1.392 KB
[20:16:40.422][info] [#0:script/workspace/loading.lua:100]: Preload file at: file:///Users/florian/.dotfiles/.config/nvim/lazy/mason.nvim/lua/mason-core/installer/compiler/compilers/gem.lua , size = 0.938 KB
[20:16:40.422][info] [#0:script/workspace/loading.lua:100]: Preload file at: file:///Users/florian/.dotfiles/.config/nvim/lazy/mason.nvim/lua/mason-core/installer/compiler/compilers/generic/build.lua , size = 1.244 KB
[20:16:40.422][info] [#0:script/workspace/loading.lua:100]: Preload file at: file:///Users/florian/.dotfiles/.config/nvim/lazy/mason.nvim/lua/mason-core/installer/compiler/compilers/openvsx.lua , size = 2.032 KB
[20:16:40.423][info] [#0:script/workspace/loading.lua:100]: Preload file at: file:///Users/florian/.dotfiles/.config/nvim/lazy/mason.nvim/lua/mason-core/installer/compiler/compilers/mason.lua , size = 1.095 KB
[20:16:40.423][info] [#0:script/workspace/loading.lua:100]: Preload file at: file:///Users/florian/.dotfiles/.config/nvim/lazy/mason.nvim/lua/mason-core/functional/init.lua , size = 4.172 KB
[20:16:40.424][info] [#0:script/workspace/loading.lua:100]: Preload file at: file:///Users/florian/.dotfiles/.config/nvim/lazy/mason.nvim/lua/mason-core/functional/relation.lua , size = 0.957 KB
[20:16:40.425][info] [#0:script/workspace/loading.lua:100]: Preload file at: file:///Users/florian/.dotfiles/.config/nvim/lazy/mason.nvim/lua/mason-core/functional/type.lua , size = 0.310 KB
[20:16:40.425][info] [#0:script/workspace/loading.lua:100]: Preload file at: file:///Users/florian/.dotfiles/.config/nvim/lazy/mason.nvim/lua/mason-core/functional/number.lua , size = 0.618 KB
[20:16:40.425][info] [#0:script/workspace/loading.lua:100]: Preload file at: file:///Users/florian/.dotfiles/.config/nvim/lazy/mason.nvim/lua/mason-core/functional/function.lua , size = 3.153 KB
[20:16:40.426][info] [#0:script/workspace/loading.lua:100]: Preload file at: file:///Users/florian/.dotfiles/.config/nvim/lazy/mason.nvim/lua/mason-core/functional/data.lua , size = 0.495 KB
[20:16:40.427][info] [#0:script/workspace/loading.lua:100]: Preload file at: file:///Users/florian/.dotfiles/.config/nvim/lazy/mason.nvim/lua/mason-core/functional/list.lua , size = 6.728 KB
[20:16:40.429][info] [#0:script/workspace/loading.lua:100]: Preload file at: file:///Users/florian/.dotfiles/.config/nvim/lazy/mason.nvim/lua/mason-core/functional/logic.lua , size = 1.873 KB
[20:16:40.430][info] [#0:script/workspace/loading.lua:100]: Preload file at: file:///Users/florian/.dotfiles/.config/nvim/lazy/mason.nvim/lua/mason-core/functional/string.lua , size = 3.386 KB
[20:16:40.431][info] [#0:script/workspace/loading.lua:100]: Preload file at: file:///Users/florian/.dotfiles/.config/nvim/lazy/mason.nvim/lua/mason-core/semver.lua , size = 0.370 KB
[20:16:40.431][info] [#0:script/workspace/loading.lua:100]: Preload file at: file:///Users/florian/.dotfiles/.config/nvim/lazy/mason.nvim/lua/mason-core/functional/table.lua , size = 2.533 KB
[20:16:40.432][info] [#0:script/workspace/loading.lua:100]: Preload file at: file:///Users/florian/.dotfiles/.config/nvim/lazy/mason.nvim/lua/mason-core/EventEmitter.lua , size = 2.331 KB
[20:16:40.433][info] [#0:script/workspace/loading.lua:100]: Preload file at: file:///Users/florian/.dotfiles/.config/nvim/lazy/mason.nvim/lua/mason-core/package/init.lua , size = 5.682 KB
[20:16:40.435][info] [#0:script/workspace/loading.lua:100]: Preload file at: file:///Users/florian/.dotfiles/.config/nvim/lazy/mason.nvim/lua/mason-core/process.lua , size = 7.525 KB
[20:16:40.436][info] [#0:script/workspace/loading.lua:100]: Preload file at: file:///Users/florian/.dotfiles/.config/nvim/lazy/mason.nvim/lua/mason-core/package/AbstractPackage.lua , size = 7.210 KB
[20:16:40.438][info] [#0:script/workspace/loading.lua:100]: Preload file at: file:///Users/florian/.dotfiles/.config/nvim/lazy/project-cli-commands.nvim/lua/telescope/_extensions/project_cli_commands.lua , size = 0.170 KB
[20:16:40.438][info] [#0:script/workspace/loading.lua:100]: Preload file at: file:///Users/florian/.dotfiles/.config/nvim/lazy/project-cli-commands.nvim/lua/project_cli_commands/open_actions.lua , size = 2.267 KB
[20:16:40.439][info] [#0:script/workspace/loading.lua:100]: Preload file at: file:///Users/florian/.dotfiles/.config/nvim/lazy/project-cli-commands.nvim/lua/project_cli_commands/actions.lua , size = 1.202 KB
[20:16:40.439][info] [#0:script/workspace/loading.lua:100]: Preload file at: file:///Users/florian/.dotfiles/.config/nvim/lazy/project-cli-commands.nvim/lua/project_cli_commands/init.lua , size = 6.768 KB
[20:16:40.441][info] [#0:script/workspace/loading.lua:100]: Preload file at: file:///Users/florian/.dotfiles/.config/nvim/lazy/project-cli-commands.nvim/lua/project_cli_commands/str_utils.lua , size = 0.298 KB
[20:16:40.441][info] [#0:script/workspace/loading.lua:100]: Preload file at: file:///Users/florian/.dotfiles/.config/nvim/lazy/project-cli-commands.nvim/lua/project_cli_commands/file.lua , size = 1.896 KB
[20:16:40.442][info] [#0:script/workspace/loading.lua:100]: Preload file at: file:///Users/florian/.dotfiles/.config/nvim/lazy/project-cli-commands.nvim/lua/project_cli_commands/term_utils.lua , size = 1.183 KB
[20:16:40.442][info] [#0:script/workspace/loading.lua:100]: Preload file at: file:///Users/florian/.dotfiles/.config/nvim/lazy/telescope.nvim/ftplugin/TelescopeResults.lua , size = 0.139 KB
[20:16:40.442][info] [#0:script/workspace/loading.lua:100]: Preload file at: file:///Users/florian/.dotfiles/.config/nvim/lazy/telescope.nvim/ftplugin/TelescopePrompt.lua , size = 0.344 KB
[20:16:40.442][info] [#0:script/workspace/loading.lua:100]: Preload file at: file:///Users/florian/.dotfiles/.config/nvim/lazy/telescope.nvim/lua/telescope/testharness/init.lua , size = 2.910 KB
[20:16:40.443][info] [#0:script/workspace/loading.lua:100]: Preload file at: file:///Users/florian/.dotfiles/.config/nvim/lazy/telescope.nvim/lua/telescope/testharness/helpers.lua , size = 1.636 KB
[20:16:40.443][info] [#0:script/workspace/loading.lua:100]: Preload file at: file:///Users/florian/.dotfiles/.config/nvim/lazy/telescope.nvim/plugin/telescope.lua , size = 6.228 KB
[20:16:40.444][info] [#0:script/workspace/loading.lua:100]: Preload file at: file:///Users/florian/.dotfiles/.config/nvim/lazy/telescope.nvim/lua/telescope/testharness/runner.lua , size = 3.100 KB
[20:16:40.445][info] [#0:script/workspace/loading.lua:100]: Preload file at: file:///Users/florian/.dotfiles/.config/nvim/lazy/telescope.nvim/lua/telescope/entry_manager.lua , size = 4.259 KB
[20:16:40.446][info] [#0:script/workspace/loading.lua:100]: Preload file at: file:///Users/florian/.dotfiles/.config/nvim/lazy/telescope.nvim/lua/telescope/sorters.lua , size = 16.251 KB
[20:16:40.450][info] [#0:script/workspace/loading.lua:100]: Preload file at: file:///Users/florian/.dotfiles/.config/nvim/lazy/telescope.nvim/lua/telescope/init.lua , size = 7.562 KB
[20:16:40.451][info] [#0:script/workspace/loading.lua:100]: Preload file at: file:///Users/florian/.dotfiles/.config/nvim/lazy/telescope.nvim/lua/telescope/themes.lua , size = 3.802 KB
[20:16:40.451][info] [#0:script/workspace/loading.lua:100]: Preload file at: file:///Users/florian/.dotfiles/.config/nvim/lazy/telescope.nvim/lua/telescope/finders.lua , size = 5.570 KB
[20:16:40.452][info] [#0:script/workspace/loading.lua:100]: Preload file at: file:///Users/florian/.dotfiles/.config/nvim/lazy/telescope.nvim/lua/telescope/health.lua , size = 3.321 KB
[20:16:40.453][info] [#0:script/workspace/loading.lua:100]: Preload file at: file:///Users/florian/.dotfiles/.config/nvim/lazy/telescope.nvim/lua/telescope/previewers/term_previewer.lua , size = 8.473 KB
[20:16:40.455][info] [#0:script/workspace/loading.lua:100]: Preload file at: file:///Users/florian/.dotfiles/.config/nvim/lazy/telescope.nvim/lua/telescope/previewers/previewer.lua , size = 2.459 KB
[20:16:40.456][info] [#0:script/workspace/loading.lua:100]: Preload file at: file:///Users/florian/.dotfiles/.config/nvim/lazy/telescope.nvim/lua/telescope/previewers/init.lua , size = 15.522 KB
[20:16:40.457][info] [#0:script/workspace/loading.lua:100]: Preload file at: file:///Users/florian/.dotfiles/.config/nvim/lazy/telescope.nvim/lua/telescope/previewers/utils.lua , size = 6.404 KB
[20:16:40.459][info] [#0:script/workspace/loading.lua:100]: Preload file at: file:///Users/florian/.dotfiles/.config/nvim/lazy/telescope.nvim/lua/telescope/config/resolve.lua , size = 8.454 KB
[20:16:40.460][info] [#0:script/workspace/loading.lua:100]: Preload file at: file:///Users/florian/.dotfiles/.config/nvim/lazy/telescope.nvim/lua/telescope/debounce.lua , size = 5.003 KB
[20:16:40.461][info] [#0:script/workspace/loading.lua:100]: Preload file at: file:///Users/florian/.dotfiles/.config/nvim/lazy/telescope.nvim/lua/telescope/_.lua , size = 6.649 KB
[20:16:40.463][info] [#0:script/workspace/loading.lua:100]: Preload file at: file:///Users/florian/.dotfiles/.config/nvim/lazy/telescope.nvim/lua/telescope/algos/linked_list.lua , size = 5.003 KB
[20:16:40.465][info] [#0:script/workspace/loading.lua:100]: Preload file at: file:///Users/florian/.dotfiles/.config/nvim/lazy/telescope.nvim/lua/telescope/algos/string_distance.lua , size = 0.910 KB
[20:16:40.465][info] [#0:script/workspace/loading.lua:100]: Preload file at: file:///Users/florian/.dotfiles/.config/nvim/lazy/telescope.nvim/lua/telescope/previewers/buffer_previewer.lua , size = 37.567 KB
[20:16:40.953][warn] [#0:script/files.lua:704]: Compile [file:///Users/florian/.dotfiles/.config/nvim/lazy/telescope.nvim/lua/telescope/previewers/buffer_previewer.lua] takes [0.422] sec, size [38.469] kb.
[20:16:40.955][info] [#0:script/workspace/loading.lua:100]: Preload file at: file:///Users/florian/.dotfiles/.config/nvim/lazy/telescope.nvim/lua/telescope/algos/fzy.lua , size = 4.909 KB
[20:16:40.956][info] [#0:script/workspace/loading.lua:100]: Preload file at: file:///Users/florian/.dotfiles/.config/nvim/lazy/telescope.nvim/lua/telescope/state.lua , size = 0.860 KB
[20:16:40.956][info] [#0:script/workspace/loading.lua:100]: Preload file at: file:///Users/florian/.dotfiles/.config/nvim/lazy/telescope.nvim/lua/telescope/finders/async_static_finder.lua , size = 0.885 KB
[20:16:40.957][info] [#0:script/workspace/loading.lua:100]: Preload file at: file:///Users/florian/.dotfiles/.config/nvim/lazy/telescope.nvim/lua/telescope/finders/async_job_finder.lua , size = 1.770 KB
[20:16:40.957][info] [#0:script/workspace/loading.lua:100]: Preload file at: file:///Users/florian/.dotfiles/.config/nvim/lazy/telescope.nvim/lua/telescope/finders/async_oneshot_finder.lua , size = 2.382 KB
[20:16:40.958][info] [#0:script/workspace/loading.lua:100]: Preload file at: file:///Users/florian/.dotfiles/.config/nvim/lazy/telescope.nvim/lua/telescope/_extensions/init.lua , size = 2.229 KB
[20:16:40.958][info] [#0:script/workspace/loading.lua:100]: Preload file at: file:///Users/florian/.dotfiles/.config/nvim/lazy/telescope.nvim/lua/telescope/config.lua , size = 29.784 KB
[20:16:40.961][info] [#0:script/workspace/loading.lua:100]: Preload file at: file:///Users/florian/.dotfiles/.config/nvim/lazy/telescope.nvim/lua/telescope/mappings.lua , size = 10.855 KB
[20:16:40.983][info] [#0:script/workspace/loading.lua:100]: Preload file at: file:///Users/florian/.dotfiles/.config/nvim/lazy/telescope.nvim/lua/telescope/operators.lua , size = 0.783 KB
[20:16:40.984][info] [#0:script/workspace/loading.lua:100]: Preload file at: file:///Users/florian/.dotfiles/.config/nvim/lazy/telescope.nvim/lua/telescope/pickers.lua , size = 56.600 KB
[20:16:40.997][info] [#0:script/workspace/loading.lua:100]: Preload file at: file:///Users/florian/.dotfiles/.config/nvim/lazy/telescope.nvim/lua/telescope/actions/init.lua , size = 54.345 KB
[20:16:41.007][info] [#0:script/workspace/loading.lua:100]: Preload file at: file:///Users/florian/.dotfiles/.config/nvim/lazy/telescope.nvim/lua/telescope/actions/mt.lua , size = 5.731 KB
[20:16:41.009][info] [#0:script/workspace/loading.lua:100]: Preload file at: file:///Users/florian/.dotfiles/.config/nvim/lazy/telescope.nvim/lua/telescope/actions/generate.lua , size = 5.041 KB
[20:16:41.009][info] [#0:script/workspace/loading.lua:100]: Preload file at: file:///Users/florian/.dotfiles/.config/nvim/lazy/telescope.nvim/lua/telescope/actions/state.lua , size = 1.551 KB
[20:16:41.010][info] [#0:script/workspace/loading.lua:100]: Preload file at: file:///Users/florian/.dotfiles/.config/nvim/lazy/telescope.nvim/lua/telescope/actions/set.lua , size = 10.696 KB
[20:16:41.012][info] [#0:script/workspace/loading.lua:100]: Preload file at: file:///Users/florian/.dotfiles/.config/nvim/lazy/telescope.nvim/lua/telescope/actions/layout.lua , size = 6.235 KB
[20:16:41.013][info] [#0:script/workspace/loading.lua:100]: Preload file at: file:///Users/florian/.dotfiles/.config/nvim/lazy/telescope.nvim/lua/telescope/actions/history.lua , size = 6.495 KB
[20:16:41.015][info] [#0:script/workspace/loading.lua:100]: Preload file at: file:///Users/florian/.dotfiles/.config/nvim/lazy/telescope.nvim/lua/telescope/actions/utils.lua , size = 5.322 KB
[20:16:41.016][info] [#0:script/workspace/loading.lua:100]: Preload file at: file:///Users/florian/.dotfiles/.config/nvim/lazy/telescope.nvim/lua/telescope/command.lua , size = 7.089 KB
[20:16:41.017][info] [#0:script/workspace/loading.lua:100]: Preload file at: file:///Users/florian/.dotfiles/.config/nvim/lazy/telescope.nvim/lua/telescope/pickers/entry_display.lua , size = 5.587 KB
[20:16:41.018][info] [#0:script/workspace/loading.lua:100]: Preload file at: file:///Users/florian/.dotfiles/.config/nvim/lazy/telescope.nvim/lua/telescope/pickers/layout.lua , size = 5.325 KB
[20:16:41.019][info] [#0:script/workspace/loading.lua:100]: Preload file at: file:///Users/florian/.dotfiles/.config/nvim/lazy/telescope.nvim/lua/telescope/pickers/multi.lua , size = 0.960 KB
[20:16:41.020][info] [#0:script/workspace/loading.lua:100]: Preload file at: file:///Users/florian/.dotfiles/.config/nvim/lazy/telescope.nvim/lua/telescope/pickers/window.lua , size = 1.193 KB
[20:16:41.020][info] [#0:script/workspace/loading.lua:100]: Preload file at: file:///Users/florian/.dotfiles/.config/nvim/lazy/telescope.nvim/lua/telescope/pickers/layout_strategies.lua , size = 37.393 KB
[20:16:41.026][info] [#0:script/workspace/loading.lua:100]: Preload file at: file:///Users/florian/.dotfiles/.config/nvim/lazy/telescope.nvim/lua/telescope/pickers/scroller.lua , size = 2.926 KB
[20:16:41.027][info] [#0:script/workspace/loading.lua:100]: Preload file at: file:///Users/florian/.dotfiles/.config/nvim/lazy/telescope.nvim/lua/telescope/pickers/highlights.lua , size = 3.763 KB
[20:16:41.028][info] [#0:script/workspace/loading.lua:100]: Preload file at: file:///Users/florian/.dotfiles/.config/nvim/lazy/telescope.nvim/lua/telescope/log.lua , size = 0.078 KB
[20:16:41.028][info] [#0:script/workspace/loading.lua:100]: Preload file at: file:///Users/florian/.dotfiles/.config/nvim/lazy/telescope.nvim/lua/telescope/utils.lua , size = 22.308 KB
[20:16:41.033][info] [#0:script/workspace/loading.lua:100]: Preload file at: file:///Users/florian/.dotfiles/.config/nvim/lazy/telescope.nvim/lua/telescope/from_entry.lua , size = 1.348 KB
[20:16:41.033][info] [#0:script/workspace/loading.lua:100]: Preload file at: file:///Users/florian/.dotfiles/.config/nvim/lazy/telescope.nvim/lua/telescope/builtin/init.lua , size = 35.345 KB
[20:16:41.038][info] [#0:script/workspace/loading.lua:100]: Preload file at: file:///Users/florian/.dotfiles/.config/nvim/lazy/telescope.nvim/lua/telescope/make_entry.lua , size = 36.068 KB
[20:16:41.046][info] [#0:script/workspace/loading.lua:100]: Preload file at: file:///Users/florian/.dotfiles/.config/nvim/lazy/telescope.nvim/lua/telescope/builtin/__files.lua , size = 18.448 KB
[20:16:41.050][info] [#0:script/workspace/loading.lua:100]: Preload file at: file:///Users/florian/.dotfiles/.config/nvim/lazy/telescope.nvim/lua/telescope/builtin/__internal.lua , size = 44.935 KB
[20:16:41.060][info] [#0:script/workspace/loading.lua:100]: Preload file at: file:///Users/florian/.dotfiles/.config/nvim/lazy/telescope.nvim/lua/telescope/builtin/__diagnostics.lua , size = 5.157 KB
[20:16:41.061][info] [#0:script/workspace/loading.lua:100]: Preload file at: file:///Users/florian/.dotfiles/.config/nvim/lazy/telescope.nvim/lua/telescope/builtin/__git.lua , size = 15.821 KB
[20:16:41.065][info] [#0:script/workspace/loading.lua:100]: Preload file at: file:///Users/florian/.dotfiles/.config/nvim/lazy/telescope.nvim/lua/telescope/builtin/__lsp.lua , size = 15.753 KB
[20:16:41.068][info] [#0:script/workspace/loading.lua:100]: Preload file at: file:///Users/florian/.dotfiles/.config/nvim/lazy/telescope.nvim/lua/tests/automated/action_spec.lua , size = 9.890 KB
[20:16:41.070][info] [#0:script/workspace/loading.lua:100]: Preload file at: file:///Users/florian/.dotfiles/.config/nvim/lazy/telescope.nvim/lua/tests/automated/entry_display_spec.lua , size = 1.850 KB
[20:16:41.070][info] [#0:script/workspace/loading.lua:100]: Preload file at: file:///Users/florian/.dotfiles/.config/nvim/lazy/telescope.nvim/lua/tests/automated/linked_list_spec.lua , size = 2.893 KB
[20:16:41.071][info] [#0:script/workspace/loading.lua:100]: Preload file at: file:///Users/florian/.dotfiles/.config/nvim/lazy/telescope.nvim/lua/tests/automated/entry_manager_spec.lua , size = 5.007 KB
[20:16:41.072][info] [#0:script/workspace/loading.lua:100]: Preload file at: file:///Users/florian/.dotfiles/.config/nvim/lazy/telescope.nvim/lua/tests/automated/telescope_spec.lua , size = 7.896 KB
[20:16:41.074][info] [#0:script/workspace/loading.lua:100]: Preload file at: file:///Users/florian/.dotfiles/.config/nvim/lazy/telescope.nvim/lua/tests/automated/command_spec.lua , size = 3.155 KB
[20:16:41.074][info] [#0:script/workspace/loading.lua:100]: Preload file at: file:///Users/florian/.dotfiles/.config/nvim/lazy/telescope.nvim/lua/tests/automated/pickers/find_files_spec.lua , size = 3.845 KB
[20:16:41.075][info] [#0:script/workspace/loading.lua:100]: Preload file at: file:///Users/florian/.dotfiles/.config/nvim/lazy/telescope.nvim/lua/tests/automated/pickers/live_grep_spec.lua , size = 1.212 KB
[20:16:41.075][info] [#0:script/workspace/loading.lua:100]: Preload file at: file:///Users/florian/.dotfiles/.config/nvim/lazy/telescope.nvim/lua/tests/automated/scroller_spec.lua , size = 4.629 KB
[20:16:41.076][info] [#0:script/workspace/loading.lua:100]: Preload file at: file:///Users/florian/.dotfiles/.config/nvim/lazy/telescope.nvim/lua/tests/automated/utils_spec.lua , size = 11.370 KB
[20:16:41.078][info] [#0:script/workspace/loading.lua:100]: Preload file at: file:///Users/florian/.dotfiles/.config/nvim/lazy/telescope.nvim/lua/tests/automated/layout_strategies_spec.lua , size = 3.916 KB
[20:16:41.079][info] [#0:script/workspace/loading.lua:100]: Preload file at: file:///Users/florian/.dotfiles/.config/nvim/lazy/telescope.nvim/lua/tests/automated/sorters_spec.lua , size = 2.583 KB
[20:16:41.079][info] [#0:script/workspace/loading.lua:100]: Preload file at: file:///Users/florian/.dotfiles/.config/nvim/lazy/telescope.nvim/lua/tests/pickers/find_files__readme.lua , size = 0.211 KB
[20:16:41.080][info] [#0:script/workspace/loading.lua:100]: Preload file at: file:///Users/florian/.dotfiles/.config/nvim/lazy/telescope.nvim/lua/tests/pickers/find_files__scrolling_descending_cycle.lua , size = 0.352 KB
[20:16:41.080][info] [#0:script/workspace/loading.lua:100]: Preload file at: file:///Users/florian/.dotfiles/.config/nvim/lazy/telescope.nvim/lua/tests/automated/resolver_spec.lua , size = 7.146 KB
[20:16:41.081][info] [#0:script/workspace/loading.lua:100]: Preload file at: file:///Users/florian/.dotfiles/.config/nvim/lazy/telescope.nvim/lua/tests/helpers.lua , size = 2.022 KB
[20:16:41.082][info] [#0:script/workspace/loading.lua:100]: Preload file at: file:///Users/florian/.dotfiles/.config/nvim/lazy/telescope.nvim/scripts/gendocs.lua , size = 1.347 KB
[20:16:41.082][info] [#0:script/workspace/loading.lua:100]: Preload file at: file:///Users/florian/.dotfiles/.config/nvim/lazy/indent-blankline.nvim/specs/spec.lua , size = 0.267 KB
[20:16:41.083][info] [#0:script/workspace/loading.lua:100]: Preload file at: file:///Users/florian/.dotfiles/.config/nvim/lazy/indent-blankline.nvim/specs/features/hooks_spec.lua , size = 2.354 KB
[20:16:41.083][info] [#0:script/workspace/loading.lua:100]: Preload file at: file:///Users/florian/.dotfiles/.config/nvim/lazy/indent-blankline.nvim/specs/features/config_spec.lua , size = 5.009 KB
[20:16:41.084][info] [#0:script/workspace/loading.lua:100]: Preload file at: file:///Users/florian/.dotfiles/.config/nvim/lazy/indent-blankline.nvim/specs/features/utils_spec.lua , size = 3.938 KB
[20:16:41.085][info] [#0:script/workspace/loading.lua:100]: Preload file at: file:///Users/florian/.dotfiles/.config/nvim/lazy/indent-blankline.nvim/specs/features/virt_text_spec.lua , size = 23.480 KB
[20:16:41.089][info] [#0:script/workspace/loading.lua:100]: Preload file at: file:///Users/florian/.dotfiles/.config/nvim/lazy/indent-blankline.nvim/lua/ibl/hooks.lua , size = 9.536 KB
[20:16:41.091][info] [#0:script/workspace/loading.lua:100]: Preload file at: file:///Users/florian/.dotfiles/.config/nvim/lazy/indent-blankline.nvim/lua/ibl/init.lua , size = 17.307 KB
[20:16:41.094][info] [#0:script/workspace/loading.lua:100]: Preload file at: file:///Users/florian/.dotfiles/.config/nvim/lazy/indent-blankline.nvim/specs/features/indent_spec.lua , size = 4.069 KB
[20:16:41.095][info] [#0:script/workspace/loading.lua:100]: Preload file at: file:///Users/florian/.dotfiles/.config/nvim/lazy/indent-blankline.nvim/lua/ibl/autocmds.lua , size = 1.694 KB
[20:16:41.095][info] [#0:script/workspace/loading.lua:100]: Preload file at: file:///Users/florian/.dotfiles/.config/nvim/lazy/indent-blankline.nvim/lua/ibl/inlay_hints.lua , size = 2.822 KB
[20:16:41.096][info] [#0:script/workspace/loading.lua:100]: Preload file at: file:///Users/florian/.dotfiles/.config/nvim/lazy/indent-blankline.nvim/lua/ibl/indent.lua , size = 4.078 KB
[20:16:41.097][info] [#0:script/workspace/loading.lua:100]: Preload file at: file:///Users/florian/.dotfiles/.config/nvim/lazy/indent-blankline.nvim/lua/ibl/scope.lua , size = 2.605 KB
[20:16:41.098][info] [#0:script/workspace/loading.lua:100]: Preload file at: file:///Users/florian/.dotfiles/.config/nvim/lazy/indent-blankline.nvim/lua/ibl/virt_text.lua , size = 4.368 KB
[20:16:41.099][info] [#0:script/workspace/loading.lua:100]: Preload file at: file:///Users/florian/.dotfiles/.config/nvim/lazy/indent-blankline.nvim/lua/ibl/scope_languages.lua , size = 16.354 KB
[20:16:41.101][info] [#0:script/workspace/loading.lua:100]: Preload file at: file:///Users/florian/.dotfiles/.config/nvim/lazy/indent-blankline.nvim/lua/ibl/utils.lua , size = 14.721 KB
[20:16:41.104][info] [#0:script/workspace/loading.lua:100]: Preload file at: file:///Users/florian/.dotfiles/.config/nvim/lazy/indent-blankline.nvim/lua/ibl/config.lua , size = 10.410 KB
[20:16:41.106][info] [#0:script/workspace/loading.lua:100]: Preload file at: file:///Users/florian/.dotfiles/.config/nvim/lazy/indent-blankline.nvim/lua/ibl/highlights.lua , size = 3.210 KB
[20:16:41.107][info] [#0:script/workspace/loading.lua:100]: Preload file at: file:///Users/florian/.dotfiles/.config/nvim/lazy/indent-blankline.nvim/lua/indent_blankline.lua , size = 0.322 KB
[20:16:41.107][info] [#0:script/workspace/loading.lua:100]: Preload file at: file:///Users/florian/.dotfiles/.config/nvim/lazy/indent-blankline.nvim/lua/ibl/config.types.lua , size = 8.953 KB
[20:16:41.109][info] [#0:script/workspace/loading.lua:100]: Preload file at: file:///Users/florian/.dotfiles/.config/nvim/lazy/indent-blankline.nvim/after/ftplugin/cpp.lua , size = 0.118 KB
[20:16:41.109][info] [#0:script/workspace/loading.lua:100]: Preload file at: file:///Users/florian/.dotfiles/.config/nvim/lazy/indent-blankline.nvim/after/plugin/commands.lua , size = 1.271 KB
[20:16:41.109][info] [#0:script/workspace/loading.lua:100]: Preload file at: file:///Users/florian/.dotfiles/.config/nvim/lazy/indent-blankline.nvim/after/ftplugin/c.lua , size = 0.118 KB
[20:16:41.109][info] [#0:script/workspace/loading.lua:100]: Preload file at: file:///Users/florian/.dotfiles/.config/nvim/lazy/blink.cmp/repro.lua , size = 1.053 KB
[20:16:41.110][info] [#0:script/workspace/loading.lua:100]: Preload file at: file:///Users/florian/.dotfiles/.config/nvim/lazy/blink.cmp/plugin/blink-cmp.lua , size = 0.728 KB
[20:16:41.110][info] [#0:script/workspace/loading.lua:100]: Preload file at: file:///Users/florian/.dotfiles/.config/nvim/lazy/blink.cmp/lua/blink/cmp/init.lua , size = 14.354 KB
[20:16:41.113][info] [#0:script/workspace/loading.lua:100]: Preload file at: file:///Users/florian/.dotfiles/.config/nvim/lazy/blink.cmp/lua/blink/cmp/signature/init.lua , size = 0.841 KB
[20:16:41.113][info] [#0:script/workspace/loading.lua:100]: Preload file at: file:///Users/florian/.dotfiles/.config/nvim/lazy/blink.cmp/lua/blink/cmp/signature/trigger.lua , size = 6.493 KB
[20:16:41.114][info] [#0:script/workspace/loading.lua:100]: Preload file at: file:///Users/florian/.dotfiles/.config/nvim/lazy/blink.cmp/lua/blink/cmp/signature/list.lua , size = 0.036 KB
[20:16:41.114][info] [#0:script/workspace/loading.lua:100]: Preload file at: file:///Users/florian/.dotfiles/.config/nvim/lazy/blink.cmp/lua/blink/cmp/signature/window.lua , size = 5.860 KB
[20:16:41.116][info] [#0:script/workspace/loading.lua:100]: Preload file at: file:///Users/florian/.dotfiles/.config/nvim/lazy/blink.cmp/lua/blink/cmp/health.lua , size = 2.735 KB
[20:16:41.116][info] [#0:script/workspace/loading.lua:100]: Preload file at: file:///Users/florian/.dotfiles/.config/nvim/lazy/blink.cmp/lua/blink/cmp/config/types_partial.lua , size = 5.022 KB
[20:16:41.117][info] [#0:script/workspace/loading.lua:100]: Preload file at: file:///Users/florian/.dotfiles/.config/nvim/lazy/blink.cmp/lua/blink/cmp/config/shared.lua , size = 0.266 KB
[20:16:41.117][info] [#0:script/workspace/loading.lua:100]: Preload file at: file:///Users/florian/.dotfiles/.config/nvim/lazy/blink.cmp/lua/blink/cmp/config/snippets.lua , size = 3.802 KB
[20:16:41.118][info] [#0:script/workspace/loading.lua:100]: Preload file at: file:///Users/florian/.dotfiles/.config/nvim/lazy/blink.cmp/lua/blink/cmp/config/fuzzy.lua , size = 7.192 KB
[20:16:41.119][info] [#0:script/workspace/loading.lua:100]: Preload file at: file:///Users/florian/.dotfiles/.config/nvim/lazy/blink.cmp/lua/blink/cmp/config/init.lua , size = 5.425 KB
[20:16:41.120][info] [#0:script/workspace/loading.lua:100]: Preload file at: file:///Users/florian/.dotfiles/.config/nvim/lazy/blink.cmp/lua/blink/cmp/config/modes/cmdline.lua , size = 0.697 KB
[20:16:41.121][info] [#0:script/workspace/loading.lua:100]: Preload file at: file:///Users/florian/.dotfiles/.config/nvim/lazy/blink.cmp/lua/blink/cmp/config/modes/term.lua , size = 0.562 KB
[20:16:41.121][info] [#0:script/workspace/loading.lua:100]: Preload file at: file:///Users/florian/.dotfiles/.config/nvim/lazy/blink.cmp/lua/blink/cmp/config/sources.lua , size = 6.360 KB
[20:16:41.122][info] [#0:script/workspace/loading.lua:100]: Preload file at: file:///Users/florian/.dotfiles/.config/nvim/lazy/blink.cmp/lua/blink/cmp/config/modes/types.lua , size = 4.793 KB
[20:16:41.123][info] [#0:script/workspace/loading.lua:100]: Preload file at: file:///Users/florian/.dotfiles/.config/nvim/lazy/blink.cmp/lua/blink/cmp/config/completion/keyword.lua , size = 0.964 KB
[20:16:41.123][info] [#0:script/workspace/loading.lua:100]: Preload file at: file:///Users/florian/.dotfiles/.config/nvim/lazy/blink.cmp/lua/blink/cmp/config/completion/init.lua , size = 1.899 KB
[20:16:41.124][info] [#0:script/workspace/loading.lua:100]: Preload file at: file:///Users/florian/.dotfiles/.config/nvim/lazy/blink.cmp/lua/blink/cmp/config/completion/documentation.lua , size = 4.770 KB
[20:16:41.125][info] [#0:script/workspace/loading.lua:100]: Preload file at: file:///Users/florian/.dotfiles/.config/nvim/lazy/blink.cmp/lua/blink/cmp/config/keymap.lua , size = 9.793 KB
[20:16:41.126][info] [#0:script/workspace/loading.lua:100]: Preload file at: file:///Users/florian/.dotfiles/.config/nvim/lazy/blink.cmp/lua/blink/cmp/config/completion/trigger.lua , size = 4.021 KB
[20:16:41.126][info] [#0:script/workspace/loading.lua:100]: Preload file at: file:///Users/florian/.dotfiles/.config/nvim/lazy/blink.cmp/lua/blink/cmp/config/completion/list.lua , size = 2.241 KB
[20:16:41.127][info] [#0:script/workspace/loading.lua:100]: Preload file at: file:///Users/florian/.dotfiles/.config/nvim/lazy/blink.cmp/lua/blink/cmp/config/completion/ghost_text.lua , size = 1.241 KB
[20:16:41.127][info] [#0:script/workspace/loading.lua:100]: Preload file at: file:///Users/florian/.dotfiles/.config/nvim/lazy/blink.cmp/lua/blink/cmp/config/completion/accept.lua , size = 3.794 KB
[20:16:41.128][info] [#0:script/workspace/loading.lua:100]: Preload file at: file:///Users/florian/.dotfiles/.config/nvim/lazy/blink.cmp/lua/blink/cmp/config/completion/menu.lua , size = 9.766 KB
[20:16:41.129][info] [#0:script/workspace/loading.lua:100]: Preload file at: file:///Users/florian/.dotfiles/.config/nvim/lazy/blink.cmp/lua/blink/cmp/config/utils.lua , size = 2.177 KB
[20:16:41.130][info] [#0:script/workspace/loading.lua:100]: Preload file at: file:///Users/florian/.dotfiles/.config/nvim/lazy/blink.cmp/lua/blink/cmp/config/appearance.lua , size = 1.683 KB
[20:16:41.130][info] [#0:script/workspace/loading.lua:100]: Preload file at: file:///Users/florian/.dotfiles/.config/nvim/lazy/blink.cmp/lua/blink/cmp/config/signature.lua , size = 4.813 KB
[20:16:41.131][info] [#0:script/workspace/loading.lua:100]: Preload file at: file:///Users/florian/.dotfiles/.config/nvim/lazy/blink.cmp/lua/blink/cmp/fuzzy/init.lua , size = 6.137 KB
[20:16:41.133][info] [#0:script/workspace/loading.lua:100]: Preload file at: file:///Users/florian/.dotfiles/.config/nvim/lazy/blink.cmp/lua/blink/cmp/fuzzy/rust/init.lua , size = 0.630 KB
[20:16:41.133][info] [#0:script/workspace/loading.lua:100]: Preload file at: file:///Users/florian/.dotfiles/.config/nvim/lazy/blink.cmp/lua/blink/cmp/fuzzy/lua/match_indices.lua , size = 1.603 KB
[20:16:41.133][info] [#0:script/workspace/loading.lua:100]: Preload file at: file:///Users/florian/.dotfiles/.config/nvim/lazy/blink.cmp/lua/blink/cmp/fuzzy/lua/keyword.lua , size = 3.227 KB
[20:16:41.134][info] [#0:script/workspace/loading.lua:100]: Preload file at: file:///Users/florian/.dotfiles/.config/nvim/lazy/blink.cmp/lua/blink/cmp/fuzzy/lua/match.lua , size = 3.277 KB
[20:16:41.135][info] [#0:script/workspace/loading.lua:100]: Preload file at: file:///Users/florian/.dotfiles/.config/nvim/lazy/blink.cmp/lua/blink/cmp/fuzzy/lua/init.lua , size = 3.834 KB
[20:16:41.136][info] [#0:script/workspace/loading.lua:100]: Preload file at: file:///Users/florian/.dotfiles/.config/nvim/lazy/blink.cmp/lua/blink/cmp/fuzzy/lua/char.lua , size = 1.754 KB
[20:16:41.136][info] [#0:script/workspace/loading.lua:100]: Preload file at: file:///Users/florian/.dotfiles/.config/nvim/lazy/blink.cmp/lua/blink/cmp/fuzzy/download/git.lua , size = 1.916 KB
[20:16:41.137][info] [#0:script/workspace/loading.lua:100]: Preload file at: file:///Users/florian/.dotfiles/.config/nvim/lazy/blink.cmp/lua/blink/cmp/fuzzy/download/files.lua , size = 5.402 KB
[20:16:41.138][info] [#0:script/workspace/loading.lua:100]: Preload file at: file:///Users/florian/.dotfiles/.config/nvim/lazy/blink.cmp/lua/blink/cmp/fuzzy/download/system.lua , size = 3.784 KB
[20:16:41.139][info] [#0:script/workspace/loading.lua:100]: Preload file at: file:///Users/florian/.dotfiles/.config/nvim/lazy/blink.cmp/lua/blink/cmp/fuzzy/sort.lua , size = 2.131 KB
[20:16:41.140][info] [#0:script/workspace/loading.lua:100]: Preload file at: file:///Users/florian/.dotfiles/.config/nvim/lazy/blink.cmp/lua/blink/cmp/fuzzy/types.lua , size = 1.081 KB
[20:16:41.140][info] [#0:script/workspace/loading.lua:100]: Preload file at: file:///Users/florian/.dotfiles/.config/nvim/lazy/blink.cmp/lua/blink/cmp/fuzzy/build/init.lua , size = 3.357 KB
[20:16:41.141][info] [#0:script/workspace/loading.lua:100]: Preload file at: file:///Users/florian/.dotfiles/.config/nvim/lazy/blink.cmp/lua/blink/cmp/fuzzy/build/log.lua , size = 0.679 KB
[20:16:41.142][info] [#0:script/workspace/loading.lua:100]: Preload file at: file:///Users/florian/.dotfiles/.config/nvim/lazy/blink.cmp/lua/blink/cmp/fuzzy/download/init.lua , size = 10.458 KB
[20:16:41.143][info] [#0:script/workspace/loading.lua:100]: Preload file at: file:///Users/florian/.dotfiles/.config/nvim/lazy/blink.cmp/lua/blink/cmp/completion/init.lua , size = 3.664 KB
[20:16:41.144][info] [#0:script/workspace/loading.lua:100]: Preload file at: file:///Users/florian/.dotfiles/.config/nvim/lazy/blink.cmp/lua/blink/cmp/completion/prefetch.lua , size = 0.789 KB
[20:16:41.144][info] [#0:script/workspace/loading.lua:100]: Preload file at: file:///Users/florian/.dotfiles/.config/nvim/lazy/blink.cmp/lua/blink/cmp/completion/accept/init.lua , size = 4.932 KB
[20:16:41.145][info] [#0:script/workspace/loading.lua:100]: Preload file at: file:///Users/florian/.dotfiles/.config/nvim/lazy/blink.cmp/lua/blink/cmp/completion/accept/preview.lua , size = 1.550 KB
[20:16:41.146][info] [#0:script/workspace/loading.lua:100]: Preload file at: file:///Users/florian/.dotfiles/.config/nvim/lazy/blink.cmp/lua/blink/cmp/completion/accept/prefix.lua , size = 1.905 KB
[20:16:41.146][info] [#0:script/workspace/loading.lua:100]: Preload file at: file:///Users/florian/.dotfiles/.config/nvim/lazy/blink.cmp/lua/blink/cmp/completion/trigger/init.lua , size = 11.867 KB
[20:16:41.148][info] [#0:script/workspace/loading.lua:100]: Preload file at: file:///Users/florian/.dotfiles/.config/nvim/lazy/blink.cmp/lua/blink/cmp/completion/trigger/context.lua , size = 7.973 KB
[20:16:41.150][info] [#0:script/workspace/loading.lua:100]: Preload file at: file:///Users/florian/.dotfiles/.config/nvim/lazy/blink.cmp/lua/blink/cmp/completion/windows/documentation.lua , size = 7.383 KB
[20:16:41.151][info] [#0:script/workspace/loading.lua:100]: Preload file at: file:///Users/florian/.dotfiles/.config/nvim/lazy/blink.cmp/lua/blink/cmp/completion/windows/render/init.lua , size = 5.902 KB
[20:16:41.153][info] [#0:script/workspace/loading.lua:100]: Preload file at: file:///Users/florian/.dotfiles/.config/nvim/lazy/blink.cmp/lua/blink/cmp/completion/list.lua , size = 13.500 KB
[20:16:41.155][info] [#0:script/workspace/loading.lua:100]: Preload file at: file:///Users/florian/.dotfiles/.config/nvim/lazy/blink.cmp/lua/blink/cmp/completion/windows/render/context.lua , size = 3.046 KB
[20:16:41.156][info] [#0:script/workspace/loading.lua:100]: Preload file at: file:///Users/florian/.dotfiles/.config/nvim/lazy/blink.cmp/lua/blink/cmp/completion/windows/render/types.lua , size = 1.732 KB
[20:16:41.157][info] [#0:script/workspace/loading.lua:100]: Preload file at: file:///Users/florian/.dotfiles/.config/nvim/lazy/blink.cmp/lua/blink/cmp/completion/windows/render/column.lua , size = 4.252 KB
[20:16:41.158][info] [#0:script/workspace/loading.lua:100]: Preload file at: file:///Users/florian/.dotfiles/.config/nvim/lazy/blink.cmp/lua/blink/cmp/completion/windows/render/treesitter.lua , size = 1.750 KB
[20:16:41.158][info] [#0:script/workspace/loading.lua:100]: Preload file at: file:///Users/florian/.dotfiles/.config/nvim/lazy/blink.cmp/lua/blink/cmp/completion/windows/render/text.lua , size = 2.765 KB
[20:16:41.159][info] [#0:script/workspace/loading.lua:100]: Preload file at: file:///Users/florian/.dotfiles/.config/nvim/lazy/blink.cmp/lua/blink/cmp/completion/windows/menu.lua , size = 7.751 KB
[20:16:41.161][info] [#0:script/workspace/loading.lua:100]: Preload file at: file:///Users/florian/.dotfiles/.config/nvim/lazy/blink.cmp/lua/blink/cmp/completion/windows/ghost_text/utils.lua , size = 1.171 KB
[20:16:41.161][info] [#0:script/workspace/loading.lua:100]: Preload file at: file:///Users/florian/.dotfiles/.config/nvim/lazy/blink.cmp/lua/blink/cmp/completion/windows/ghost_text/init.lua , size = 5.268 KB
[20:16:41.162][info] [#0:script/workspace/loading.lua:100]: Preload file at: file:///Users/florian/.dotfiles/.config/nvim/lazy/blink.cmp/lua/blink/cmp/completion/brackets/init.lua , size = 0.196 KB
[20:16:41.162][info] [#0:script/workspace/loading.lua:100]: Preload file at: file:///Users/florian/.dotfiles/.config/nvim/lazy/blink.cmp/lua/blink/cmp/completion/brackets/kind.lua , size = 2.497 KB
[20:16:41.163][info] [#0:script/workspace/loading.lua:100]: Preload file at: file:///Users/florian/.dotfiles/.config/nvim/lazy/blink.cmp/lua/blink/cmp/completion/brackets/semantic.lua , size = 4.210 KB
[20:16:41.164][info] [#0:script/workspace/loading.lua:100]: Preload file at: file:///Users/florian/.dotfiles/.config/nvim/lazy/blink.cmp/lua/blink/cmp/completion/brackets/config.lua , size = 2.014 KB
[20:16:41.164][info] [#0:script/workspace/loading.lua:100]: Preload file at: file:///Users/florian/.dotfiles/.config/nvim/lazy/blink.cmp/lua/blink/cmp/completion/brackets/utils.lua , size = 2.516 KB
[20:16:41.165][info] [#0:script/workspace/loading.lua:100]: Preload file at: file:///Users/florian/.dotfiles/.config/nvim/lazy/blink.cmp/lua/blink/cmp/keymap/init.lua , size = 3.832 KB
[20:16:41.166][info] [#0:script/workspace/loading.lua:100]: Preload file at: file:///Users/florian/.dotfiles/.config/nvim/lazy/blink.cmp/lua/blink/cmp/keymap/apply.lua , size = 5.507 KB
[20:16:41.167][info] [#0:script/workspace/loading.lua:100]: Preload file at: file:///Users/florian/.dotfiles/.config/nvim/lazy/blink.cmp/lua/blink/cmp/keymap/presets.lua , size = 3.136 KB
[20:16:41.168][info] [#0:script/workspace/loading.lua:100]: Preload file at: file:///Users/florian/.dotfiles/.config/nvim/lazy/blink.cmp/lua/blink/cmp/keymap/fallback.lua , size = 3.590 KB
[20:16:41.168][info] [#0:script/workspace/loading.lua:100]: Preload file at: file:///Users/florian/.dotfiles/.config/nvim/lazy/blink.cmp/lua/blink/cmp/lib/buffer_events.lua , size = 8.416 KB
[20:16:41.170][info] [#0:script/workspace/loading.lua:100]: Preload file at: file:///Users/florian/.dotfiles/.config/nvim/lazy/blink.cmp/lua/blink/cmp/lib/async.lua , size = 8.064 KB
[20:16:41.172][info] [#0:script/workspace/loading.lua:100]: Preload file at: file:///Users/florian/.dotfiles/.config/nvim/lazy/blink.cmp/lua/blink/cmp/lib/text_edits.lua , size = 15.502 KB
[20:16:41.175][info] [#0:script/workspace/loading.lua:100]: Preload file at: file:///Users/florian/.dotfiles/.config/nvim/lazy/blink.cmp/lua/blink/cmp/lib/cmdline_events.lua , size = 5.083 KB
[20:16:41.176][info] [#0:script/workspace/loading.lua:100]: Preload file at: file:///Users/florian/.dotfiles/.config/nvim/lazy/blink.cmp/lua/blink/cmp/lib/term_events.lua , size = 4.376 KB
[20:16:41.177][info] [#0:script/workspace/loading.lua:100]: Preload file at: file:///Users/florian/.dotfiles/.config/nvim/lazy/blink.cmp/lua/blink/cmp/lib/window/docs.lua , size = 5.352 KB
[20:16:41.179][info] [#0:script/workspace/loading.lua:100]: Preload file at: file:///Users/florian/.dotfiles/.config/nvim/lazy/blink.cmp/lua/blink/cmp/lib/window/utils.lua , size = 0.636 KB
[20:16:41.179][info] [#0:script/workspace/loading.lua:100]: Preload file at: file:///Users/florian/.dotfiles/.config/nvim/lazy/blink.cmp/lua/blink/cmp/lib/window/init.lua , size = 18.145 KB
[20:16:41.183][info] [#0:script/workspace/loading.lua:100]: Preload file at: file:///Users/florian/.dotfiles/.config/nvim/lazy/blink.cmp/lua/blink/cmp/lib/window/scrollbar/init.lua , size = 1.304 KB
[20:16:41.184][info] [#0:script/workspace/loading.lua:100]: Preload file at: file:///Users/florian/.dotfiles/.config/nvim/lazy/blink.cmp/lua/blink/cmp/lib/window/scrollbar/win.lua , size = 3.876 KB
[20:16:41.185][info] [#0:script/workspace/loading.lua:100]: Preload file at: file:///Users/florian/.dotfiles/.config/nvim/lazy/blink.cmp/lua/blink/cmp/lib/window/scrollbar/geometry.lua , size = 3.206 KB
[20:16:41.186][info] [#0:script/workspace/loading.lua:100]: Preload file at: file:///Users/florian/.dotfiles/.config/nvim/lazy/blink.cmp/lua/blink/cmp/lib/window/cursor_line.lua , size = 2.258 KB
[20:16:41.186][info] [#0:script/workspace/loading.lua:100]: Preload file at: file:///Users/florian/.dotfiles/.config/nvim/lazy/blink.cmp/lua/blink/cmp/lib/event_emitter.lua , size = 1.554 KB
[20:16:41.187][info] [#0:script/workspace/loading.lua:100]: Preload file at: file:///Users/florian/.dotfiles/.config/nvim/lazy/blink.cmp/lua/blink/cmp/lib/utils.lua , size = 5.525 KB
[20:16:41.189][info] [#0:script/workspace/loading.lua:100]: Preload file at: file:///Users/florian/.dotfiles/.config/nvim/lazy/blink.cmp/lua/blink/cmp/sources/snippets/init.lua , size = 0.227 KB
[20:16:41.189][info] [#0:script/workspace/loading.lua:100]: Preload file at: file:///Users/florian/.dotfiles/.config/nvim/lazy/blink.cmp/lua/blink/cmp/sources/snippets/mini_snippets.lua , size = 4.812 KB
[20:16:41.190][info] [#0:script/workspace/loading.lua:100]: Preload file at: file:///Users/florian/.dotfiles/.config/nvim/lazy/blink.cmp/lua/blink/cmp/sources/snippets/default/init.lua , size = 2.188 KB
[20:16:41.191][info] [#0:script/workspace/loading.lua:100]: Preload file at: file:///Users/florian/.dotfiles/.config/nvim/lazy/blink.cmp/lua/blink/cmp/sources/snippets/default/builtin.lua , size = 6.456 KB
[20:16:41.193][info] [#0:script/workspace/loading.lua:100]: Preload file at: file:///Users/florian/.dotfiles/.config/nvim/lazy/blink.cmp/lua/blink/cmp/sources/snippets/default/registry.lua , size = 6.616 KB
[20:16:41.195][info] [#0:script/workspace/loading.lua:100]: Preload file at: file:///Users/florian/.dotfiles/.config/nvim/lazy/blink.cmp/lua/blink/cmp/sources/snippets/default/scan.lua , size = 2.604 KB
[20:16:41.195][info] [#0:script/workspace/loading.lua:100]: Preload file at: file:///Users/florian/.dotfiles/.config/nvim/lazy/blink.cmp/lua/blink/cmp/sources/snippets/vsnip.lua , size = 2.552 KB
[20:16:41.196][info] [#0:script/workspace/loading.lua:100]: Preload file at: file:///Users/florian/.dotfiles/.config/nvim/lazy/blink.cmp/lua/blink/cmp/sources/snippets/luasnip.lua , size = 7.680 KB
[20:16:41.198][info] [#0:script/workspace/loading.lua:100]: Preload file at: file:///Users/florian/.dotfiles/.config/nvim/lazy/blink.cmp/lua/blink/cmp/sources/snippets/utils.lua , size = 3.321 KB
[20:16:41.206][info] [#0:script/workspace/loading.lua:100]: Preload file at: file:///Users/florian/.dotfiles/.config/nvim/lazy/blink.cmp/lua/blink/cmp/sources/complete_func.lua , size = 4.655 KB
[20:16:41.207][info] [#0:script/workspace/loading.lua:100]: Preload file at: file:///Users/florian/.dotfiles/.config/nvim/lazy/blink.cmp/lua/blink/cmp/sources/path/regex.lua , size = 0.927 KB
[20:16:41.208][info] [#0:script/workspace/loading.lua:100]: Preload file at: file:///Users/florian/.dotfiles/.config/nvim/lazy/blink.cmp/lua/blink/cmp/sources/path/init.lua , size = 3.496 KB
[20:16:41.208][info] [#0:script/workspace/loading.lua:100]: Preload file at: file:///Users/florian/.dotfiles/.config/nvim/lazy/blink.cmp/lua/blink/cmp/sources/path/fs.lua , size = 1.568 KB
[20:16:41.209][info] [#0:script/workspace/loading.lua:100]: Preload file at: file:///Users/florian/.dotfiles/.config/nvim/lazy/blink.cmp/lua/blink/cmp/sources/path/lib.lua , size = 10.056 KB
[20:16:41.211][info] [#0:script/workspace/loading.lua:100]: Preload file at: file:///Users/florian/.dotfiles/.config/nvim/lazy/blink.cmp/lua/blink/cmp/sources/cmdline/constants.lua , size = 3.194 KB
[20:16:41.212][info] [#0:script/workspace/loading.lua:100]: Preload file at: file:///Users/florian/.dotfiles/.config/nvim/lazy/blink.cmp/lua/blink/cmp/sources/cmdline/init.lua , size = 13.776 KB
[20:16:41.214][info] [#0:script/workspace/loading.lua:100]: Preload file at: file:///Users/florian/.dotfiles/.config/nvim/lazy/blink.cmp/lua/blink/cmp/sources/cmdline/help.lua , size = 1.201 KB
[20:16:41.215][info] [#0:script/workspace/loading.lua:100]: Preload file at: file:///Users/florian/.dotfiles/.config/nvim/lazy/blink.cmp/lua/blink/cmp/sources/lsp/init.lua , size = 7.151 KB
[20:16:41.216][info] [#0:script/workspace/loading.lua:100]: Preload file at: file:///Users/florian/.dotfiles/.config/nvim/lazy/blink.cmp/lua/blink/cmp/sources/lsp/cache.lua , size = 0.894 KB
[20:16:41.217][info] [#0:script/workspace/loading.lua:100]: Preload file at: file:///Users/florian/.dotfiles/.config/nvim/lazy/blink.cmp/lua/blink/cmp/sources/cmdline/utils.lua , size = 4.130 KB
[20:16:41.218][info] [#0:script/workspace/loading.lua:100]: Preload file at: file:///Users/florian/.dotfiles/.config/nvim/lazy/blink.cmp/lua/blink/cmp/sources/lsp/hacks/emmet.lua , size = 0.295 KB
[20:16:41.218][info] [#0:script/workspace/loading.lua:100]: Preload file at: file:///Users/florian/.dotfiles/.config/nvim/lazy/blink.cmp/lua/blink/cmp/sources/lsp/hacks/lua_ls.lua , size = 0.520 KB
[20:16:41.218][info] [#0:script/workspace/loading.lua:100]: Preload file at: file:///Users/florian/.dotfiles/.config/nvim/lazy/blink.cmp/lua/blink/cmp/sources/lsp/hacks/tailwind.lua , size = 1.325 KB
[20:16:41.219][info] [#0:script/workspace/loading.lua:100]: Preload file at: file:///Users/florian/.dotfiles/.config/nvim/lazy/blink.cmp/lua/blink/cmp/sources/lsp/hacks/clangd.lua , size = 0.380 KB
[20:16:41.219][info] [#0:script/workspace/loading.lua:100]: Preload file at: file:///Users/florian/.dotfiles/.config/nvim/lazy/blink.cmp/lua/blink/cmp/sources/lsp/hacks/docs.lua , size = 2.761 KB
[20:16:41.219][info] [#0:script/workspace/loading.lua:100]: Preload file at: file:///Users/florian/.dotfiles/.config/nvim/lazy/blink.cmp/lua/blink/cmp/sources/lsp/commands.lua , size = 0.505 KB
[20:16:41.220][info] [#0:script/workspace/loading.lua:100]: Preload file at: file:///Users/florian/.dotfiles/.config/nvim/lazy/blink.cmp/lua/blink/cmp/sources/lsp/completion.lua , size = 4.207 KB
[20:16:41.220][info] [#0:script/workspace/loading.lua:100]: Preload file at: file:///Users/florian/.dotfiles/.config/nvim/lazy/blink.cmp/lua/blink/cmp/sources/lib/init.lua , size = 12.496 KB
[20:16:41.223][info] [#0:script/workspace/loading.lua:100]: Preload file at: file:///Users/florian/.dotfiles/.config/nvim/lazy/blink.cmp/lua/blink/cmp/sources/lib/provider/override.lua , size = 0.505 KB
[20:16:41.223][info] [#0:script/workspace/loading.lua:100]: Preload file at: file:///Users/florian/.dotfiles/.config/nvim/lazy/blink.cmp/lua/blink/cmp/sources/lib/provider/list.lua , size = 4.731 KB
[20:16:41.224][info] [#0:script/workspace/loading.lua:100]: Preload file at: file:///Users/florian/.dotfiles/.config/nvim/lazy/blink.cmp/lua/blink/cmp/sources/lib/provider/init.lua , size = 8.098 KB
[20:16:41.226][info] [#0:script/workspace/loading.lua:100]: Preload file at: file:///Users/florian/.dotfiles/.config/nvim/lazy/blink.cmp/lua/blink/cmp/sources/lib/queue.lua , size = 2.432 KB
[20:16:41.227][info] [#0:script/workspace/loading.lua:100]: Preload file at: file:///Users/florian/.dotfiles/.config/nvim/lazy/blink.cmp/lua/blink/cmp/sources/lib/provider/config.lua , size = 1.900 KB
[20:16:41.227][info] [#0:script/workspace/loading.lua:100]: Preload file at: file:///Users/florian/.dotfiles/.config/nvim/lazy/blink.cmp/lua/blink/cmp/sources/lib/tree.lua , size = 5.852 KB
[20:16:41.229][info] [#0:script/workspace/loading.lua:100]: Preload file at: file:///Users/florian/.dotfiles/.config/nvim/lazy/blink.cmp/lua/blink/cmp/sources/lib/types.lua , size = 2.628 KB
[20:16:41.229][info] [#0:script/workspace/loading.lua:100]: Preload file at: file:///Users/florian/.dotfiles/.config/nvim/lazy/blink.cmp/lua/blink/cmp/sources/lib/utils.lua , size = 3.693 KB
[20:16:41.230][info] [#0:script/workspace/loading.lua:100]: Preload file at: file:///Users/florian/.dotfiles/.config/nvim/lazy/blink.cmp/lua/blink/cmp/sources/buffer/priority.lua , size = 1.042 KB
[20:16:41.231][info] [#0:script/workspace/loading.lua:100]: Preload file at: file:///Users/florian/.dotfiles/.config/nvim/lazy/blink.cmp/lua/blink/cmp/sources/buffer/init.lua , size = 7.951 KB
[20:16:41.232][info] [#0:script/workspace/loading.lua:100]: Preload file at: file:///Users/florian/.dotfiles/.config/nvim/lazy/blink.cmp/lua/blink/cmp/sources/buffer/parser.lua , size = 3.720 KB
[20:16:41.233][info] [#0:script/workspace/loading.lua:100]: Preload file at: file:///Users/florian/.dotfiles/.config/nvim/lazy/blink.cmp/lua/blink/cmp/sources/buffer/cache.lua , size = 1.172 KB
[20:16:41.234][info] [#0:script/workspace/loading.lua:100]: Preload file at: file:///Users/florian/.dotfiles/.config/nvim/lazy/blink.cmp/lua/blink/cmp/sources/buffer/recency.lua , size = 0.723 KB
[20:16:41.234][info] [#0:script/workspace/loading.lua:100]: Preload file at: file:///Users/florian/.dotfiles/.config/nvim/lazy/blink.cmp/lua/blink/cmp/sources/buffer/utils.lua , size = 1.489 KB
[20:16:41.235][info] [#0:script/workspace/loading.lua:100]: Preload file at: file:///Users/florian/.dotfiles/.config/nvim/lazy/blink.cmp/lua/blink/cmp/types.lua , size = 1.495 KB
[20:16:41.235][info] [#0:script/workspace/loading.lua:100]: Preload file at: file:///Users/florian/.dotfiles/.config/nvim/lazy/blink.cmp/lua/blink/cmp/highlights.lua , size = 1.969 KB
[20:16:41.235][info] [#0:script/workspace/loading.lua:100]: Preload file at: file:///Users/florian/.dotfiles/.config/nvim/lazy/blink.cmp/lua/blink-cmp.lua , size = 0.027 KB
[20:16:41.235][info] [#0:script/workspace/loading.lua:100]: Preload file at: file:///Users/florian/.dotfiles/.config/nvim/lazy/fzf-lua/tests/shell_spec.lua , size = 0.633 KB
[20:16:41.236][info] [#0:script/workspace/loading.lua:100]: Preload file at: file:///Users/florian/.dotfiles/.config/nvim/lazy/fzf-lua/tests/path_spec.lua , size = 20.519 KB
[20:16:41.241][info] [#0:script/workspace/loading.lua:100]: Preload file at: file:///Users/florian/.dotfiles/.config/nvim/lazy/fzf-lua/tests/api_spec.lua , size = 8.657 KB
[20:16:41.243][info] [#0:script/workspace/loading.lua:100]: Preload file at: file:///Users/florian/.dotfiles/.config/nvim/lazy/fzf-lua/tests/headless_spec.lua , size = 3.145 KB
[20:16:41.244][info] [#0:script/workspace/loading.lua:100]: Preload file at: file:///Users/florian/.dotfiles/.config/nvim/lazy/fzf-lua/tests/win_spec.lua , size = 11.798 KB
[20:16:41.246][info] [#0:script/workspace/loading.lua:100]: Preload file at: file:///Users/florian/.dotfiles/.config/nvim/lazy/fzf-lua/tests/init_spec.lua , size = 1.798 KB
[20:16:41.247][info] [#0:script/workspace/loading.lua:100]: Preload file at: file:///Users/florian/.dotfiles/.config/nvim/lazy/fzf-lua/tests/cache_spec.lua , size = 4.009 KB
[20:16:41.248][info] [#0:script/workspace/loading.lua:100]: Preload file at: file:///Users/florian/.dotfiles/.config/nvim/lazy/fzf-lua/tests/grep_spec.lua , size = 1.938 KB
[20:16:41.249][info] [#0:script/workspace/loading.lua:100]: Preload file at: file:///Users/florian/.dotfiles/.config/nvim/lazy/fzf-lua/tests/libuv_spec.lua , size = 10.713 KB
[20:16:41.251][info] [#0:script/workspace/loading.lua:100]: Preload file at: file:///Users/florian/.dotfiles/.config/nvim/lazy/fzf-lua/tests/devicons_spec.lua , size = 8.376 KB
[20:16:41.253][info] [#0:script/workspace/loading.lua:100]: Preload file at: file:///Users/florian/.dotfiles/.config/nvim/lazy/fzf-lua/tests/actions_spec.lua , size = 5.434 KB
[20:16:41.254][info] [#0:script/workspace/loading.lua:100]: Preload file at: file:///Users/florian/.dotfiles/.config/nvim/lazy/fzf-lua/tests/minicons_spec.lua , size = 4.947 KB
[20:16:41.255][info] [#0:script/workspace/loading.lua:100]: Preload file at: file:///Users/florian/.dotfiles/.config/nvim/lazy/fzf-lua/tests/utils_spec.lua , size = 6.134 KB
[20:16:41.257][info] [#0:script/workspace/loading.lua:100]: Preload file at: file:///Users/florian/.dotfiles/.config/nvim/lazy/fzf-lua/tests/files_spec.lua , size = 7.760 KB
[20:16:41.259][info] [#0:script/workspace/loading.lua:100]: Preload file at: file:///Users/florian/.dotfiles/.config/nvim/lazy/fzf-lua/plugin/fzf-lua.lua , size = 0.968 KB
[20:16:41.259][info] [#0:script/workspace/loading.lua:100]: Preload file at: file:///Users/florian/.dotfiles/.config/nvim/lazy/fzf-lua/lua/fzf-lua/cmp_src.lua , size = 3.495 KB
[20:16:41.260][info] [#0:script/workspace/loading.lua:100]: Preload file at: file:///Users/florian/.dotfiles/.config/nvim/lazy/fzf-lua/lua/fzf-lua/class.lua , size = 1.111 KB
[20:16:41.260][info] [#0:script/workspace/loading.lua:100]: Preload file at: file:///Users/florian/.dotfiles/.config/nvim/lazy/fzf-lua/lua/fzf-lua/complete.lua , size = 5.145 KB
[20:16:41.262][info] [#0:script/workspace/loading.lua:100]: Preload file at: file:///Users/florian/.dotfiles/.config/nvim/lazy/fzf-lua/lua/fzf-lua/fzf.lua , size = 8.102 KB
[20:16:41.263][info] [#0:script/workspace/loading.lua:100]: Preload file at: file:///Users/florian/.dotfiles/.config/nvim/lazy/fzf-lua/lua/fzf-lua/actions.lua , size = 42.407 KB
[20:16:41.273][info] [#0:script/workspace/loading.lua:100]: Preload file at: file:///Users/florian/.dotfiles/.config/nvim/lazy/fzf-lua/lua/fzf-lua/init.lua , size = 33.604 KB
[20:16:41.281][info] [#0:script/workspace/loading.lua:100]: Preload file at: file:///Users/florian/.dotfiles/.config/nvim/lazy/fzf-lua/lua/fzf-lua/_health.lua , size = 3.682 KB
[20:16:41.282][info] [#0:script/workspace/loading.lua:100]: Preload file at: file:///Users/florian/.dotfiles/.config/nvim/lazy/fzf-lua/lua/fzf-lua/test/screenshot.lua , size = 7.775 KB
[20:16:41.284][info] [#0:script/workspace/loading.lua:100]: Preload file at: file:///Users/florian/.dotfiles/.config/nvim/lazy/fzf-lua/lua/fzf-lua/test/previewer.lua , size = 0.955 KB
[20:16:41.285][info] [#0:script/workspace/loading.lua:100]: Preload file at: file:///Users/florian/.dotfiles/.config/nvim/lazy/fzf-lua/lua/fzf-lua/test/exec_lua.lua , size = 4.896 KB
[20:16:41.286][info] [#0:script/workspace/loading.lua:100]: Preload file at: file:///Users/florian/.dotfiles/.config/nvim/lazy/fzf-lua/lua/fzf-lua/shell.lua , size = 18.079 KB
[20:16:41.290][info] [#0:script/workspace/loading.lua:100]: Preload file at: file:///Users/florian/.dotfiles/.config/nvim/lazy/fzf-lua/lua/fzf-lua/test/helpers.lua , size = 16.131 KB
[20:16:41.294][info] [#0:script/workspace/loading.lua:100]: Preload file at: file:///Users/florian/.dotfiles/.config/nvim/lazy/fzf-lua/lua/fzf-lua/previewer/init.lua , size = 3.904 KB
[20:16:41.294][info] [#0:script/workspace/loading.lua:100]: Preload file at: file:///Users/florian/.dotfiles/.config/nvim/lazy/fzf-lua/lua/fzf-lua/previewer/fzf.lua , size = 15.586 KB
[20:16:41.299][info] [#0:script/workspace/loading.lua:100]: Preload file at: file:///Users/florian/.dotfiles/.config/nvim/lazy/fzf-lua/lua/fzf-lua/previewer/swiper.lua , size = 7.166 KB
[20:16:41.301][info] [#0:script/workspace/loading.lua:100]: Preload file at: file:///Users/florian/.dotfiles/.config/nvim/lazy/fzf-lua/lua/fzf-lua/previewer/codeaction.lua , size = 11.463 KB
[20:16:41.303][info] [#0:script/workspace/loading.lua:100]: Preload file at: file:///Users/florian/.dotfiles/.config/nvim/lazy/fzf-lua/lua/fzf-lua/previewer/builtin.lua , size = 62.578 KB
[20:16:41.320][info] [#0:script/workspace/loading.lua:100]: Preload file at: file:///Users/florian/.dotfiles/.config/nvim/lazy/fzf-lua/lua/fzf-lua/providers/ui_select.lua , size = 6.407 KB
[20:16:41.321][info] [#0:script/workspace/loading.lua:100]: Preload file at: file:///Users/florian/.dotfiles/.config/nvim/lazy/fzf-lua/lua/fzf-lua/providers/buffers.lua , size = 22.666 KB
[20:16:41.327][info] [#0:script/workspace/loading.lua:100]: Preload file at: file:///Users/florian/.dotfiles/.config/nvim/lazy/fzf-lua/lua/fzf-lua/providers/diagnostic.lua , size = 9.547 KB
[20:16:41.329][info] [#0:script/workspace/loading.lua:100]: Preload file at: file:///Users/florian/.dotfiles/.config/nvim/lazy/fzf-lua/lua/fzf-lua/providers/files.lua , size = 5.269 KB
[20:16:41.330][info] [#0:script/workspace/loading.lua:100]: Preload file at: file:///Users/florian/.dotfiles/.config/nvim/lazy/fzf-lua/lua/fzf-lua/providers/git.lua , size = 8.658 KB
[20:16:41.332][info] [#0:script/workspace/loading.lua:100]: Preload file at: file:///Users/florian/.dotfiles/.config/nvim/lazy/fzf-lua/lua/fzf-lua/providers/colorschemes.lua , size = 15.525 KB
[20:16:41.336][info] [#0:script/workspace/loading.lua:100]: Preload file at: file:///Users/florian/.dotfiles/.config/nvim/lazy/fzf-lua/lua/fzf-lua/providers/meta.lua , size = 8.631 KB
[20:16:41.338][info] [#0:script/workspace/loading.lua:100]: Preload file at: file:///Users/florian/.dotfiles/.config/nvim/lazy/fzf-lua/lua/fzf-lua/providers/oldfiles.lua , size = 2.531 KB
[20:16:41.339][info] [#0:script/workspace/loading.lua:100]: Preload file at: file:///Users/florian/.dotfiles/.config/nvim/lazy/fzf-lua/lua/fzf-lua/providers/nvim.lua , size = 21.981 KB
[20:16:41.344][info] [#0:script/workspace/loading.lua:100]: Preload file at: file:///Users/florian/.dotfiles/.config/nvim/lazy/fzf-lua/lua/fzf-lua/providers/grep.lua , size = 10.655 KB
[20:16:41.346][info] [#0:script/workspace/loading.lua:100]: Preload file at: file:///Users/florian/.dotfiles/.config/nvim/lazy/fzf-lua/lua/fzf-lua/providers/lsp.lua , size = 31.333 KB
[20:16:41.352][info] [#0:script/workspace/loading.lua:100]: Preload file at: file:///Users/florian/.dotfiles/.config/nvim/lazy/fzf-lua/lua/fzf-lua/providers/quickfix.lua , size = 3.450 KB
[20:16:41.353][info] [#0:script/workspace/loading.lua:100]: Preload file at: file:///Users/florian/.dotfiles/.config/nvim/lazy/fzf-lua/lua/fzf-lua/providers/tags.lua , size = 8.580 KB
[20:16:41.355][info] [#0:script/workspace/loading.lua:100]: Preload file at: file:///Users/florian/.dotfiles/.config/nvim/lazy/fzf-lua/lua/fzf-lua/providers/helptags.lua , size = 3.105 KB
[20:16:41.356][info] [#0:script/workspace/loading.lua:100]: Preload file at: file:///Users/florian/.dotfiles/.config/nvim/lazy/fzf-lua/lua/fzf-lua/providers/manpages.lua , size = 1.621 KB
[20:16:41.362][info] [#0:script/workspace/loading.lua:100]: Preload file at: file:///Users/florian/.dotfiles/.config/nvim/lazy/fzf-lua/lua/fzf-lua/providers/dap.lua , size = 6.333 KB
[20:16:41.364][info] [#0:script/workspace/loading.lua:100]: Preload file at: file:///Users/florian/.dotfiles/.config/nvim/lazy/fzf-lua/lua/fzf-lua/providers/tmux.lua , size = 0.717 KB
[20:16:41.365][info] [#0:script/workspace/loading.lua:100]: Preload file at: file:///Users/florian/.dotfiles/.config/nvim/lazy/fzf-lua/lua/fzf-lua/ctx.lua , size = 3.518 KB
[20:16:41.366][info] [#0:script/workspace/loading.lua:100]: Preload file at: file:///Users/florian/.dotfiles/.config/nvim/lazy/fzf-lua/lua/fzf-lua/path.lua , size = 20.480 KB
[20:16:41.371][info] [#0:script/workspace/loading.lua:100]: Preload file at: file:///Users/florian/.dotfiles/.config/nvim/lazy/fzf-lua/lua/fzf-lua/libuv.lua , size = 26.885 KB
[20:16:41.376][info] [#0:script/workspace/loading.lua:100]: Preload file at: file:///Users/florian/.dotfiles/.config/nvim/lazy/fzf-lua/lua/fzf-lua/win.lua , size = 68.519 KB
[20:16:41.393][info] [#0:script/workspace/loading.lua:100]: Preload file at: file:///Users/florian/.dotfiles/.config/nvim/lazy/fzf-lua/lua/fzf-lua/config.lua , size = 44.854 KB
[20:16:41.401][info] [#0:script/workspace/loading.lua:100]: Preload file at: file:///Users/florian/.dotfiles/.config/nvim/lazy/fzf-lua/lua/fzf-lua/cmd.lua , size = 5.591 KB
[20:16:41.402][info] [#0:script/workspace/loading.lua:100]: Preload file at: file:///Users/florian/.dotfiles/.config/nvim/lazy/fzf-lua/lua/fzf-lua/devicons.lua , size = 18.004 KB
[20:16:41.406][info] [#0:script/workspace/loading.lua:100]: Preload file at: file:///Users/florian/.dotfiles/.config/nvim/lazy/fzf-lua/lua/fzf-lua/lib/utf8.lua , size = 26.173 KB
[20:16:41.412][info] [#0:script/workspace/loading.lua:100]: Preload file at: file:///Users/florian/.dotfiles/.config/nvim/lazy/fzf-lua/lua/fzf-lua/lib/queue.lua , size = 0.842 KB
[20:16:41.412][info] [#0:script/workspace/loading.lua:100]: Preload file at: file:///Users/florian/.dotfiles/.config/nvim/lazy/fzf-lua/lua/fzf-lua/lib/copcall.lua , size = 3.694 KB
[20:16:41.413][info] [#0:script/workspace/loading.lua:100]: Preload file at: file:///Users/florian/.dotfiles/.config/nvim/lazy/fzf-lua/lua/fzf-lua/lib/base64.lua , size = 7.506 KB
[20:16:41.415][info] [#0:script/workspace/loading.lua:100]: Preload file at: file:///Users/florian/.dotfiles/.config/nvim/lazy/fzf-lua/lua/fzf-lua/lib/serpent.lua , size = 8.867 KB
[20:16:41.417][info] [#0:script/workspace/loading.lua:100]: Preload file at: file:///Users/florian/.dotfiles/.config/nvim/lazy/fzf-lua/lua/fzf-lua/spawn.lua , size = 1.679 KB
[20:16:41.418][info] [#0:script/workspace/loading.lua:100]: Preload file at: file:///Users/florian/.dotfiles/.config/nvim/lazy/fzf-lua/lua/fzf-lua/types.lua , size = 30.255 KB
[20:16:41.424][info] [#0:script/workspace/loading.lua:100]: Preload file at: file:///Users/florian/.dotfiles/.config/nvim/lazy/fzf-lua/lua/fzf-lua/utils.lua , size = 46.883 KB
[20:16:41.435][info] [#0:script/workspace/loading.lua:100]: Preload file at: file:///Users/florian/.dotfiles/.config/nvim/lazy/fzf-lua/lua/fzf-lua/make_entry.lua , size = 27.497 KB
[20:16:41.441][info] [#0:script/workspace/loading.lua:100]: Preload file at: file:///Users/florian/.dotfiles/.config/nvim/lazy/fzf-lua/lua/fzf-lua/profiles/border-fused.lua , size = 2.808 KB
[20:16:41.442][info] [#0:script/workspace/loading.lua:100]: Preload file at: file:///Users/florian/.dotfiles/.config/nvim/lazy/fzf-lua/lua/fzf-lua/profiles/fzf-vim.lua , size = 3.143 KB
[20:16:41.443][info] [#0:script/workspace/loading.lua:100]: Preload file at: file:///Users/florian/.dotfiles/.config/nvim/lazy/fzf-lua/lua/fzf-lua/profiles/telescope.lua , size = 2.708 KB
[20:16:41.443][info] [#0:script/workspace/loading.lua:100]: Preload file at: file:///Users/florian/.dotfiles/.config/nvim/lazy/fzf-lua/lua/fzf-lua/defaults.lua , size = 51.180 KB
[20:16:41.553][info] [#0:script/workspace/loading.lua:100]: Preload file at: file:///Users/florian/.dotfiles/.config/nvim/lazy/fzf-lua/lua/fzf-lua/profiles/fzf-native.lua , size = 0.352 KB
[20:16:41.553][info] [#0:script/workspace/loading.lua:100]: Preload file at: file:///Users/florian/.dotfiles/.config/nvim/lazy/fzf-lua/lua/fzf-lua/profiles/borderless.lua , size = 0.724 KB
[20:16:41.553][info] [#0:script/workspace/loading.lua:100]: Preload file at: file:///Users/florian/.dotfiles/.config/nvim/lazy/fzf-lua/lua/fzf-lua/profiles/ivy.lua , size = 1.654 KB
[20:16:41.553][info] [#0:script/workspace/loading.lua:100]: Preload file at: file:///Users/florian/.dotfiles/.config/nvim/lazy/fzf-lua/lua/fzf-lua/profiles/default-title.lua , size = 2.954 KB
[20:16:41.554][info] [#0:script/workspace/loading.lua:100]: Preload file at: file:///Users/florian/.dotfiles/.config/nvim/lazy/fzf-lua/lua/fzf-lua/profiles/skim.lua , size = 0.151 KB
[20:16:41.554][info] [#0:script/workspace/loading.lua:100]: Preload file at: file:///Users/florian/.dotfiles/.config/nvim/lazy/fzf-lua/lua/fzf-lua/profiles/default-prompt.lua , size = 2.893 KB
[20:16:41.555][info] [#0:script/workspace/loading.lua:100]: Preload file at: file:///Users/florian/.dotfiles/.config/nvim/lazy/fzf-lua/lua/fzf-lua/profiles/fzf-tmux.lua , size = 0.494 KB
[20:16:41.555][info] [#0:script/workspace/loading.lua:100]: Preload file at: file:///Users/florian/.dotfiles/.config/nvim/lazy/fzf-lua/lua/fzf-lua/profiles/borderless-full.lua , size = 1.011 KB
[20:16:41.555][info] [#0:script/workspace/loading.lua:100]: Preload file at: file:///Users/florian/.dotfiles/.config/nvim/lazy/fzf-lua/lua/fzf-lua/profiles/default.lua , size = 0.075 KB
[20:16:41.555][info] [#0:script/workspace/loading.lua:100]: Preload file at: file:///Users/florian/.dotfiles/.config/nvim/lazy/fzf-lua/lua/fzf-lua/profiles/max-perf.lua , size = 1.007 KB
[20:16:41.555][info] [#0:script/workspace/loading.lua:100]: Preload file at: file:///Users/florian/.dotfiles/.config/nvim/lazy/fzf-lua/lua/fzf-lua/profiles/hide.lua , size = 3.794 KB
[20:16:41.556][info] [#0:script/workspace/loading.lua:100]: Preload file at: file:///Users/florian/.dotfiles/.config/nvim/lazy/fzf-lua/lua/fzf-lua/rpc.lua , size = 3.982 KB
[20:16:41.557][info] [#0:script/workspace/loading.lua:100]: Preload file at: file:///Users/florian/.dotfiles/.config/nvim/lazy/fzf-lua/scripts/init.lua , size = 0.974 KB
[20:16:41.558][info] [#0:script/workspace/loading.lua:100]: Preload file at: file:///Users/florian/.dotfiles/.config/nvim/lazy/fzf-lua/scripts/make_cli.lua , size = 1.176 KB
[20:16:41.558][info] [#0:script/workspace/loading.lua:100]: Preload file at: file:///Users/florian/.dotfiles/.config/nvim/lazy/fzf-lua/lua/fzf-lua/core.lua , size = 42.924 KB
[20:16:41.567][info] [#0:script/workspace/loading.lua:100]: Preload file at: file:///Users/florian/.dotfiles/.config/nvim/lazy/fzf-lua/scripts/devicons.lua , size = 0.474 KB
[20:16:41.567][info] [#0:script/workspace/loading.lua:100]: Preload file at: file:///Users/florian/.dotfiles/.config/nvim/lazy/fzf-lua/scripts/minimal_init.lua , size = 0.829 KB
[20:16:41.670][info] [#0:script/workspace/loading.lua:172]: Loaded files takes [6.681] sec: file:///Users/florian/.dotfiles/.config/nvim
[20:16:41.670][info] [#0:script/workspace/loading.lua:181]: Compile files takes [0.000] sec: file:///Users/florian/.dotfiles/.config/nvim
[20:16:41.670][info] [#0:script/workspace/loading.lua:182]: Loaded finish:	file:///Users/florian/.dotfiles/.config/nvim
[20:16:41.670][info] [#0:script/workspace/workspace.lua:387]: Preload finish at:	file:///Users/florian/.dotfiles/.config/nvim
[20:16:41.814][warn] [#0:script/proto/proto.lua:189]: Method [textDocument/didOpen] takes [7.747]sec. {
  jsonrpc = "2.0",
  method = "textDocument/didOpen",
  params = {
    textDocument = {
      languageId = "lua",
      text = '"***"',
      uri = "file:///Users/florian/.dotfiles/.config/nvim/lua/plugins/toggleterm-manager.lua",
      version = 0
    }
  }
}
[20:16:41.914][info] [#0:script/provider/diagnostic.lua:560]: Diagnostics scope [file:///Users/florian/.dotfiles/.config/nvim], files count:[3484]
[20:16:41.914][warn] [#0:script/proto/proto.lua:189]: Method [textDocument/didOpen] takes [6.911]sec. {
  jsonrpc = "2.0",
  method = "textDocument/didOpen",
  params = {
    textDocument = {
      languageId = "lua",
      text = '"***"',
      uri = "file:///Users/florian/.dotfiles/.config/nvim/lua/plugins/toggleterm.lua",
      version = 0
    }
  }
}
[20:16:41.920][warn] [#0:script/proto/proto.lua:189]: Method [textDocument/inlayHint] takes [7.836]sec. {
  id = 6,
  jsonrpc = "2.0",
  method = "textDocument/inlayHint",
  params = {
    range = {
      end = {
        character = 0,
        line = 9
      },
      start = {
        character = 0,
        line = 0
      }
    },
    textDocument = {
      uri = "file:///Users/florian/.dotfiles/.config/nvim/lua/plugins/toggleterm-manager.lua"
    }
  }
}
[20:16:41.921][warn] [#0:script/proto/proto.lua:189]: Method [textDocument/inlayHint] takes [7.833]sec. {
  id = 8,
  jsonrpc = "2.0",
  method = "textDocument/inlayHint",
  params = {
    range = {
      end = {
        character = 0,
        line = 9
      },
      start = {
        character = 0,
        line = 0
      }
    },
    textDocument = {
      uri = "file:///Users/florian/.dotfiles/.config/nvim/lua/plugins/toggleterm-manager.lua"
    }
  }
}
[20:16:41.921][warn] [#0:script/proto/proto.lua:189]: Method [textDocument/inlayHint] takes [6.917]sec. {
  id = 10,
  jsonrpc = "2.0",
  method = "textDocument/inlayHint",
  params = {
    range = {
      end = {
        character = 0,
        line = 9
      },
      start = {
        character = 0,
        line = 0
      }
    },
    textDocument = {
      uri = "file:///Users/florian/.dotfiles/.config/nvim/lua/plugins/toggleterm-manager.lua"
    }
  }
}
[20:16:41.921][warn] [#0:script/proto/proto.lua:189]: Method [textDocument/semanticTokens/full] takes [7.833]sec. {
  id = 7,
  jsonrpc = "2.0",
  method = "textDocument/semanticTokens/full",
  params = {
    textDocument = {
      uri = "file:///Users/florian/.dotfiles/.config/nvim/lua/plugins/toggleterm-manager.lua"
    }
  }
}
[20:16:41.927][warn] [#0:script/proto/proto.lua:189]: Method [textDocument/semanticTokens/full] takes [6.923]sec. {
  id = 13,
  jsonrpc = "2.0",
  method = "textDocument/semanticTokens/full",
  params = {
    textDocument = {
      uri = "file:///Users/florian/.dotfiles/.config/nvim/lua/plugins/toggleterm.lua"
    }
  }
}
[20:16:41.927][warn] [#0:script/proto/proto.lua:189]: Method [textDocument/foldingRange] takes [7.839]sec. {
  id = 9,
  jsonrpc = "2.0",
  method = "textDocument/foldingRange",
  params = {
    textDocument = {
      uri = "file:///Users/florian/.dotfiles/.config/nvim/lua/plugins/toggleterm-manager.lua"
    }
  }
}
[20:16:41.932][warn] [#0:script/proto/proto.lua:189]: Method [textDocument/inlayHint] takes [6.928]sec. {
  id = 11,
  jsonrpc = "2.0",
  method = "textDocument/inlayHint",
  params = {
    range = {
      end = {
        character = 0,
        line = 108
      },
      start = {
        character = 0,
        line = 0
      }
    },
    textDocument = {
      uri = "file:///Users/florian/.dotfiles/.config/nvim/lua/plugins/toggleterm.lua"
    }
  }
}
[20:16:41.932][warn] [#0:script/proto/proto.lua:189]: Method [textDocument/inlayHint] takes [6.928]sec. {
  id = 12,
  jsonrpc = "2.0",
  method = "textDocument/inlayHint",
  params = {
    range = {
      end = {
        character = 0,
        line = 108
      },
      start = {
        character = 0,
        line = 0
      }
    },
    textDocument = {
      uri = "file:///Users/florian/.dotfiles/.config/nvim/lua/plugins/toggleterm.lua"
    }
  }
}
[20:16:41.933][warn] [#0:script/proto/proto.lua:189]: Method [textDocument/foldingRange] takes [6.676]sec. {
  id = 14,
  jsonrpc = "2.0",
  method = "textDocument/foldingRange",
  params = {
    textDocument = {
      uri = "file:///Users/florian/.dotfiles/.config/nvim/lua/plugins/toggleterm.lua"
    }
  }
}
[20:16:48.655][warn] [#0:script/await.lua:222]: [fire]Await step takes [3.607] sec.
stack traceback:
	[C]: in function 'coroutine.yield'
	script/await.lua:176: in function 'await.delay'
	script/core/diagnostics/missing-parameter.lua:16: in local 'callback'
	script/parser/guide.lua:763: in function 'parser.guide.eachSourceType'
	script/core/diagnostics/missing-parameter.lua:15: in function 'core.diagnostics.missing-parameter'
	script/core/diagnostics/init.lua:119: in upvalue 'check'
	script/core/diagnostics/init.lua:181: in function 'core.diagnostics'
	[C]: in function 'xpcall'
	script/provider/diagnostic.lua:337: in function 'provider.diagnostic.doDiagnostic'
	[C]: in function 'xpcall'
	script/provider/diagnostic.lua:598: in local 'callback'
	script/provider/diagnostic.lua:569: in function 'provider.diagnostic.awaitDiagnosticsScope'
	script/provider/diagnostic.lua:597: in function <script/provider/diagnostic.lua:595>
[20:16:48.689][warn] [#0:script/core/diagnostics/init.lua:137]: Diagnostics [missing-parameter] @ [file:///Users/florian/.dotfiles/.config/nvim/mason/packages/lua-language-server/libexec/script/files.lua] takes [3.644] sec!
[20:16:49.337][warn] [#0:script/await.lua:213]: Await step takes [1.119] sec.
[20:16:51.468][info] [#0:script/provider/diagnostic.lua:577]: Diagnostics scope [file:///Users/florian/.dotfiles/.config/nvim] finished, takes [46.721] sec.
[20:16:53.778][warn] [#0:script/await.lua:222]: [fire]Await step takes [2.177] sec.
stack traceback:
[20:16:59.967][warn] [#0:script/core/diagnostics/init.lua:137]: Diagnostics [undefined-global] @ [file:///Users/florian/.dotfiles/.config/nvim/lazy/lazy.nvim/lua/lazy/manage/task/git.lua] takes [1.179] sec!
[20:16:59.968][warn] [#0:script/await.lua:213]: Await step takes [1.179] sec.
[20:17:11.326][warn] [#0:script/await.lua:213]: Await step takes [1.396] sec.
[20:17:11.327][warn] [#0:script/core/diagnostics/init.lua:137]: Diagnostics [invisible] @ [file:///Users/florian/.dotfiles/.config/nvim/lazy/nvim-ufo/lua/ufo/fold/driver.lua] takes [1.398] sec!
[20:17:24.909][warn] [#0:script/await.lua:213]: Await step takes [1.720] sec.
[20:17:31.688][info] [#0:script/provider/diagnostic.lua:577]: Diagnostics scope [file:///Users/florian/.dotfiles/.config/nvim] finished, takes [47.882] sec.
[20:17:33.453][warn] [#0:script/await.lua:213]: Await step takes [1.636] sec.
[20:17:35.067][info] [#0:script/workspace/workspace.lua:290]: Scan files at:	file:///Users/florian/.dotfiles/.config/nvim/undodir/%25Users%25florian%25.dotfiles%25.config%25nushell%25config.nu
[20:17:35.068][info] [#0:script/workspace/loading.lua:160]: Load files from disk:	file:///Users/florian/.dotfiles/.config/nvim/undodir/%25Users%25florian%25.dotfiles%25.config%25nushell%25config.nu
[20:17:35.068][info] [#0:script/workspace/loading.lua:172]: Loaded files takes [0.000] sec: file:///Users/florian/.dotfiles/.config/nvim/undodir/%25Users%25florian%25.dotfiles%25.config%25nushell%25config.nu
[20:17:35.068][info] [#0:script/workspace/loading.lua:181]: Compile files takes [0.000] sec: file:///Users/florian/.dotfiles/.config/nvim/undodir/%25Users%25florian%25.dotfiles%25.config%25nushell%25config.nu
[20:17:35.068][info] [#0:script/workspace/loading.lua:182]: Loaded finish:	file:///Users/florian/.dotfiles/.config/nvim/undodir/%25Users%25florian%25.dotfiles%25.config%25nushell%25config.nu
[20:17:35.288][info] [#0:script/workspace/workspace.lua:290]: Scan files at:	file:///Users/florian/.dotfiles/.config/nvim/undodir/%25Users%25florian%25.dotfiles%25.config%25nushell%25config.nu
[20:17:35.288][info] [#0:script/workspace/loading.lua:160]: Load files from disk:	file:///Users/florian/.dotfiles/.config/nvim/undodir/%25Users%25florian%25.dotfiles%25.config%25nushell%25config.nu
[20:17:35.288][info] [#0:script/workspace/loading.lua:172]: Loaded files takes [0.000] sec: file:///Users/florian/.dotfiles/.config/nvim/undodir/%25Users%25florian%25.dotfiles%25.config%25nushell%25config.nu
[20:17:35.288][info] [#0:script/workspace/loading.lua:181]: Compile files takes [0.000] sec: file:///Users/florian/.dotfiles/.config/nvim/undodir/%25Users%25florian%25.dotfiles%25.config%25nushell%25config.nu
[20:17:35.288][info] [#0:script/workspace/loading.lua:182]: Loaded finish:	file:///Users/florian/.dotfiles/.config/nvim/undodir/%25Users%25florian%25.dotfiles%25.config%25nushell%25config.nu
[20:18:21.224][info] [#0:script/workspace/workspace.lua:290]: Scan files at:	file:///Users/florian/.dotfiles/.config/nvim/undodir/%25Users%25florian%25.dotfiles%25.config%25nushell%25config.nu
[20:18:21.225][info] [#0:script/workspace/loading.lua:160]: Load files from disk:	file:///Users/florian/.dotfiles/.config/nvim/undodir/%25Users%25florian%25.dotfiles%25.config%25nushell%25config.nu
[20:18:21.225][info] [#0:script/workspace/loading.lua:172]: Loaded files takes [0.000] sec: file:///Users/florian/.dotfiles/.config/nvim/undodir/%25Users%25florian%25.dotfiles%25.config%25nushell%25config.nu
[20:18:21.225][info] [#0:script/workspace/loading.lua:181]: Compile files takes [0.000] sec: file:///Users/florian/.dotfiles/.config/nvim/undodir/%25Users%25florian%25.dotfiles%25.config%25nushell%25config.nu
[20:18:21.225][info] [#0:script/workspace/loading.lua:182]: Loaded finish:	file:///Users/florian/.dotfiles/.config/nvim/undodir/%25Users%25florian%25.dotfiles%25.config%25nushell%25config.nu
[20:18:21.427][info] [#0:script/workspace/workspace.lua:290]: Scan files at:	file:///Users/florian/.dotfiles/.config/nvim/undodir/%25Users%25florian%25.dotfiles%25.config%25nushell%25config.nu
[20:18:21.427][info] [#0:script/workspace/loading.lua:160]: Load files from disk:	file:///Users/florian/.dotfiles/.config/nvim/undodir/%25Users%25florian%25.dotfiles%25.config%25nushell%25config.nu
[20:18:21.427][info] [#0:script/workspace/loading.lua:172]: Loaded files takes [0.000] sec: file:///Users/florian/.dotfiles/.config/nvim/undodir/%25Users%25florian%25.dotfiles%25.config%25nushell%25config.nu
[20:18:21.427][info] [#0:script/workspace/loading.lua:181]: Compile files takes [0.000] sec: file:///Users/florian/.dotfiles/.config/nvim/undodir/%25Users%25florian%25.dotfiles%25.config%25nushell%25config.nu
[20:18:21.427][info] [#0:script/workspace/loading.lua:182]: Loaded finish:	file:///Users/florian/.dotfiles/.config/nvim/undodir/%25Users%25florian%25.dotfiles%25.config%25nushell%25config.nu
[20:18:28.272][info] [#0:script/workspace/workspace.lua:290]: Scan files at:	file:///Users/florian/.dotfiles/.config/nvim/undodir/%25Users%25florian%25.dotfiles%25.config%25nushell%25config.nu
[20:18:28.272][info] [#0:script/workspace/loading.lua:160]: Load files from disk:	file:///Users/florian/.dotfiles/.config/nvim/undodir/%25Users%25florian%25.dotfiles%25.config%25nushell%25config.nu
[20:18:28.272][info] [#0:script/workspace/loading.lua:172]: Loaded files takes [0.000] sec: file:///Users/florian/.dotfiles/.config/nvim/undodir/%25Users%25florian%25.dotfiles%25.config%25nushell%25config.nu
[20:18:28.272][info] [#0:script/workspace/loading.lua:181]: Compile files takes [0.000] sec: file:///Users/florian/.dotfiles/.config/nvim/undodir/%25Users%25florian%25.dotfiles%25.config%25nushell%25config.nu
[20:18:28.273][info] [#0:script/workspace/loading.lua:182]: Loaded finish:	file:///Users/florian/.dotfiles/.config/nvim/undodir/%25Users%25florian%25.dotfiles%25.config%25nushell%25config.nu
[20:18:28.485][info] [#0:script/workspace/workspace.lua:290]: Scan files at:	file:///Users/florian/.dotfiles/.config/nvim/undodir/%25Users%25florian%25.dotfiles%25.config%25nushell%25config.nu
[20:18:28.485][info] [#0:script/workspace/loading.lua:160]: Load files from disk:	file:///Users/florian/.dotfiles/.config/nvim/undodir/%25Users%25florian%25.dotfiles%25.config%25nushell%25config.nu
[20:18:28.485][info] [#0:script/workspace/loading.lua:172]: Loaded files takes [0.000] sec: file:///Users/florian/.dotfiles/.config/nvim/undodir/%25Users%25florian%25.dotfiles%25.config%25nushell%25config.nu
[20:18:28.486][info] [#0:script/workspace/loading.lua:181]: Compile files takes [0.000] sec: file:///Users/florian/.dotfiles/.config/nvim/undodir/%25Users%25florian%25.dotfiles%25.config%25nushell%25config.nu
[20:18:28.486][info] [#0:script/workspace/loading.lua:182]: Loaded finish:	file:///Users/florian/.dotfiles/.config/nvim/undodir/%25Users%25florian%25.dotfiles%25.config%25nushell%25config.nu
[20:20:56.812][info] [#0:script/workspace/workspace.lua:290]: Scan files at:	file:///Users/florian/.dotfiles/.config/nvim/undodir/%25Users%25florian%25.dotfiles%25.config%25nushell%25config.nu
[20:20:56.813][info] [#0:script/workspace/loading.lua:160]: Load files from disk:	file:///Users/florian/.dotfiles/.config/nvim/undodir/%25Users%25florian%25.dotfiles%25.config%25nushell%25config.nu
[20:20:56.813][info] [#0:script/workspace/loading.lua:172]: Loaded files takes [0.000] sec: file:///Users/florian/.dotfiles/.config/nvim/undodir/%25Users%25florian%25.dotfiles%25.config%25nushell%25config.nu
[20:20:56.814][info] [#0:script/workspace/loading.lua:181]: Compile files takes [0.000] sec: file:///Users/florian/.dotfiles/.config/nvim/undodir/%25Users%25florian%25.dotfiles%25.config%25nushell%25config.nu
[20:20:56.814][info] [#0:script/workspace/loading.lua:182]: Loaded finish:	file:///Users/florian/.dotfiles/.config/nvim/undodir/%25Users%25florian%25.dotfiles%25.config%25nushell%25config.nu
[20:20:56.997][info] [#0:script/workspace/workspace.lua:290]: Scan files at:	file:///Users/florian/.dotfiles/.config/nvim/undodir/%25Users%25florian%25.dotfiles%25.config%25nushell%25config.nu
[20:20:56.998][info] [#0:script/workspace/loading.lua:160]: Load files from disk:	file:///Users/florian/.dotfiles/.config/nvim/undodir/%25Users%25florian%25.dotfiles%25.config%25nushell%25config.nu
[20:20:56.998][info] [#0:script/workspace/loading.lua:172]: Loaded files takes [0.000] sec: file:///Users/florian/.dotfiles/.config/nvim/undodir/%25Users%25florian%25.dotfiles%25.config%25nushell%25config.nu
[20:20:56.998][info] [#0:script/workspace/loading.lua:181]: Compile files takes [0.000] sec: file:///Users/florian/.dotfiles/.config/nvim/undodir/%25Users%25florian%25.dotfiles%25.config%25nushell%25config.nu
[20:20:56.998][info] [#0:script/workspace/loading.lua:182]: Loaded finish:	file:///Users/florian/.dotfiles/.config/nvim/undodir/%25Users%25florian%25.dotfiles%25.config%25nushell%25config.nu
[20:21:46.998][info] [#0:script/workspace/workspace.lua:290]: Scan files at:	file:///Users/florian/.dotfiles/.config/nvim/undodir/%25Users%25florian%25.dotfiles%25.config%25nushell%25config.nu
[20:21:46.998][info] [#0:script/workspace/loading.lua:160]: Load files from disk:	file:///Users/florian/.dotfiles/.config/nvim/undodir/%25Users%25florian%25.dotfiles%25.config%25nushell%25config.nu
[20:21:46.998][info] [#0:script/workspace/loading.lua:172]: Loaded files takes [0.000] sec: file:///Users/florian/.dotfiles/.config/nvim/undodir/%25Users%25florian%25.dotfiles%25.config%25nushell%25config.nu
[20:21:46.998][info] [#0:script/workspace/loading.lua:181]: Compile files takes [0.000] sec: file:///Users/florian/.dotfiles/.config/nvim/undodir/%25Users%25florian%25.dotfiles%25.config%25nushell%25config.nu
[20:21:46.998][info] [#0:script/workspace/loading.lua:182]: Loaded finish:	file:///Users/florian/.dotfiles/.config/nvim/undodir/%25Users%25florian%25.dotfiles%25.config%25nushell%25config.nu
[20:21:47.183][info] [#0:script/workspace/workspace.lua:290]: Scan files at:	file:///Users/florian/.dotfiles/.config/nvim/undodir/%25Users%25florian%25.dotfiles%25.config%25nushell%25config.nu
[20:21:47.183][info] [#0:script/workspace/loading.lua:160]: Load files from disk:	file:///Users/florian/.dotfiles/.config/nvim/undodir/%25Users%25florian%25.dotfiles%25.config%25nushell%25config.nu
[20:21:47.183][info] [#0:script/workspace/loading.lua:172]: Loaded files takes [0.000] sec: file:///Users/florian/.dotfiles/.config/nvim/undodir/%25Users%25florian%25.dotfiles%25.config%25nushell%25config.nu
[20:21:47.183][info] [#0:script/workspace/loading.lua:181]: Compile files takes [0.000] sec: file:///Users/florian/.dotfiles/.config/nvim/undodir/%25Users%25florian%25.dotfiles%25.config%25nushell%25config.nu
[20:21:47.184][info] [#0:script/workspace/loading.lua:182]: Loaded finish:	file:///Users/florian/.dotfiles/.config/nvim/undodir/%25Users%25florian%25.dotfiles%25.config%25nushell%25config.nu
[20:21:47.966][info] [#0:script/workspace/workspace.lua:290]: Scan files at:	file:///Users/florian/.dotfiles/.config/nvim/undodir/%25Users%25florian%25.dotfiles%25.config%25nushell%25config.nu
[20:21:47.967][info] [#0:script/workspace/loading.lua:160]: Load files from disk:	file:///Users/florian/.dotfiles/.config/nvim/undodir/%25Users%25florian%25.dotfiles%25.config%25nushell%25config.nu
[20:21:47.967][info] [#0:script/workspace/loading.lua:172]: Loaded files takes [0.000] sec: file:///Users/florian/.dotfiles/.config/nvim/undodir/%25Users%25florian%25.dotfiles%25.config%25nushell%25config.nu
[20:21:47.967][info] [#0:script/workspace/loading.lua:181]: Compile files takes [0.000] sec: file:///Users/florian/.dotfiles/.config/nvim/undodir/%25Users%25florian%25.dotfiles%25.config%25nushell%25config.nu
[20:21:47.967][info] [#0:script/workspace/loading.lua:182]: Loaded finish:	file:///Users/florian/.dotfiles/.config/nvim/undodir/%25Users%25florian%25.dotfiles%25.config%25nushell%25config.nu
[20:21:48.153][info] [#0:script/workspace/workspace.lua:290]: Scan files at:	file:///Users/florian/.dotfiles/.config/nvim/undodir/%25Users%25florian%25.dotfiles%25.config%25nushell%25config.nu
[20:21:48.153][info] [#0:script/workspace/loading.lua:160]: Load files from disk:	file:///Users/florian/.dotfiles/.config/nvim/undodir/%25Users%25florian%25.dotfiles%25.config%25nushell%25config.nu
[20:21:48.153][info] [#0:script/workspace/loading.lua:172]: Loaded files takes [0.000] sec: file:///Users/florian/.dotfiles/.config/nvim/undodir/%25Users%25florian%25.dotfiles%25.config%25nushell%25config.nu
[20:21:48.153][info] [#0:script/workspace/loading.lua:181]: Compile files takes [0.000] sec: file:///Users/florian/.dotfiles/.config/nvim/undodir/%25Users%25florian%25.dotfiles%25.config%25nushell%25config.nu
[20:21:48.153][info] [#0:script/workspace/loading.lua:182]: Loaded finish:	file:///Users/florian/.dotfiles/.config/nvim/undodir/%25Users%25florian%25.dotfiles%25.config%25nushell%25config.nu
[20:23:32.974][info] [#0:script/service/service.lua:145]: 
========= Medical Examination Report =========
    --------------- Memory ---------------
        Total: 1663.796 MB
        # 00 : 1658.798 MB
        # 01 : 0.053 MB
        # 02 : 1.462 MB
        # 03 : 0.053 MB
        # 04 : 3.430 MB
    --------------- Coroutine ---------------
        Total:     25
        Running:   0
        Suspended: 0
        Normal:    0
        Dead:      25
    --------------- Cache ---------------
        Total: 1
        Dead:  0
    ---------------  RPC  ---------------
        Holdon:   0
        Waiting:  0
==============================================
[20:24:42.624][info] [#0:script/workspace/workspace.lua:290]: Scan files at:	file:///Users/florian/.dotfiles/.config/nvim/undodir/%25Users%25florian%25.dotfiles%25.config%25nushell%25config.nu
[20:24:42.625][info] [#0:script/workspace/loading.lua:160]: Load files from disk:	file:///Users/florian/.dotfiles/.config/nvim/undodir/%25Users%25florian%25.dotfiles%25.config%25nushell%25config.nu
[20:24:42.625][info] [#0:script/workspace/loading.lua:172]: Loaded files takes [0.000] sec: file:///Users/florian/.dotfiles/.config/nvim/undodir/%25Users%25florian%25.dotfiles%25.config%25nushell%25config.nu
[20:24:42.625][info] [#0:script/workspace/loading.lua:181]: Compile files takes [0.000] sec: file:///Users/florian/.dotfiles/.config/nvim/undodir/%25Users%25florian%25.dotfiles%25.config%25nushell%25config.nu
[20:24:42.625][info] [#0:script/workspace/loading.lua:182]: Loaded finish:	file:///Users/florian/.dotfiles/.config/nvim/undodir/%25Users%25florian%25.dotfiles%25.config%25nushell%25config.nu
[20:24:42.769][info] [#0:script/workspace/workspace.lua:290]: Scan files at:	file:///Users/florian/.dotfiles/.config/nvim/undodir/%25Users%25florian%25.dotfiles%25.config%25nushell%25config.nu
[20:24:42.769][info] [#0:script/workspace/loading.lua:160]: Load files from disk:	file:///Users/florian/.dotfiles/.config/nvim/undodir/%25Users%25florian%25.dotfiles%25.config%25nushell%25config.nu
[20:24:42.769][info] [#0:script/workspace/loading.lua:172]: Loaded files takes [0.000] sec: file:///Users/florian/.dotfiles/.config/nvim/undodir/%25Users%25florian%25.dotfiles%25.config%25nushell%25config.nu
[20:24:42.769][info] [#0:script/workspace/loading.lua:181]: Compile files takes [0.000] sec: file:///Users/florian/.dotfiles/.config/nvim/undodir/%25Users%25florian%25.dotfiles%25.config%25nushell%25config.nu
[20:24:42.769][info] [#0:script/workspace/loading.lua:182]: Loaded finish:	file:///Users/florian/.dotfiles/.config/nvim/undodir/%25Users%25florian%25.dotfiles%25.config%25nushell%25config.nu
[20:25:40.852][info] [#0:script/workspace/workspace.lua:290]: Scan files at:	file:///Users/florian/.dotfiles/.config/nvim/undodir/%25Users%25florian%25.dotfiles%25.config%25nushell%25config.nu
[20:25:40.853][info] [#0:script/workspace/loading.lua:160]: Load files from disk:	file:///Users/florian/.dotfiles/.config/nvim/undodir/%25Users%25florian%25.dotfiles%25.config%25nushell%25config.nu
[20:25:40.853][info] [#0:script/workspace/loading.lua:172]: Loaded files takes [0.000] sec: file:///Users/florian/.dotfiles/.config/nvim/undodir/%25Users%25florian%25.dotfiles%25.config%25nushell%25config.nu
[20:25:40.854][info] [#0:script/workspace/loading.lua:181]: Compile files takes [0.000] sec: file:///Users/florian/.dotfiles/.config/nvim/undodir/%25Users%25florian%25.dotfiles%25.config%25nushell%25config.nu
[20:25:40.854][info] [#0:script/workspace/loading.lua:182]: Loaded finish:	file:///Users/florian/.dotfiles/.config/nvim/undodir/%25Users%25florian%25.dotfiles%25.config%25nushell%25config.nu
[20:25:40.992][info] [#0:script/workspace/workspace.lua:290]: Scan files at:	file:///Users/florian/.dotfiles/.config/nvim/undodir/%25Users%25florian%25.dotfiles%25.config%25nushell%25config.nu
[20:25:40.992][info] [#0:script/workspace/loading.lua:160]: Load files from disk:	file:///Users/florian/.dotfiles/.config/nvim/undodir/%25Users%25florian%25.dotfiles%25.config%25nushell%25config.nu
[20:25:40.992][info] [#0:script/workspace/loading.lua:172]: Loaded files takes [0.000] sec: file:///Users/florian/.dotfiles/.config/nvim/undodir/%25Users%25florian%25.dotfiles%25.config%25nushell%25config.nu
[20:25:40.992][info] [#0:script/workspace/loading.lua:181]: Compile files takes [0.000] sec: file:///Users/florian/.dotfiles/.config/nvim/undodir/%25Users%25florian%25.dotfiles%25.config%25nushell%25config.nu
[20:25:40.993][info] [#0:script/workspace/loading.lua:182]: Loaded finish:	file:///Users/florian/.dotfiles/.config/nvim/undodir/%25Users%25florian%25.dotfiles%25.config%25nushell%25config.nu
[20:26:09.979][info] [#0:script/workspace/workspace.lua:290]: Scan files at:	file:///Users/florian/.dotfiles/.config/nvim/undodir/%25Users%25florian%25.dotfiles%25.config%25nushell%25config.nu
[20:26:09.979][info] [#0:script/workspace/loading.lua:160]: Load files from disk:	file:///Users/florian/.dotfiles/.config/nvim/undodir/%25Users%25florian%25.dotfiles%25.config%25nushell%25config.nu
[20:26:09.979][info] [#0:script/workspace/loading.lua:172]: Loaded files takes [0.000] sec: file:///Users/florian/.dotfiles/.config/nvim/undodir/%25Users%25florian%25.dotfiles%25.config%25nushell%25config.nu
[20:26:09.979][info] [#0:script/workspace/loading.lua:181]: Compile files takes [0.000] sec: file:///Users/florian/.dotfiles/.config/nvim/undodir/%25Users%25florian%25.dotfiles%25.config%25nushell%25config.nu
[20:26:09.979][info] [#0:script/workspace/loading.lua:182]: Loaded finish:	file:///Users/florian/.dotfiles/.config/nvim/undodir/%25Users%25florian%25.dotfiles%25.config%25nushell%25config.nu
[20:26:10.116][info] [#0:script/workspace/workspace.lua:290]: Scan files at:	file:///Users/florian/.dotfiles/.config/nvim/undodir/%25Users%25florian%25.dotfiles%25.config%25nushell%25config.nu
[20:26:10.116][info] [#0:script/workspace/loading.lua:160]: Load files from disk:	file:///Users/florian/.dotfiles/.config/nvim/undodir/%25Users%25florian%25.dotfiles%25.config%25nushell%25config.nu
[20:26:10.116][info] [#0:script/workspace/loading.lua:172]: Loaded files takes [0.000] sec: file:///Users/florian/.dotfiles/.config/nvim/undodir/%25Users%25florian%25.dotfiles%25.config%25nushell%25config.nu
[20:26:10.116][info] [#0:script/workspace/loading.lua:181]: Compile files takes [0.000] sec: file:///Users/florian/.dotfiles/.config/nvim/undodir/%25Users%25florian%25.dotfiles%25.config%25nushell%25config.nu
[20:26:10.116][info] [#0:script/workspace/loading.lua:182]: Loaded finish:	file:///Users/florian/.dotfiles/.config/nvim/undodir/%25Users%25florian%25.dotfiles%25.config%25nushell%25config.nu
[20:26:22.989][info] [#0:script/workspace/workspace.lua:290]: Scan files at:	file:///Users/florian/.dotfiles/.config/nvim/undodir/%25Users%25florian%25.dotfiles%25.config%25nushell%25config.nu
[20:26:22.990][info] [#0:script/workspace/loading.lua:160]: Load files from disk:	file:///Users/florian/.dotfiles/.config/nvim/undodir/%25Users%25florian%25.dotfiles%25.config%25nushell%25config.nu
[20:26:22.990][info] [#0:script/workspace/loading.lua:172]: Loaded files takes [0.000] sec: file:///Users/florian/.dotfiles/.config/nvim/undodir/%25Users%25florian%25.dotfiles%25.config%25nushell%25config.nu
[20:26:22.990][info] [#0:script/workspace/loading.lua:181]: Compile files takes [0.000] sec: file:///Users/florian/.dotfiles/.config/nvim/undodir/%25Users%25florian%25.dotfiles%25.config%25nushell%25config.nu
[20:26:22.990][info] [#0:script/workspace/loading.lua:182]: Loaded finish:	file:///Users/florian/.dotfiles/.config/nvim/undodir/%25Users%25florian%25.dotfiles%25.config%25nushell%25config.nu
[20:26:23.137][info] [#0:script/workspace/workspace.lua:290]: Scan files at:	file:///Users/florian/.dotfiles/.config/nvim/undodir/%25Users%25florian%25.dotfiles%25.config%25nushell%25config.nu
[20:26:23.137][info] [#0:script/workspace/loading.lua:160]: Load files from disk:	file:///Users/florian/.dotfiles/.config/nvim/undodir/%25Users%25florian%25.dotfiles%25.config%25nushell%25config.nu
[20:26:23.137][info] [#0:script/workspace/loading.lua:172]: Loaded files takes [0.000] sec: file:///Users/florian/.dotfiles/.config/nvim/undodir/%25Users%25florian%25.dotfiles%25.config%25nushell%25config.nu
[20:26:23.137][info] [#0:script/workspace/loading.lua:181]: Compile files takes [0.000] sec: file:///Users/florian/.dotfiles/.config/nvim/undodir/%25Users%25florian%25.dotfiles%25.config%25nushell%25config.nu
[20:26:23.137][info] [#0:script/workspace/loading.lua:182]: Loaded finish:	file:///Users/florian/.dotfiles/.config/nvim/undodir/%25Users%25florian%25.dotfiles%25.config%25nushell%25config.nu
[20:26:33.178][info] [#0:script/service/service.lua:145]: 
========= Medical Examination Report =========
    --------------- Memory ---------------
        Total: 1635.331 MB
        # 00 : 1629.663 MB
        # 01 : 5.317 MB
        # 02 : 0.053 MB
        # 03 : 0.053 MB
        # 04 : 0.245 MB
    --------------- Coroutine ---------------
        Total:     41
        Running:   0
        Suspended: 0
        Normal:    0
        Dead:      41
    --------------- Cache ---------------
        Total: 1
        Dead:  0
    ---------------  RPC  ---------------
        Holdon:   0
        Waiting:  0
==============================================
[20:26:44.091][info] [#0:script/workspace/workspace.lua:290]: Scan files at:	file:///Users/florian/.dotfiles/.config/nvim/undodir/%25Users%25florian%25.dotfiles%25.config%25nushell%25config.nu
[20:26:44.091][info] [#0:script/workspace/loading.lua:160]: Load files from disk:	file:///Users/florian/.dotfiles/.config/nvim/undodir/%25Users%25florian%25.dotfiles%25.config%25nushell%25config.nu
[20:26:44.092][info] [#0:script/workspace/loading.lua:172]: Loaded files takes [0.000] sec: file:///Users/florian/.dotfiles/.config/nvim/undodir/%25Users%25florian%25.dotfiles%25.config%25nushell%25config.nu
[20:26:44.092][info] [#0:script/workspace/loading.lua:181]: Compile files takes [0.000] sec: file:///Users/florian/.dotfiles/.config/nvim/undodir/%25Users%25florian%25.dotfiles%25.config%25nushell%25config.nu
[20:26:44.092][info] [#0:script/workspace/loading.lua:182]: Loaded finish:	file:///Users/florian/.dotfiles/.config/nvim/undodir/%25Users%25florian%25.dotfiles%25.config%25nushell%25config.nu
[20:26:44.241][info] [#0:script/workspace/workspace.lua:290]: Scan files at:	file:///Users/florian/.dotfiles/.config/nvim/undodir/%25Users%25florian%25.dotfiles%25.config%25nushell%25config.nu
[20:26:44.241][info] [#0:script/workspace/loading.lua:160]: Load files from disk:	file:///Users/florian/.dotfiles/.config/nvim/undodir/%25Users%25florian%25.dotfiles%25.config%25nushell%25config.nu
[20:26:44.241][info] [#0:script/workspace/loading.lua:172]: Loaded files takes [0.000] sec: file:///Users/florian/.dotfiles/.config/nvim/undodir/%25Users%25florian%25.dotfiles%25.config%25nushell%25config.nu
[20:26:44.241][info] [#0:script/workspace/loading.lua:181]: Compile files takes [0.000] sec: file:///Users/florian/.dotfiles/.config/nvim/undodir/%25Users%25florian%25.dotfiles%25.config%25nushell%25config.nu
[20:26:44.241][info] [#0:script/workspace/loading.lua:182]: Loaded finish:	file:///Users/florian/.dotfiles/.config/nvim/undodir/%25Users%25florian%25.dotfiles%25.config%25nushell%25config.nu
[20:26:48.098][info] [#0:script/workspace/workspace.lua:290]: Scan files at:	file:///Users/florian/.dotfiles/.config/nvim/undodir/%25Users%25florian%25.dotfiles%25.config%25nushell%25config.nu
[20:26:48.098][info] [#0:script/workspace/loading.lua:160]: Load files from disk:	file:///Users/florian/.dotfiles/.config/nvim/undodir/%25Users%25florian%25.dotfiles%25.config%25nushell%25config.nu
[20:26:48.098][info] [#0:script/workspace/loading.lua:172]: Loaded files takes [0.000] sec: file:///Users/florian/.dotfiles/.config/nvim/undodir/%25Users%25florian%25.dotfiles%25.config%25nushell%25config.nu
[20:26:48.098][info] [#0:script/workspace/loading.lua:181]: Compile files takes [0.000] sec: file:///Users/florian/.dotfiles/.config/nvim/undodir/%25Users%25florian%25.dotfiles%25.config%25nushell%25config.nu
[20:26:48.098][info] [#0:script/workspace/loading.lua:182]: Loaded finish:	file:///Users/florian/.dotfiles/.config/nvim/undodir/%25Users%25florian%25.dotfiles%25.config%25nushell%25config.nu
[20:26:48.265][info] [#0:script/workspace/workspace.lua:290]: Scan files at:	file:///Users/florian/.dotfiles/.config/nvim/undodir/%25Users%25florian%25.dotfiles%25.config%25nushell%25config.nu
[20:26:48.266][info] [#0:script/workspace/loading.lua:160]: Load files from disk:	file:///Users/florian/.dotfiles/.config/nvim/undodir/%25Users%25florian%25.dotfiles%25.config%25nushell%25config.nu
[20:26:48.266][info] [#0:script/workspace/loading.lua:172]: Loaded files takes [0.000] sec: file:///Users/florian/.dotfiles/.config/nvim/undodir/%25Users%25florian%25.dotfiles%25.config%25nushell%25config.nu
[20:26:48.266][info] [#0:script/workspace/loading.lua:181]: Compile files takes [0.000] sec: file:///Users/florian/.dotfiles/.config/nvim/undodir/%25Users%25florian%25.dotfiles%25.config%25nushell%25config.nu
[20:26:48.266][info] [#0:script/workspace/loading.lua:182]: Loaded finish:	file:///Users/florian/.dotfiles/.config/nvim/undodir/%25Users%25florian%25.dotfiles%25.config%25nushell%25config.nu
[20:27:14.188][info] [#0:script/workspace/workspace.lua:290]: Scan files at:	file:///Users/florian/.dotfiles/.config/nvim/undodir/%25Users%25florian%25.dotfiles%25.config%25nushell%25config.nu
[20:27:14.189][info] [#0:script/workspace/loading.lua:160]: Load files from disk:	file:///Users/florian/.dotfiles/.config/nvim/undodir/%25Users%25florian%25.dotfiles%25.config%25nushell%25config.nu
[20:27:14.190][info] [#0:script/workspace/loading.lua:172]: Loaded files takes [0.000] sec: file:///Users/florian/.dotfiles/.config/nvim/undodir/%25Users%25florian%25.dotfiles%25.config%25nushell%25config.nu
[20:27:14.190][info] [#0:script/workspace/loading.lua:181]: Compile files takes [0.000] sec: file:///Users/florian/.dotfiles/.config/nvim/undodir/%25Users%25florian%25.dotfiles%25.config%25nushell%25config.nu
[20:27:14.190][info] [#0:script/workspace/loading.lua:182]: Loaded finish:	file:///Users/florian/.dotfiles/.config/nvim/undodir/%25Users%25florian%25.dotfiles%25.config%25nushell%25config.nu
[20:27:14.358][info] [#0:script/workspace/workspace.lua:290]: Scan files at:	file:///Users/florian/.dotfiles/.config/nvim/undodir/%25Users%25florian%25.dotfiles%25.config%25nushell%25config.nu
[20:27:14.358][info] [#0:script/workspace/loading.lua:160]: Load files from disk:	file:///Users/florian/.dotfiles/.config/nvim/undodir/%25Users%25florian%25.dotfiles%25.config%25nushell%25config.nu
[20:27:14.358][info] [#0:script/workspace/loading.lua:172]: Loaded files takes [0.000] sec: file:///Users/florian/.dotfiles/.config/nvim/undodir/%25Users%25florian%25.dotfiles%25.config%25nushell%25config.nu
[20:27:14.358][info] [#0:script/workspace/loading.lua:181]: Compile files takes [0.000] sec: file:///Users/florian/.dotfiles/.config/nvim/undodir/%25Users%25florian%25.dotfiles%25.config%25nushell%25config.nu
[20:27:14.358][info] [#0:script/workspace/loading.lua:182]: Loaded finish:	file:///Users/florian/.dotfiles/.config/nvim/undodir/%25Users%25florian%25.dotfiles%25.config%25nushell%25config.nu
[20:27:49.285][info] [#0:script/workspace/workspace.lua:290]: Scan files at:	file:///Users/florian/.dotfiles/.config/nvim/undodir/%25Users%25florian%25.dotfiles%25.config%25nushell%25config.nu
[20:27:49.285][info] [#0:script/workspace/loading.lua:160]: Load files from disk:	file:///Users/florian/.dotfiles/.config/nvim/undodir/%25Users%25florian%25.dotfiles%25.config%25nushell%25config.nu
[20:27:49.285][info] [#0:script/workspace/loading.lua:172]: Loaded files takes [0.000] sec: file:///Users/florian/.dotfiles/.config/nvim/undodir/%25Users%25florian%25.dotfiles%25.config%25nushell%25config.nu
[20:27:49.285][info] [#0:script/workspace/loading.lua:181]: Compile files takes [0.000] sec: file:///Users/florian/.dotfiles/.config/nvim/undodir/%25Users%25florian%25.dotfiles%25.config%25nushell%25config.nu
[20:27:49.285][info] [#0:script/workspace/loading.lua:182]: Loaded finish:	file:///Users/florian/.dotfiles/.config/nvim/undodir/%25Users%25florian%25.dotfiles%25.config%25nushell%25config.nu
[20:27:49.456][info] [#0:script/workspace/workspace.lua:290]: Scan files at:	file:///Users/florian/.dotfiles/.config/nvim/undodir/%25Users%25florian%25.dotfiles%25.config%25nushell%25config.nu
[20:27:49.456][info] [#0:script/workspace/loading.lua:160]: Load files from disk:	file:///Users/florian/.dotfiles/.config/nvim/undodir/%25Users%25florian%25.dotfiles%25.config%25nushell%25config.nu
[20:27:49.457][info] [#0:script/workspace/loading.lua:172]: Loaded files takes [0.000] sec: file:///Users/florian/.dotfiles/.config/nvim/undodir/%25Users%25florian%25.dotfiles%25.config%25nushell%25config.nu
[20:27:49.457][info] [#0:script/workspace/loading.lua:181]: Compile files takes [0.000] sec: file:///Users/florian/.dotfiles/.config/nvim/undodir/%25Users%25florian%25.dotfiles%25.config%25nushell%25config.nu
[20:27:49.457][info] [#0:script/workspace/loading.lua:182]: Loaded finish:	file:///Users/florian/.dotfiles/.config/nvim/undodir/%25Users%25florian%25.dotfiles%25.config%25nushell%25config.nu
[20:28:08.396][info] [#0:script/workspace/workspace.lua:290]: Scan files at:	file:///Users/florian/.dotfiles/.config/nvim/undodir/%25Users%25florian%25.dotfiles%25.config%25nushell%25config.nu
[20:28:08.397][info] [#0:script/workspace/loading.lua:160]: Load files from disk:	file:///Users/florian/.dotfiles/.config/nvim/undodir/%25Users%25florian%25.dotfiles%25.config%25nushell%25config.nu
[20:28:08.397][info] [#0:script/workspace/loading.lua:172]: Loaded files takes [0.000] sec: file:///Users/florian/.dotfiles/.config/nvim/undodir/%25Users%25florian%25.dotfiles%25.config%25nushell%25config.nu
[20:28:08.397][info] [#0:script/workspace/loading.lua:181]: Compile files takes [0.000] sec: file:///Users/florian/.dotfiles/.config/nvim/undodir/%25Users%25florian%25.dotfiles%25.config%25nushell%25config.nu
[20:28:08.397][info] [#0:script/workspace/loading.lua:182]: Loaded finish:	file:///Users/florian/.dotfiles/.config/nvim/undodir/%25Users%25florian%25.dotfiles%25.config%25nushell%25config.nu
[20:28:08.551][info] [#0:script/workspace/workspace.lua:290]: Scan files at:	file:///Users/florian/.dotfiles/.config/nvim/undodir/%25Users%25florian%25.dotfiles%25.config%25nushell%25config.nu
[20:28:08.551][info] [#0:script/workspace/loading.lua:160]: Load files from disk:	file:///Users/florian/.dotfiles/.config/nvim/undodir/%25Users%25florian%25.dotfiles%25.config%25nushell%25config.nu
[20:28:08.552][info] [#0:script/workspace/loading.lua:172]: Loaded files takes [0.000] sec: file:///Users/florian/.dotfiles/.config/nvim/undodir/%25Users%25florian%25.dotfiles%25.config%25nushell%25config.nu
[20:28:08.552][info] [#0:script/workspace/loading.lua:181]: Compile files takes [0.000] sec: file:///Users/florian/.dotfiles/.config/nvim/undodir/%25Users%25florian%25.dotfiles%25.config%25nushell%25config.nu
[20:28:08.552][info] [#0:script/workspace/loading.lua:182]: Loaded finish:	file:///Users/florian/.dotfiles/.config/nvim/undodir/%25Users%25florian%25.dotfiles%25.config%25nushell%25config.nu
[20:29:16.652][info] [#0:script/workspace/workspace.lua:290]: Scan files at:	file:///Users/florian/.dotfiles/.config/nvim/undodir/%25Users%25florian%25.dotfiles%25.config%25nushell%25config.nu
[20:29:16.654][info] [#0:script/workspace/loading.lua:160]: Load files from disk:	file:///Users/florian/.dotfiles/.config/nvim/undodir/%25Users%25florian%25.dotfiles%25.config%25nushell%25config.nu
[20:29:16.654][info] [#0:script/workspace/loading.lua:172]: Loaded files takes [0.000] sec: file:///Users/florian/.dotfiles/.config/nvim/undodir/%25Users%25florian%25.dotfiles%25.config%25nushell%25config.nu
[20:29:16.654][info] [#0:script/workspace/loading.lua:181]: Compile files takes [0.000] sec: file:///Users/florian/.dotfiles/.config/nvim/undodir/%25Users%25florian%25.dotfiles%25.config%25nushell%25config.nu
[20:29:16.654][info] [#0:script/workspace/loading.lua:182]: Loaded finish:	file:///Users/florian/.dotfiles/.config/nvim/undodir/%25Users%25florian%25.dotfiles%25.config%25nushell%25config.nu
[20:29:16.807][info] [#0:script/workspace/workspace.lua:290]: Scan files at:	file:///Users/florian/.dotfiles/.config/nvim/undodir/%25Users%25florian%25.dotfiles%25.config%25nushell%25config.nu
[20:29:16.808][info] [#0:script/workspace/loading.lua:160]: Load files from disk:	file:///Users/florian/.dotfiles/.config/nvim/undodir/%25Users%25florian%25.dotfiles%25.config%25nushell%25config.nu
[20:29:16.808][info] [#0:script/workspace/loading.lua:172]: Loaded files takes [0.000] sec: file:///Users/florian/.dotfiles/.config/nvim/undodir/%25Users%25florian%25.dotfiles%25.config%25nushell%25config.nu
[20:29:16.808][info] [#0:script/workspace/loading.lua:181]: Compile files takes [0.000] sec: file:///Users/florian/.dotfiles/.config/nvim/undodir/%25Users%25florian%25.dotfiles%25.config%25nushell%25config.nu
[20:29:16.808][info] [#0:script/workspace/loading.lua:182]: Loaded finish:	file:///Users/florian/.dotfiles/.config/nvim/undodir/%25Users%25florian%25.dotfiles%25.config%25nushell%25config.nu
[20:29:45.880][info] [#0:script/workspace/workspace.lua:290]: Scan files at:	file:///Users/florian/.dotfiles/.config/nvim/undodir/%25Users%25florian%25.dotfiles%25.config%25nushell%25config.nu
[20:29:45.881][info] [#0:script/workspace/loading.lua:160]: Load files from disk:	file:///Users/florian/.dotfiles/.config/nvim/undodir/%25Users%25florian%25.dotfiles%25.config%25nushell%25config.nu
[20:29:45.881][info] [#0:script/workspace/loading.lua:172]: Loaded files takes [0.000] sec: file:///Users/florian/.dotfiles/.config/nvim/undodir/%25Users%25florian%25.dotfiles%25.config%25nushell%25config.nu
[20:29:45.881][info] [#0:script/workspace/loading.lua:181]: Compile files takes [0.000] sec: file:///Users/florian/.dotfiles/.config/nvim/undodir/%25Users%25florian%25.dotfiles%25.config%25nushell%25config.nu
[20:29:45.881][info] [#0:script/workspace/loading.lua:182]: Loaded finish:	file:///Users/florian/.dotfiles/.config/nvim/undodir/%25Users%25florian%25.dotfiles%25.config%25nushell%25config.nu
[20:29:46.772][info] [#0:script/workspace/workspace.lua:290]: Scan files at:	file:///Users/florian/.dotfiles/.config/nvim/undodir/%25Users%25florian%25.dotfiles%25.config%25nushell%25config.nu
[20:29:46.772][info] [#0:script/workspace/loading.lua:160]: Load files from disk:	file:///Users/florian/.dotfiles/.config/nvim/undodir/%25Users%25florian%25.dotfiles%25.config%25nushell%25config.nu
[20:29:46.772][info] [#0:script/workspace/loading.lua:172]: Loaded files takes [0.000] sec: file:///Users/florian/.dotfiles/.config/nvim/undodir/%25Users%25florian%25.dotfiles%25.config%25nushell%25config.nu
[20:29:46.772][info] [#0:script/workspace/loading.lua:181]: Compile files takes [0.000] sec: file:///Users/florian/.dotfiles/.config/nvim/undodir/%25Users%25florian%25.dotfiles%25.config%25nushell%25config.nu
[20:29:46.772][info] [#0:script/workspace/loading.lua:182]: Loaded finish:	file:///Users/florian/.dotfiles/.config/nvim/undodir/%25Users%25florian%25.dotfiles%25.config%25nushell%25config.nu
[20:29:57.772][info] [#0:script/workspace/workspace.lua:290]: Scan files at:	file:///Users/florian/.dotfiles/.config/nvim/undodir/%25Users%25florian%25.dotfiles%25.config%25nushell%25config.nu
[20:29:57.772][info] [#0:script/workspace/loading.lua:160]: Load files from disk:	file:///Users/florian/.dotfiles/.config/nvim/undodir/%25Users%25florian%25.dotfiles%25.config%25nushell%25config.nu
[20:29:57.772][info] [#0:script/workspace/loading.lua:172]: Loaded files takes [0.000] sec: file:///Users/florian/.dotfiles/.config/nvim/undodir/%25Users%25florian%25.dotfiles%25.config%25nushell%25config.nu
[20:29:57.772][info] [#0:script/workspace/loading.lua:181]: Compile files takes [0.000] sec: file:///Users/florian/.dotfiles/.config/nvim/undodir/%25Users%25florian%25.dotfiles%25.config%25nushell%25config.nu
[20:29:57.772][info] [#0:script/workspace/loading.lua:182]: Loaded finish:	file:///Users/florian/.dotfiles/.config/nvim/undodir/%25Users%25florian%25.dotfiles%25.config%25nushell%25config.nu
[20:29:57.929][info] [#0:script/workspace/workspace.lua:290]: Scan files at:	file:///Users/florian/.dotfiles/.config/nvim/undodir/%25Users%25florian%25.dotfiles%25.config%25nushell%25config.nu
[20:29:57.930][info] [#0:script/workspace/loading.lua:160]: Load files from disk:	file:///Users/florian/.dotfiles/.config/nvim/undodir/%25Users%25florian%25.dotfiles%25.config%25nushell%25config.nu
[20:29:57.930][info] [#0:script/workspace/loading.lua:172]: Loaded files takes [0.000] sec: file:///Users/florian/.dotfiles/.config/nvim/undodir/%25Users%25florian%25.dotfiles%25.config%25nushell%25config.nu
[20:29:57.930][info] [#0:script/workspace/loading.lua:181]: Compile files takes [0.000] sec: file:///Users/florian/.dotfiles/.config/nvim/undodir/%25Users%25florian%25.dotfiles%25.config%25nushell%25config.nu
[20:29:57.930][info] [#0:script/workspace/loading.lua:182]: Loaded finish:	file:///Users/florian/.dotfiles/.config/nvim/undodir/%25Users%25florian%25.dotfiles%25.config%25nushell%25config.nu
[20:31:33.148][info] [#0:script/workspace/workspace.lua:290]: Scan files at:	file:///Users/florian/.dotfiles/.config/nvim/undodir/%25Users%25florian%25.dotfiles%25.config%25nushell%25config.nu
[20:31:33.149][info] [#0:script/workspace/loading.lua:160]: Load files from disk:	file:///Users/florian/.dotfiles/.config/nvim/undodir/%25Users%25florian%25.dotfiles%25.config%25nushell%25config.nu
[20:31:33.149][info] [#0:script/workspace/loading.lua:172]: Loaded files takes [0.000] sec: file:///Users/florian/.dotfiles/.config/nvim/undodir/%25Users%25florian%25.dotfiles%25.config%25nushell%25config.nu
[20:31:33.149][info] [#0:script/workspace/loading.lua:181]: Compile files takes [0.000] sec: file:///Users/florian/.dotfiles/.config/nvim/undodir/%25Users%25florian%25.dotfiles%25.config%25nushell%25config.nu
[20:31:33.149][info] [#0:script/workspace/loading.lua:182]: Loaded finish:	file:///Users/florian/.dotfiles/.config/nvim/undodir/%25Users%25florian%25.dotfiles%25.config%25nushell%25config.nu
[20:31:33.298][info] [#0:script/workspace/workspace.lua:290]: Scan files at:	file:///Users/florian/.dotfiles/.config/nvim/undodir/%25Users%25florian%25.dotfiles%25.config%25nushell%25config.nu
[20:31:33.299][info] [#0:script/workspace/loading.lua:160]: Load files from disk:	file:///Users/florian/.dotfiles/.config/nvim/undodir/%25Users%25florian%25.dotfiles%25.config%25nushell%25config.nu
[20:31:33.299][info] [#0:script/workspace/loading.lua:172]: Loaded files takes [0.000] sec: file:///Users/florian/.dotfiles/.config/nvim/undodir/%25Users%25florian%25.dotfiles%25.config%25nushell%25config.nu
[20:31:33.299][info] [#0:script/workspace/loading.lua:181]: Compile files takes [0.000] sec: file:///Users/florian/.dotfiles/.config/nvim/undodir/%25Users%25florian%25.dotfiles%25.config%25nushell%25config.nu
[20:31:33.299][info] [#0:script/workspace/loading.lua:182]: Loaded finish:	file:///Users/florian/.dotfiles/.config/nvim/undodir/%25Users%25florian%25.dotfiles%25.config%25nushell%25config.nu
[20:32:43.541][info] [#0:script/workspace/workspace.lua:290]: Scan files at:	file:///Users/florian/.dotfiles/.config/nvim/undodir/%25Users%25florian%25.dotfiles%25.config%25nushell%25config.nu
[20:32:43.542][info] [#0:script/workspace/loading.lua:160]: Load files from disk:	file:///Users/florian/.dotfiles/.config/nvim/undodir/%25Users%25florian%25.dotfiles%25.config%25nushell%25config.nu
[20:32:43.542][info] [#0:script/workspace/loading.lua:172]: Loaded files takes [0.000] sec: file:///Users/florian/.dotfiles/.config/nvim/undodir/%25Users%25florian%25.dotfiles%25.config%25nushell%25config.nu
[20:32:43.542][info] [#0:script/workspace/loading.lua:181]: Compile files takes [0.000] sec: file:///Users/florian/.dotfiles/.config/nvim/undodir/%25Users%25florian%25.dotfiles%25.config%25nushell%25config.nu
[20:32:43.543][info] [#0:script/workspace/loading.lua:182]: Loaded finish:	file:///Users/florian/.dotfiles/.config/nvim/undodir/%25Users%25florian%25.dotfiles%25.config%25nushell%25config.nu
[20:32:44.355][info] [#0:script/workspace/workspace.lua:290]: Scan files at:	file:///Users/florian/.dotfiles/.config/nvim/undodir/%25Users%25florian%25.dotfiles%25.config%25nushell%25config.nu
[20:32:44.355][info] [#0:script/workspace/loading.lua:160]: Load files from disk:	file:///Users/florian/.dotfiles/.config/nvim/undodir/%25Users%25florian%25.dotfiles%25.config%25nushell%25config.nu
[20:32:44.356][info] [#0:script/workspace/loading.lua:172]: Loaded files takes [0.000] sec: file:///Users/florian/.dotfiles/.config/nvim/undodir/%25Users%25florian%25.dotfiles%25.config%25nushell%25config.nu
[20:32:44.356][info] [#0:script/workspace/loading.lua:181]: Compile files takes [0.000] sec: file:///Users/florian/.dotfiles/.config/nvim/undodir/%25Users%25florian%25.dotfiles%25.config%25nushell%25config.nu
[20:32:44.356][info] [#0:script/workspace/loading.lua:182]: Loaded finish:	file:///Users/florian/.dotfiles/.config/nvim/undodir/%25Users%25florian%25.dotfiles%25.config%25nushell%25config.nu
[20:33:33.056][info] [#0:script/service/service.lua:145]: 
========= Medical Examination Report =========
    --------------- Memory ---------------
        Total: 1664.027 MB
        # 00 : 1659.029 MB
        # 01 : 0.053 MB
        # 02 : 1.462 MB
        # 03 : 0.053 MB
        # 04 : 3.430 MB
    --------------- Coroutine ---------------
        Total:     81
        Running:   0
        Suspended: 0
        Normal:    0
        Dead:      81
    --------------- Cache ---------------
        Total: 1
        Dead:  0
    ---------------  RPC  ---------------
        Holdon:   0
        Waiting:  0
==============================================
[20:34:24.700][info] [#0:script/workspace/workspace.lua:290]: Scan files at:	file:///Users/florian/.dotfiles/.config/nvim/undodir/%25Users%25florian%25.dotfiles%25.config%25nushell%25config.nu
[20:34:24.700][info] [#0:script/workspace/loading.lua:160]: Load files from disk:	file:///Users/florian/.dotfiles/.config/nvim/undodir/%25Users%25florian%25.dotfiles%25.config%25nushell%25config.nu
[20:34:24.700][info] [#0:script/workspace/loading.lua:172]: Loaded files takes [0.000] sec: file:///Users/florian/.dotfiles/.config/nvim/undodir/%25Users%25florian%25.dotfiles%25.config%25nushell%25config.nu
[20:34:24.700][info] [#0:script/workspace/loading.lua:181]: Compile files takes [0.000] sec: file:///Users/florian/.dotfiles/.config/nvim/undodir/%25Users%25florian%25.dotfiles%25.config%25nushell%25config.nu
[20:34:24.700][info] [#0:script/workspace/loading.lua:182]: Loaded finish:	file:///Users/florian/.dotfiles/.config/nvim/undodir/%25Users%25florian%25.dotfiles%25.config%25nushell%25config.nu
[20:34:24.867][info] [#0:script/workspace/workspace.lua:290]: Scan files at:	file:///Users/florian/.dotfiles/.config/nvim/undodir/%25Users%25florian%25.dotfiles%25.config%25nushell%25config.nu
[20:34:24.868][info] [#0:script/workspace/loading.lua:160]: Load files from disk:	file:///Users/florian/.dotfiles/.config/nvim/undodir/%25Users%25florian%25.dotfiles%25.config%25nushell%25config.nu
[20:34:24.868][info] [#0:script/workspace/loading.lua:172]: Loaded files takes [0.000] sec: file:///Users/florian/.dotfiles/.config/nvim/undodir/%25Users%25florian%25.dotfiles%25.config%25nushell%25config.nu
[20:34:24.868][info] [#0:script/workspace/loading.lua:181]: Compile files takes [0.000] sec: file:///Users/florian/.dotfiles/.config/nvim/undodir/%25Users%25florian%25.dotfiles%25.config%25nushell%25config.nu
[20:34:24.868][info] [#0:script/workspace/loading.lua:182]: Loaded finish:	file:///Users/florian/.dotfiles/.config/nvim/undodir/%25Users%25florian%25.dotfiles%25.config%25nushell%25config.nu
[20:34:55.859][info] [#0:script/workspace/workspace.lua:290]: Scan files at:	file:///Users/florian/.dotfiles/.config/nvim/undodir/%25Users%25florian%25.dotfiles%25.config%25nushell%25config.nu
[20:34:55.859][info] [#0:script/workspace/loading.lua:160]: Load files from disk:	file:///Users/florian/.dotfiles/.config/nvim/undodir/%25Users%25florian%25.dotfiles%25.config%25nushell%25config.nu
[20:34:55.859][info] [#0:script/workspace/loading.lua:172]: Loaded files takes [0.000] sec: file:///Users/florian/.dotfiles/.config/nvim/undodir/%25Users%25florian%25.dotfiles%25.config%25nushell%25config.nu
[20:34:55.859][info] [#0:script/workspace/loading.lua:181]: Compile files takes [0.000] sec: file:///Users/florian/.dotfiles/.config/nvim/undodir/%25Users%25florian%25.dotfiles%25.config%25nushell%25config.nu
[20:34:55.859][info] [#0:script/workspace/loading.lua:182]: Loaded finish:	file:///Users/florian/.dotfiles/.config/nvim/undodir/%25Users%25florian%25.dotfiles%25.config%25nushell%25config.nu
[20:34:56.004][info] [#0:script/workspace/workspace.lua:290]: Scan files at:	file:///Users/florian/.dotfiles/.config/nvim/undodir/%25Users%25florian%25.dotfiles%25.config%25nushell%25config.nu
[20:34:56.004][info] [#0:script/workspace/loading.lua:160]: Load files from disk:	file:///Users/florian/.dotfiles/.config/nvim/undodir/%25Users%25florian%25.dotfiles%25.config%25nushell%25config.nu
[20:34:56.004][info] [#0:script/workspace/loading.lua:172]: Loaded files takes [0.000] sec: file:///Users/florian/.dotfiles/.config/nvim/undodir/%25Users%25florian%25.dotfiles%25.config%25nushell%25config.nu
[20:34:56.004][info] [#0:script/workspace/loading.lua:181]: Compile files takes [0.000] sec: file:///Users/florian/.dotfiles/.config/nvim/undodir/%25Users%25florian%25.dotfiles%25.config%25nushell%25config.nu
[20:34:56.004][info] [#0:script/workspace/loading.lua:182]: Loaded finish:	file:///Users/florian/.dotfiles/.config/nvim/undodir/%25Users%25florian%25.dotfiles%25.config%25nushell%25config.nu
[20:35:10.880][info] [#0:script/workspace/workspace.lua:290]: Scan files at:	file:///Users/florian/.dotfiles/.config/nvim/undodir/%25Users%25florian%25.dotfiles%25.config%25nushell%25env.nu
[20:35:10.881][info] [#0:script/workspace/loading.lua:160]: Load files from disk:	file:///Users/florian/.dotfiles/.config/nvim/undodir/%25Users%25florian%25.dotfiles%25.config%25nushell%25env.nu
[20:35:10.881][info] [#0:script/workspace/loading.lua:172]: Loaded files takes [0.000] sec: file:///Users/florian/.dotfiles/.config/nvim/undodir/%25Users%25florian%25.dotfiles%25.config%25nushell%25env.nu
[20:35:10.881][info] [#0:script/workspace/loading.lua:181]: Compile files takes [0.000] sec: file:///Users/florian/.dotfiles/.config/nvim/undodir/%25Users%25florian%25.dotfiles%25.config%25nushell%25env.nu
[20:35:10.881][info] [#0:script/workspace/loading.lua:182]: Loaded finish:	file:///Users/florian/.dotfiles/.config/nvim/undodir/%25Users%25florian%25.dotfiles%25.config%25nushell%25env.nu
[20:35:11.031][info] [#0:script/workspace/workspace.lua:290]: Scan files at:	file:///Users/florian/.dotfiles/.config/nvim/undodir/%25Users%25florian%25.dotfiles%25.config%25nushell%25env.nu
[20:35:11.032][info] [#0:script/workspace/loading.lua:160]: Load files from disk:	file:///Users/florian/.dotfiles/.config/nvim/undodir/%25Users%25florian%25.dotfiles%25.config%25nushell%25env.nu
[20:35:11.032][info] [#0:script/workspace/loading.lua:172]: Loaded files takes [0.000] sec: file:///Users/florian/.dotfiles/.config/nvim/undodir/%25Users%25florian%25.dotfiles%25.config%25nushell%25env.nu
[20:35:11.032][info] [#0:script/workspace/loading.lua:181]: Compile files takes [0.000] sec: file:///Users/florian/.dotfiles/.config/nvim/undodir/%25Users%25florian%25.dotfiles%25.config%25nushell%25env.nu
[20:35:11.032][info] [#0:script/workspace/loading.lua:182]: Loaded finish:	file:///Users/florian/.dotfiles/.config/nvim/undodir/%25Users%25florian%25.dotfiles%25.config%25nushell%25env.nu
[20:35:40.023][info] [#0:script/workspace/workspace.lua:290]: Scan files at:	file:///Users/florian/.dotfiles/.config/nvim/undodir/%25Users%25florian%25.dotfiles%25.config%25nushell%25config.nu
[20:35:40.023][info] [#0:script/workspace/loading.lua:160]: Load files from disk:	file:///Users/florian/.dotfiles/.config/nvim/undodir/%25Users%25florian%25.dotfiles%25.config%25nushell%25config.nu
[20:35:40.023][info] [#0:script/workspace/loading.lua:172]: Loaded files takes [0.000] sec: file:///Users/florian/.dotfiles/.config/nvim/undodir/%25Users%25florian%25.dotfiles%25.config%25nushell%25config.nu
[20:35:40.023][info] [#0:script/workspace/loading.lua:181]: Compile files takes [0.000] sec: file:///Users/florian/.dotfiles/.config/nvim/undodir/%25Users%25florian%25.dotfiles%25.config%25nushell%25config.nu
[20:35:40.023][info] [#0:script/workspace/loading.lua:182]: Loaded finish:	file:///Users/florian/.dotfiles/.config/nvim/undodir/%25Users%25florian%25.dotfiles%25.config%25nushell%25config.nu
[20:35:40.168][info] [#0:script/workspace/workspace.lua:290]: Scan files at:	file:///Users/florian/.dotfiles/.config/nvim/undodir/%25Users%25florian%25.dotfiles%25.config%25nushell%25config.nu
[20:35:40.169][info] [#0:script/workspace/loading.lua:160]: Load files from disk:	file:///Users/florian/.dotfiles/.config/nvim/undodir/%25Users%25florian%25.dotfiles%25.config%25nushell%25config.nu
[20:35:40.169][info] [#0:script/workspace/loading.lua:172]: Loaded files takes [0.000] sec: file:///Users/florian/.dotfiles/.config/nvim/undodir/%25Users%25florian%25.dotfiles%25.config%25nushell%25config.nu
[20:35:40.169][info] [#0:script/workspace/loading.lua:181]: Compile files takes [0.000] sec: file:///Users/florian/.dotfiles/.config/nvim/undodir/%25Users%25florian%25.dotfiles%25.config%25nushell%25config.nu
[20:35:40.169][info] [#0:script/workspace/loading.lua:182]: Loaded finish:	file:///Users/florian/.dotfiles/.config/nvim/undodir/%25Users%25florian%25.dotfiles%25.config%25nushell%25config.nu
[20:36:03.208][info] [#0:script/workspace/workspace.lua:290]: Scan files at:	file:///Users/florian/.dotfiles/.config/nvim/undodir/%25Users%25florian%25.dotfiles%25.config%25nushell%25env.nu
[20:36:03.208][info] [#0:script/workspace/loading.lua:160]: Load files from disk:	file:///Users/florian/.dotfiles/.config/nvim/undodir/%25Users%25florian%25.dotfiles%25.config%25nushell%25env.nu
[20:36:03.208][info] [#0:script/workspace/loading.lua:172]: Loaded files takes [0.000] sec: file:///Users/florian/.dotfiles/.config/nvim/undodir/%25Users%25florian%25.dotfiles%25.config%25nushell%25env.nu
[20:36:03.208][info] [#0:script/workspace/loading.lua:181]: Compile files takes [0.000] sec: file:///Users/florian/.dotfiles/.config/nvim/undodir/%25Users%25florian%25.dotfiles%25.config%25nushell%25env.nu
[20:36:03.208][info] [#0:script/workspace/loading.lua:182]: Loaded finish:	file:///Users/florian/.dotfiles/.config/nvim/undodir/%25Users%25florian%25.dotfiles%25.config%25nushell%25env.nu
[20:36:04.127][info] [#0:script/workspace/workspace.lua:290]: Scan files at:	file:///Users/florian/.dotfiles/.config/nvim/undodir/%25Users%25florian%25.dotfiles%25.config%25nushell%25env.nu
[20:36:04.127][info] [#0:script/workspace/loading.lua:160]: Load files from disk:	file:///Users/florian/.dotfiles/.config/nvim/undodir/%25Users%25florian%25.dotfiles%25.config%25nushell%25env.nu
[20:36:04.127][info] [#0:script/workspace/loading.lua:172]: Loaded files takes [0.000] sec: file:///Users/florian/.dotfiles/.config/nvim/undodir/%25Users%25florian%25.dotfiles%25.config%25nushell%25env.nu
[20:36:04.127][info] [#0:script/workspace/loading.lua:181]: Compile files takes [0.000] sec: file:///Users/florian/.dotfiles/.config/nvim/undodir/%25Users%25florian%25.dotfiles%25.config%25nushell%25env.nu
[20:36:04.127][info] [#0:script/workspace/loading.lua:182]: Loaded finish:	file:///Users/florian/.dotfiles/.config/nvim/undodir/%25Users%25florian%25.dotfiles%25.config%25nushell%25env.nu
[20:36:06.137][info] [#0:script/workspace/workspace.lua:290]: Scan files at:	file:///Users/florian/.dotfiles/.config/nvim/undodir/%25Users%25florian%25.dotfiles%25.config%25nushell%25config.nu
[20:36:06.137][info] [#0:script/workspace/loading.lua:160]: Load files from disk:	file:///Users/florian/.dotfiles/.config/nvim/undodir/%25Users%25florian%25.dotfiles%25.config%25nushell%25config.nu
[20:36:06.138][info] [#0:script/workspace/loading.lua:172]: Loaded files takes [0.000] sec: file:///Users/florian/.dotfiles/.config/nvim/undodir/%25Users%25florian%25.dotfiles%25.config%25nushell%25config.nu
[20:36:06.138][info] [#0:script/workspace/loading.lua:181]: Compile files takes [0.000] sec: file:///Users/florian/.dotfiles/.config/nvim/undodir/%25Users%25florian%25.dotfiles%25.config%25nushell%25config.nu
[20:36:06.138][info] [#0:script/workspace/loading.lua:182]: Loaded finish:	file:///Users/florian/.dotfiles/.config/nvim/undodir/%25Users%25florian%25.dotfiles%25.config%25nushell%25config.nu
[20:36:06.257][info] [#0:script/workspace/workspace.lua:290]: Scan files at:	file:///Users/florian/.dotfiles/.config/nvim/undodir/%25Users%25florian%25.dotfiles%25.config%25nushell%25config.nu
[20:36:06.257][info] [#0:script/workspace/loading.lua:160]: Load files from disk:	file:///Users/florian/.dotfiles/.config/nvim/undodir/%25Users%25florian%25.dotfiles%25.config%25nushell%25config.nu
[20:36:06.257][info] [#0:script/workspace/loading.lua:172]: Loaded files takes [0.000] sec: file:///Users/florian/.dotfiles/.config/nvim/undodir/%25Users%25florian%25.dotfiles%25.config%25nushell%25config.nu
[20:36:06.257][info] [#0:script/workspace/loading.lua:181]: Compile files takes [0.000] sec: file:///Users/florian/.dotfiles/.config/nvim/undodir/%25Users%25florian%25.dotfiles%25.config%25nushell%25config.nu
[20:36:06.257][info] [#0:script/workspace/loading.lua:182]: Loaded finish:	file:///Users/florian/.dotfiles/.config/nvim/undodir/%25Users%25florian%25.dotfiles%25.config%25nushell%25config.nu
[20:36:33.310][info] [#0:script/service/service.lua:145]: 
========= Medical Examination Report =========
    --------------- Memory ---------------
        Total: 1635.594 MB
        # 00 : 1629.926 MB
        # 01 : 5.317 MB
        # 02 : 0.053 MB
        # 03 : 0.053 MB
        # 04 : 0.245 MB
    --------------- Coroutine ---------------
        Total:     105
        Running:   0
        Suspended: 0
        Normal:    0
        Dead:      105
    --------------- Cache ---------------
        Total: 1
        Dead:  0
    ---------------  RPC  ---------------
        Holdon:   0
        Waiting:  0
==============================================
[20:37:49.465][info] [#0:script/workspace/workspace.lua:290]: Scan files at:	file:///Users/florian/.dotfiles/.config/nvim/undodir/%25Users%25florian%25.dotfiles%25.config%25nushell%25env.nu
[20:37:49.466][info] [#0:script/workspace/loading.lua:160]: Load files from disk:	file:///Users/florian/.dotfiles/.config/nvim/undodir/%25Users%25florian%25.dotfiles%25.config%25nushell%25env.nu
[20:37:49.466][info] [#0:script/workspace/loading.lua:172]: Loaded files takes [0.000] sec: file:///Users/florian/.dotfiles/.config/nvim/undodir/%25Users%25florian%25.dotfiles%25.config%25nushell%25env.nu
[20:37:49.466][info] [#0:script/workspace/loading.lua:181]: Compile files takes [0.000] sec: file:///Users/florian/.dotfiles/.config/nvim/undodir/%25Users%25florian%25.dotfiles%25.config%25nushell%25env.nu
[20:37:49.466][info] [#0:script/workspace/loading.lua:182]: Loaded finish:	file:///Users/florian/.dotfiles/.config/nvim/undodir/%25Users%25florian%25.dotfiles%25.config%25nushell%25env.nu
[20:37:49.592][info] [#0:script/workspace/workspace.lua:290]: Scan files at:	file:///Users/florian/.dotfiles/.config/nvim/undodir/%25Users%25florian%25.dotfiles%25.config%25nushell%25env.nu
[20:37:49.592][info] [#0:script/workspace/loading.lua:160]: Load files from disk:	file:///Users/florian/.dotfiles/.config/nvim/undodir/%25Users%25florian%25.dotfiles%25.config%25nushell%25env.nu
[20:37:49.592][info] [#0:script/workspace/loading.lua:172]: Loaded files takes [0.000] sec: file:///Users/florian/.dotfiles/.config/nvim/undodir/%25Users%25florian%25.dotfiles%25.config%25nushell%25env.nu
[20:37:49.592][info] [#0:script/workspace/loading.lua:181]: Compile files takes [0.000] sec: file:///Users/florian/.dotfiles/.config/nvim/undodir/%25Users%25florian%25.dotfiles%25.config%25nushell%25env.nu
[20:37:49.592][info] [#0:script/workspace/loading.lua:182]: Loaded finish:	file:///Users/florian/.dotfiles/.config/nvim/undodir/%25Users%25florian%25.dotfiles%25.config%25nushell%25env.nu
[20:38:20.626][info] [#0:script/workspace/workspace.lua:290]: Scan files at:	file:///Users/florian/.dotfiles/.config/nvim/undodir/%25Users%25florian%25.dotfiles%25.config%25nushell%25env.nu
[20:38:20.627][info] [#0:script/workspace/loading.lua:160]: Load files from disk:	file:///Users/florian/.dotfiles/.config/nvim/undodir/%25Users%25florian%25.dotfiles%25.config%25nushell%25env.nu
[20:38:20.628][info] [#0:script/workspace/loading.lua:172]: Loaded files takes [0.000] sec: file:///Users/florian/.dotfiles/.config/nvim/undodir/%25Users%25florian%25.dotfiles%25.config%25nushell%25env.nu
[20:38:20.628][info] [#0:script/workspace/loading.lua:181]: Compile files takes [0.000] sec: file:///Users/florian/.dotfiles/.config/nvim/undodir/%25Users%25florian%25.dotfiles%25.config%25nushell%25env.nu
[20:38:20.628][info] [#0:script/workspace/loading.lua:182]: Loaded finish:	file:///Users/florian/.dotfiles/.config/nvim/undodir/%25Users%25florian%25.dotfiles%25.config%25nushell%25env.nu
[20:38:20.748][info] [#0:script/workspace/workspace.lua:290]: Scan files at:	file:///Users/florian/.dotfiles/.config/nvim/undodir/%25Users%25florian%25.dotfiles%25.config%25nushell%25env.nu
[20:38:20.748][info] [#0:script/workspace/loading.lua:160]: Load files from disk:	file:///Users/florian/.dotfiles/.config/nvim/undodir/%25Users%25florian%25.dotfiles%25.config%25nushell%25env.nu
[20:38:20.748][info] [#0:script/workspace/loading.lua:172]: Loaded files takes [0.000] sec: file:///Users/florian/.dotfiles/.config/nvim/undodir/%25Users%25florian%25.dotfiles%25.config%25nushell%25env.nu
[20:38:20.748][info] [#0:script/workspace/loading.lua:181]: Compile files takes [0.000] sec: file:///Users/florian/.dotfiles/.config/nvim/undodir/%25Users%25florian%25.dotfiles%25.config%25nushell%25env.nu
[20:38:20.748][info] [#0:script/workspace/loading.lua:182]: Loaded finish:	file:///Users/florian/.dotfiles/.config/nvim/undodir/%25Users%25florian%25.dotfiles%25.config%25nushell%25env.nu
[20:39:33.861][info] [#0:script/workspace/workspace.lua:290]: Scan files at:	file:///Users/florian/.dotfiles/.config/nvim/undodir/%25Users%25florian%25.dotfiles%25.config%25nushell%25config.nu
[20:39:33.863][info] [#0:script/workspace/loading.lua:160]: Load files from disk:	file:///Users/florian/.dotfiles/.config/nvim/undodir/%25Users%25florian%25.dotfiles%25.config%25nushell%25config.nu
[20:39:33.863][info] [#0:script/workspace/loading.lua:172]: Loaded files takes [0.000] sec: file:///Users/florian/.dotfiles/.config/nvim/undodir/%25Users%25florian%25.dotfiles%25.config%25nushell%25config.nu
[20:39:33.863][info] [#0:script/workspace/loading.lua:181]: Compile files takes [0.000] sec: file:///Users/florian/.dotfiles/.config/nvim/undodir/%25Users%25florian%25.dotfiles%25.config%25nushell%25config.nu
[20:39:33.863][info] [#0:script/workspace/loading.lua:182]: Loaded finish:	file:///Users/florian/.dotfiles/.config/nvim/undodir/%25Users%25florian%25.dotfiles%25.config%25nushell%25config.nu
[20:39:33.990][info] [#0:script/workspace/workspace.lua:290]: Scan files at:	file:///Users/florian/.dotfiles/.config/nvim/undodir/%25Users%25florian%25.dotfiles%25.config%25nushell%25config.nu
[20:39:33.990][info] [#0:script/workspace/loading.lua:160]: Load files from disk:	file:///Users/florian/.dotfiles/.config/nvim/undodir/%25Users%25florian%25.dotfiles%25.config%25nushell%25config.nu
[20:39:33.990][info] [#0:script/workspace/loading.lua:172]: Loaded files takes [0.000] sec: file:///Users/florian/.dotfiles/.config/nvim/undodir/%25Users%25florian%25.dotfiles%25.config%25nushell%25config.nu
[20:39:33.990][info] [#0:script/workspace/loading.lua:181]: Compile files takes [0.000] sec: file:///Users/florian/.dotfiles/.config/nvim/undodir/%25Users%25florian%25.dotfiles%25.config%25nushell%25config.nu
[20:39:33.990][info] [#0:script/workspace/loading.lua:182]: Loaded finish:	file:///Users/florian/.dotfiles/.config/nvim/undodir/%25Users%25florian%25.dotfiles%25.config%25nushell%25config.nu
[20:39:36.905][info] [#0:script/workspace/workspace.lua:290]: Scan files at:	file:///Users/florian/.dotfiles/.config/nvim/undodir/%25Users%25florian%25.dotfiles%25.config%25nushell%25config.nu
[20:39:36.905][info] [#0:script/workspace/loading.lua:160]: Load files from disk:	file:///Users/florian/.dotfiles/.config/nvim/undodir/%25Users%25florian%25.dotfiles%25.config%25nushell%25config.nu
[20:39:36.905][info] [#0:script/workspace/loading.lua:172]: Loaded files takes [0.000] sec: file:///Users/florian/.dotfiles/.config/nvim/undodir/%25Users%25florian%25.dotfiles%25.config%25nushell%25config.nu
[20:39:36.905][info] [#0:script/workspace/loading.lua:181]: Compile files takes [0.000] sec: file:///Users/florian/.dotfiles/.config/nvim/undodir/%25Users%25florian%25.dotfiles%25.config%25nushell%25config.nu
[20:39:36.905][info] [#0:script/workspace/loading.lua:182]: Loaded finish:	file:///Users/florian/.dotfiles/.config/nvim/undodir/%25Users%25florian%25.dotfiles%25.config%25nushell%25config.nu
[20:39:37.038][info] [#0:script/workspace/workspace.lua:290]: Scan files at:	file:///Users/florian/.dotfiles/.config/nvim/undodir/%25Users%25florian%25.dotfiles%25.config%25nushell%25config.nu
[20:39:37.039][info] [#0:script/workspace/loading.lua:160]: Load files from disk:	file:///Users/florian/.dotfiles/.config/nvim/undodir/%25Users%25florian%25.dotfiles%25.config%25nushell%25config.nu
[20:39:37.039][info] [#0:script/workspace/loading.lua:172]: Loaded files takes [0.000] sec: file:///Users/florian/.dotfiles/.config/nvim/undodir/%25Users%25florian%25.dotfiles%25.config%25nushell%25config.nu
[20:39:37.039][info] [#0:script/workspace/loading.lua:181]: Compile files takes [0.000] sec: file:///Users/florian/.dotfiles/.config/nvim/undodir/%25Users%25florian%25.dotfiles%25.config%25nushell%25config.nu
[20:39:37.039][info] [#0:script/workspace/loading.lua:182]: Loaded finish:	file:///Users/florian/.dotfiles/.config/nvim/undodir/%25Users%25florian%25.dotfiles%25.config%25nushell%25config.nu
[20:40:41.158][info] [#0:script/workspace/workspace.lua:290]: Scan files at:	file:///Users/florian/.dotfiles/.config/nvim/undodir/%25Users%25florian%25.dotfiles%25.config%25nushell%25config.nu
[20:40:41.159][info] [#0:script/workspace/loading.lua:160]: Load files from disk:	file:///Users/florian/.dotfiles/.config/nvim/undodir/%25Users%25florian%25.dotfiles%25.config%25nushell%25config.nu
[20:40:41.159][info] [#0:script/workspace/loading.lua:172]: Loaded files takes [0.000] sec: file:///Users/florian/.dotfiles/.config/nvim/undodir/%25Users%25florian%25.dotfiles%25.config%25nushell%25config.nu
[20:40:41.159][info] [#0:script/workspace/loading.lua:181]: Compile files takes [0.000] sec: file:///Users/florian/.dotfiles/.config/nvim/undodir/%25Users%25florian%25.dotfiles%25.config%25nushell%25config.nu
[20:40:41.159][info] [#0:script/workspace/loading.lua:182]: Loaded finish:	file:///Users/florian/.dotfiles/.config/nvim/undodir/%25Users%25florian%25.dotfiles%25.config%25nushell%25config.nu
[20:40:41.285][info] [#0:script/workspace/workspace.lua:290]: Scan files at:	file:///Users/florian/.dotfiles/.config/nvim/undodir/%25Users%25florian%25.dotfiles%25.config%25nushell%25config.nu
[20:40:41.285][info] [#0:script/workspace/loading.lua:160]: Load files from disk:	file:///Users/florian/.dotfiles/.config/nvim/undodir/%25Users%25florian%25.dotfiles%25.config%25nushell%25config.nu
[20:40:41.285][info] [#0:script/workspace/loading.lua:172]: Loaded files takes [0.000] sec: file:///Users/florian/.dotfiles/.config/nvim/undodir/%25Users%25florian%25.dotfiles%25.config%25nushell%25config.nu
[20:40:41.285][info] [#0:script/workspace/loading.lua:181]: Compile files takes [0.000] sec: file:///Users/florian/.dotfiles/.config/nvim/undodir/%25Users%25florian%25.dotfiles%25.config%25nushell%25config.nu
[20:40:41.285][info] [#0:script/workspace/loading.lua:182]: Loaded finish:	file:///Users/florian/.dotfiles/.config/nvim/undodir/%25Users%25florian%25.dotfiles%25.config%25nushell%25config.nu
[20:40:51.200][info] [#0:script/workspace/workspace.lua:290]: Scan files at:	file:///Users/florian/.dotfiles/.config/nvim/undodir/%25Users%25florian%25.dotfiles%25.config%25nushell%25config.nu
[20:40:51.200][info] [#0:script/workspace/loading.lua:160]: Load files from disk:	file:///Users/florian/.dotfiles/.config/nvim/undodir/%25Users%25florian%25.dotfiles%25.config%25nushell%25config.nu
[20:40:51.200][info] [#0:script/workspace/loading.lua:172]: Loaded files takes [0.000] sec: file:///Users/florian/.dotfiles/.config/nvim/undodir/%25Users%25florian%25.dotfiles%25.config%25nushell%25config.nu
[20:40:51.200][info] [#0:script/workspace/loading.lua:181]: Compile files takes [0.000] sec: file:///Users/florian/.dotfiles/.config/nvim/undodir/%25Users%25florian%25.dotfiles%25.config%25nushell%25config.nu
[20:40:51.200][info] [#0:script/workspace/loading.lua:182]: Loaded finish:	file:///Users/florian/.dotfiles/.config/nvim/undodir/%25Users%25florian%25.dotfiles%25.config%25nushell%25config.nu
[20:40:51.321][info] [#0:script/workspace/workspace.lua:290]: Scan files at:	file:///Users/florian/.dotfiles/.config/nvim/undodir/%25Users%25florian%25.dotfiles%25.config%25nushell%25config.nu
[20:40:51.321][info] [#0:script/workspace/loading.lua:160]: Load files from disk:	file:///Users/florian/.dotfiles/.config/nvim/undodir/%25Users%25florian%25.dotfiles%25.config%25nushell%25config.nu
[20:40:51.321][info] [#0:script/workspace/loading.lua:172]: Loaded files takes [0.000] sec: file:///Users/florian/.dotfiles/.config/nvim/undodir/%25Users%25florian%25.dotfiles%25.config%25nushell%25config.nu
[20:40:51.321][info] [#0:script/workspace/loading.lua:181]: Compile files takes [0.000] sec: file:///Users/florian/.dotfiles/.config/nvim/undodir/%25Users%25florian%25.dotfiles%25.config%25nushell%25config.nu
[20:40:51.322][info] [#0:script/workspace/loading.lua:182]: Loaded finish:	file:///Users/florian/.dotfiles/.config/nvim/undodir/%25Users%25florian%25.dotfiles%25.config%25nushell%25config.nu
[20:41:21.298][info] [#0:script/workspace/workspace.lua:290]: Scan files at:	file:///Users/florian/.dotfiles/.config/nvim/undodir/%25Users%25florian%25.dotfiles%25.config%25nushell%25config.nu
[20:41:21.298][info] [#0:script/workspace/loading.lua:160]: Load files from disk:	file:///Users/florian/.dotfiles/.config/nvim/undodir/%25Users%25florian%25.dotfiles%25.config%25nushell%25config.nu
[20:41:21.298][info] [#0:script/workspace/loading.lua:172]: Loaded files takes [0.000] sec: file:///Users/florian/.dotfiles/.config/nvim/undodir/%25Users%25florian%25.dotfiles%25.config%25nushell%25config.nu
[20:41:21.298][info] [#0:script/workspace/loading.lua:181]: Compile files takes [0.000] sec: file:///Users/florian/.dotfiles/.config/nvim/undodir/%25Users%25florian%25.dotfiles%25.config%25nushell%25config.nu
[20:41:21.298][info] [#0:script/workspace/loading.lua:182]: Loaded finish:	file:///Users/florian/.dotfiles/.config/nvim/undodir/%25Users%25florian%25.dotfiles%25.config%25nushell%25config.nu
[20:41:21.415][info] [#0:script/workspace/workspace.lua:290]: Scan files at:	file:///Users/florian/.dotfiles/.config/nvim/undodir/%25Users%25florian%25.dotfiles%25.config%25nushell%25config.nu
[20:41:21.416][info] [#0:script/workspace/loading.lua:160]: Load files from disk:	file:///Users/florian/.dotfiles/.config/nvim/undodir/%25Users%25florian%25.dotfiles%25.config%25nushell%25config.nu
[20:41:21.416][info] [#0:script/workspace/loading.lua:172]: Loaded files takes [0.000] sec: file:///Users/florian/.dotfiles/.config/nvim/undodir/%25Users%25florian%25.dotfiles%25.config%25nushell%25config.nu
[20:41:21.416][info] [#0:script/workspace/loading.lua:181]: Compile files takes [0.000] sec: file:///Users/florian/.dotfiles/.config/nvim/undodir/%25Users%25florian%25.dotfiles%25.config%25nushell%25config.nu
[20:41:21.416][info] [#0:script/workspace/loading.lua:182]: Loaded finish:	file:///Users/florian/.dotfiles/.config/nvim/undodir/%25Users%25florian%25.dotfiles%25.config%25nushell%25config.nu
[20:41:32.298][info] [#0:script/workspace/workspace.lua:290]: Scan files at:	file:///Users/florian/.dotfiles/.config/nvim/undodir/%25Users%25florian%25.dotfiles%25.config%25nushell%25config.nu
[20:41:32.298][info] [#0:script/workspace/loading.lua:160]: Load files from disk:	file:///Users/florian/.dotfiles/.config/nvim/undodir/%25Users%25florian%25.dotfiles%25.config%25nushell%25config.nu
[20:41:32.298][info] [#0:script/workspace/loading.lua:172]: Loaded files takes [0.000] sec: file:///Users/florian/.dotfiles/.config/nvim/undodir/%25Users%25florian%25.dotfiles%25.config%25nushell%25config.nu
[20:41:32.298][info] [#0:script/workspace/loading.lua:181]: Compile files takes [0.000] sec: file:///Users/florian/.dotfiles/.config/nvim/undodir/%25Users%25florian%25.dotfiles%25.config%25nushell%25config.nu
[20:41:32.298][info] [#0:script/workspace/loading.lua:182]: Loaded finish:	file:///Users/florian/.dotfiles/.config/nvim/undodir/%25Users%25florian%25.dotfiles%25.config%25nushell%25config.nu
[20:41:32.446][info] [#0:script/workspace/workspace.lua:290]: Scan files at:	file:///Users/florian/.dotfiles/.config/nvim/undodir/%25Users%25florian%25.dotfiles%25.config%25nushell%25config.nu
[20:41:32.446][info] [#0:script/workspace/loading.lua:160]: Load files from disk:	file:///Users/florian/.dotfiles/.config/nvim/undodir/%25Users%25florian%25.dotfiles%25.config%25nushell%25config.nu
[20:41:32.446][info] [#0:script/workspace/loading.lua:172]: Loaded files takes [0.000] sec: file:///Users/florian/.dotfiles/.config/nvim/undodir/%25Users%25florian%25.dotfiles%25.config%25nushell%25config.nu
[20:41:32.446][info] [#0:script/workspace/loading.lua:181]: Compile files takes [0.000] sec: file:///Users/florian/.dotfiles/.config/nvim/undodir/%25Users%25florian%25.dotfiles%25.config%25nushell%25config.nu
[20:41:32.447][info] [#0:script/workspace/loading.lua:182]: Loaded finish:	file:///Users/florian/.dotfiles/.config/nvim/undodir/%25Users%25florian%25.dotfiles%25.config%25nushell%25config.nu
[20:41:44.337][info] [#0:script/workspace/workspace.lua:290]: Scan files at:	file:///Users/florian/.dotfiles/.config/nvim/undodir/%25Users%25florian%25.dotfiles%25.config%25nushell%25config.nu
[20:41:44.337][info] [#0:script/workspace/loading.lua:160]: Load files from disk:	file:///Users/florian/.dotfiles/.config/nvim/undodir/%25Users%25florian%25.dotfiles%25.config%25nushell%25config.nu
[20:41:44.338][info] [#0:script/workspace/loading.lua:172]: Loaded files takes [0.000] sec: file:///Users/florian/.dotfiles/.config/nvim/undodir/%25Users%25florian%25.dotfiles%25.config%25nushell%25config.nu
[20:41:44.338][info] [#0:script/workspace/loading.lua:181]: Compile files takes [0.000] sec: file:///Users/florian/.dotfiles/.config/nvim/undodir/%25Users%25florian%25.dotfiles%25.config%25nushell%25config.nu
[20:41:44.338][info] [#0:script/workspace/loading.lua:182]: Loaded finish:	file:///Users/florian/.dotfiles/.config/nvim/undodir/%25Users%25florian%25.dotfiles%25.config%25nushell%25config.nu
[20:41:44.497][info] [#0:script/workspace/workspace.lua:290]: Scan files at:	file:///Users/florian/.dotfiles/.config/nvim/undodir/%25Users%25florian%25.dotfiles%25.config%25nushell%25config.nu
[20:41:44.497][info] [#0:script/workspace/loading.lua:160]: Load files from disk:	file:///Users/florian/.dotfiles/.config/nvim/undodir/%25Users%25florian%25.dotfiles%25.config%25nushell%25config.nu
[20:41:44.497][info] [#0:script/workspace/loading.lua:172]: Loaded files takes [0.000] sec: file:///Users/florian/.dotfiles/.config/nvim/undodir/%25Users%25florian%25.dotfiles%25.config%25nushell%25config.nu
[20:41:44.497][info] [#0:script/workspace/loading.lua:181]: Compile files takes [0.000] sec: file:///Users/florian/.dotfiles/.config/nvim/undodir/%25Users%25florian%25.dotfiles%25.config%25nushell%25config.nu
[20:41:44.497][info] [#0:script/workspace/loading.lua:182]: Loaded finish:	file:///Users/florian/.dotfiles/.config/nvim/undodir/%25Users%25florian%25.dotfiles%25.config%25nushell%25config.nu
[20:43:07.675][info] [#0:script/workspace/workspace.lua:290]: Scan files at:	file:///Users/florian/.dotfiles/.config/nvim/undodir/%25Users%25florian%25.dotfiles%25.config%25nushell%25config.nu
[20:43:07.677][info] [#0:script/workspace/loading.lua:160]: Load files from disk:	file:///Users/florian/.dotfiles/.config/nvim/undodir/%25Users%25florian%25.dotfiles%25.config%25nushell%25config.nu
[20:43:07.677][info] [#0:script/workspace/loading.lua:172]: Loaded files takes [0.000] sec: file:///Users/florian/.dotfiles/.config/nvim/undodir/%25Users%25florian%25.dotfiles%25.config%25nushell%25config.nu
[20:43:07.677][info] [#0:script/workspace/loading.lua:181]: Compile files takes [0.000] sec: file:///Users/florian/.dotfiles/.config/nvim/undodir/%25Users%25florian%25.dotfiles%25.config%25nushell%25config.nu
[20:43:07.677][info] [#0:script/workspace/loading.lua:182]: Loaded finish:	file:///Users/florian/.dotfiles/.config/nvim/undodir/%25Users%25florian%25.dotfiles%25.config%25nushell%25config.nu
[20:43:07.856][info] [#0:script/workspace/workspace.lua:290]: Scan files at:	file:///Users/florian/.dotfiles/.config/nvim/undodir/%25Users%25florian%25.dotfiles%25.config%25nushell%25config.nu
[20:43:07.856][info] [#0:script/workspace/loading.lua:160]: Load files from disk:	file:///Users/florian/.dotfiles/.config/nvim/undodir/%25Users%25florian%25.dotfiles%25.config%25nushell%25config.nu
[20:43:07.856][info] [#0:script/workspace/loading.lua:172]: Loaded files takes [0.000] sec: file:///Users/florian/.dotfiles/.config/nvim/undodir/%25Users%25florian%25.dotfiles%25.config%25nushell%25config.nu
[20:43:07.856][info] [#0:script/workspace/loading.lua:181]: Compile files takes [0.000] sec: file:///Users/florian/.dotfiles/.config/nvim/undodir/%25Users%25florian%25.dotfiles%25.config%25nushell%25config.nu
[20:43:07.856][info] [#0:script/workspace/loading.lua:182]: Loaded finish:	file:///Users/florian/.dotfiles/.config/nvim/undodir/%25Users%25florian%25.dotfiles%25.config%25nushell%25config.nu
[20:43:13.687][info] [#0:script/workspace/workspace.lua:290]: Scan files at:	file:///Users/florian/.dotfiles/.config/nvim/undodir/%25Users%25florian%25.dotfiles%25.config%25nushell%25config.nu
[20:43:13.687][info] [#0:script/workspace/loading.lua:160]: Load files from disk:	file:///Users/florian/.dotfiles/.config/nvim/undodir/%25Users%25florian%25.dotfiles%25.config%25nushell%25config.nu
[20:43:13.687][info] [#0:script/workspace/loading.lua:172]: Loaded files takes [0.000] sec: file:///Users/florian/.dotfiles/.config/nvim/undodir/%25Users%25florian%25.dotfiles%25.config%25nushell%25config.nu
[20:43:13.687][info] [#0:script/workspace/loading.lua:181]: Compile files takes [0.000] sec: file:///Users/florian/.dotfiles/.config/nvim/undodir/%25Users%25florian%25.dotfiles%25.config%25nushell%25config.nu
[20:43:13.688][info] [#0:script/workspace/loading.lua:182]: Loaded finish:	file:///Users/florian/.dotfiles/.config/nvim/undodir/%25Users%25florian%25.dotfiles%25.config%25nushell%25config.nu
[20:43:13.876][info] [#0:script/workspace/workspace.lua:290]: Scan files at:	file:///Users/florian/.dotfiles/.config/nvim/undodir/%25Users%25florian%25.dotfiles%25.config%25nushell%25config.nu
[20:43:13.876][info] [#0:script/workspace/loading.lua:160]: Load files from disk:	file:///Users/florian/.dotfiles/.config/nvim/undodir/%25Users%25florian%25.dotfiles%25.config%25nushell%25config.nu
[20:43:13.876][info] [#0:script/workspace/loading.lua:172]: Loaded files takes [0.000] sec: file:///Users/florian/.dotfiles/.config/nvim/undodir/%25Users%25florian%25.dotfiles%25.config%25nushell%25config.nu
[20:43:13.876][info] [#0:script/workspace/loading.lua:181]: Compile files takes [0.000] sec: file:///Users/florian/.dotfiles/.config/nvim/undodir/%25Users%25florian%25.dotfiles%25.config%25nushell%25config.nu
[20:43:13.876][info] [#0:script/workspace/loading.lua:182]: Loaded finish:	file:///Users/florian/.dotfiles/.config/nvim/undodir/%25Users%25florian%25.dotfiles%25.config%25nushell%25config.nu
[20:43:33.145][info] [#0:script/service/service.lua:145]: 
========= Medical Examination Report =========
    --------------- Memory ---------------
        Total: 1664.306 MB
        # 00 : 1659.308 MB
        # 01 : 0.053 MB
        # 02 : 1.462 MB
        # 03 : 0.053 MB
        # 04 : 3.430 MB
    --------------- Coroutine ---------------
        Total:     149
        Running:   0
        Suspended: 0
        Normal:    0
        Dead:      149
    --------------- Cache ---------------
        Total: 1
        Dead:  0
    ---------------  RPC  ---------------
        Holdon:   0
        Waiting:  0
==============================================
[20:44:36.155][info] [#0:script/workspace/workspace.lua:290]: Scan files at:	file:///Users/florian/.dotfiles/.config/nvim/undodir/%25Users%25florian%25.dotfiles%25.config%25nushell%25config.nu
[20:44:36.156][info] [#0:script/workspace/loading.lua:160]: Load files from disk:	file:///Users/florian/.dotfiles/.config/nvim/undodir/%25Users%25florian%25.dotfiles%25.config%25nushell%25config.nu
[20:44:36.156][info] [#0:script/workspace/loading.lua:172]: Loaded files takes [0.000] sec: file:///Users/florian/.dotfiles/.config/nvim/undodir/%25Users%25florian%25.dotfiles%25.config%25nushell%25config.nu
[20:44:36.156][info] [#0:script/workspace/loading.lua:181]: Compile files takes [0.000] sec: file:///Users/florian/.dotfiles/.config/nvim/undodir/%25Users%25florian%25.dotfiles%25.config%25nushell%25config.nu
[20:44:36.156][info] [#0:script/workspace/loading.lua:182]: Loaded finish:	file:///Users/florian/.dotfiles/.config/nvim/undodir/%25Users%25florian%25.dotfiles%25.config%25nushell%25config.nu
[20:44:36.959][info] [#0:script/workspace/workspace.lua:290]: Scan files at:	file:///Users/florian/.dotfiles/.config/nvim/undodir/%25Users%25florian%25.dotfiles%25.config%25nushell%25config.nu
[20:44:36.959][info] [#0:script/workspace/loading.lua:160]: Load files from disk:	file:///Users/florian/.dotfiles/.config/nvim/undodir/%25Users%25florian%25.dotfiles%25.config%25nushell%25config.nu
[20:44:36.959][info] [#0:script/workspace/loading.lua:172]: Loaded files takes [0.000] sec: file:///Users/florian/.dotfiles/.config/nvim/undodir/%25Users%25florian%25.dotfiles%25.config%25nushell%25config.nu
[20:44:36.959][info] [#0:script/workspace/loading.lua:181]: Compile files takes [0.000] sec: file:///Users/florian/.dotfiles/.config/nvim/undodir/%25Users%25florian%25.dotfiles%25.config%25nushell%25config.nu
[20:44:36.959][info] [#0:script/workspace/loading.lua:182]: Loaded finish:	file:///Users/florian/.dotfiles/.config/nvim/undodir/%25Users%25florian%25.dotfiles%25.config%25nushell%25config.nu
[20:45:12.298][info] [#0:script/workspace/workspace.lua:290]: Scan files at:	file:///Users/florian/.dotfiles/.config/nvim/undodir/%25Users%25florian%25.dotfiles%25.config%25nushell%25config.nu
[20:45:12.301][info] [#0:script/workspace/loading.lua:160]: Load files from disk:	file:///Users/florian/.dotfiles/.config/nvim/undodir/%25Users%25florian%25.dotfiles%25.config%25nushell%25config.nu
[20:45:12.301][info] [#0:script/workspace/loading.lua:172]: Loaded files takes [0.000] sec: file:///Users/florian/.dotfiles/.config/nvim/undodir/%25Users%25florian%25.dotfiles%25.config%25nushell%25config.nu
[20:45:12.301][info] [#0:script/workspace/loading.lua:181]: Compile files takes [0.000] sec: file:///Users/florian/.dotfiles/.config/nvim/undodir/%25Users%25florian%25.dotfiles%25.config%25nushell%25config.nu
[20:45:12.301][info] [#0:script/workspace/loading.lua:182]: Loaded finish:	file:///Users/florian/.dotfiles/.config/nvim/undodir/%25Users%25florian%25.dotfiles%25.config%25nushell%25config.nu
[20:45:13.092][info] [#0:script/workspace/workspace.lua:290]: Scan files at:	file:///Users/florian/.dotfiles/.config/nvim/undodir/%25Users%25florian%25.dotfiles%25.config%25nushell%25config.nu
[20:45:13.092][info] [#0:script/workspace/loading.lua:160]: Load files from disk:	file:///Users/florian/.dotfiles/.config/nvim/undodir/%25Users%25florian%25.dotfiles%25.config%25nushell%25config.nu
[20:45:13.092][info] [#0:script/workspace/loading.lua:172]: Loaded files takes [0.000] sec: file:///Users/florian/.dotfiles/.config/nvim/undodir/%25Users%25florian%25.dotfiles%25.config%25nushell%25config.nu
[20:45:13.092][info] [#0:script/workspace/loading.lua:181]: Compile files takes [0.000] sec: file:///Users/florian/.dotfiles/.config/nvim/undodir/%25Users%25florian%25.dotfiles%25.config%25nushell%25config.nu
[20:45:13.093][info] [#0:script/workspace/loading.lua:182]: Loaded finish:	file:///Users/florian/.dotfiles/.config/nvim/undodir/%25Users%25florian%25.dotfiles%25.config%25nushell%25config.nu
[20:45:24.338][info] [#0:script/workspace/workspace.lua:290]: Scan files at:	file:///Users/florian/.dotfiles/.config/nvim/undodir/%25Users%25florian%25.dotfiles%25.config%25nushell%25config.nu
[20:45:24.338][info] [#0:script/workspace/loading.lua:160]: Load files from disk:	file:///Users/florian/.dotfiles/.config/nvim/undodir/%25Users%25florian%25.dotfiles%25.config%25nushell%25config.nu
[20:45:24.339][info] [#0:script/workspace/loading.lua:172]: Loaded files takes [0.000] sec: file:///Users/florian/.dotfiles/.config/nvim/undodir/%25Users%25florian%25.dotfiles%25.config%25nushell%25config.nu
[20:45:24.339][info] [#0:script/workspace/loading.lua:181]: Compile files takes [0.000] sec: file:///Users/florian/.dotfiles/.config/nvim/undodir/%25Users%25florian%25.dotfiles%25.config%25nushell%25config.nu
[20:45:24.339][info] [#0:script/workspace/loading.lua:182]: Loaded finish:	file:///Users/florian/.dotfiles/.config/nvim/undodir/%25Users%25florian%25.dotfiles%25.config%25nushell%25config.nu
[20:45:25.138][info] [#0:script/workspace/workspace.lua:290]: Scan files at:	file:///Users/florian/.dotfiles/.config/nvim/undodir/%25Users%25florian%25.dotfiles%25.config%25nushell%25config.nu
[20:45:25.138][info] [#0:script/workspace/loading.lua:160]: Load files from disk:	file:///Users/florian/.dotfiles/.config/nvim/undodir/%25Users%25florian%25.dotfiles%25.config%25nushell%25config.nu
[20:45:25.138][info] [#0:script/workspace/loading.lua:172]: Loaded files takes [0.000] sec: file:///Users/florian/.dotfiles/.config/nvim/undodir/%25Users%25florian%25.dotfiles%25.config%25nushell%25config.nu
[20:45:25.138][info] [#0:script/workspace/loading.lua:181]: Compile files takes [0.000] sec: file:///Users/florian/.dotfiles/.config/nvim/undodir/%25Users%25florian%25.dotfiles%25.config%25nushell%25config.nu
[20:45:25.138][info] [#0:script/workspace/loading.lua:182]: Loaded finish:	file:///Users/florian/.dotfiles/.config/nvim/undodir/%25Users%25florian%25.dotfiles%25.config%25nushell%25config.nu
[20:46:33.583][info] [#0:script/service/service.lua:145]: 
========= Medical Examination Report =========
    --------------- Memory ---------------
        Total: 1635.824 MB
        # 00 : 1630.157 MB
        # 01 : 5.317 MB
        # 02 : 0.053 MB
        # 03 : 0.053 MB
        # 04 : 0.245 MB
    --------------- Coroutine ---------------
        Total:     161
        Running:   0
        Suspended: 0
        Normal:    0
        Dead:      161
    --------------- Cache ---------------
        Total: 1
        Dead:  0
    ---------------  RPC  ---------------
        Holdon:   0
        Waiting:  0
==============================================
[20:46:53.470][info] [#0:script/workspace/workspace.lua:290]: Scan files at:	file:///Users/florian/.dotfiles/.config/nvim/undodir/%25Users%25florian%25.dotfiles%25.config%25nushell%25config.nu
[20:46:53.470][info] [#0:script/workspace/loading.lua:160]: Load files from disk:	file:///Users/florian/.dotfiles/.config/nvim/undodir/%25Users%25florian%25.dotfiles%25.config%25nushell%25config.nu
[20:46:53.470][info] [#0:script/workspace/loading.lua:172]: Loaded files takes [0.000] sec: file:///Users/florian/.dotfiles/.config/nvim/undodir/%25Users%25florian%25.dotfiles%25.config%25nushell%25config.nu
[20:46:53.470][info] [#0:script/workspace/loading.lua:181]: Compile files takes [0.000] sec: file:///Users/florian/.dotfiles/.config/nvim/undodir/%25Users%25florian%25.dotfiles%25.config%25nushell%25config.nu
[20:46:53.470][info] [#0:script/workspace/loading.lua:182]: Loaded finish:	file:///Users/florian/.dotfiles/.config/nvim/undodir/%25Users%25florian%25.dotfiles%25.config%25nushell%25config.nu
[20:46:53.665][info] [#0:script/workspace/workspace.lua:290]: Scan files at:	file:///Users/florian/.dotfiles/.config/nvim/undodir/%25Users%25florian%25.dotfiles%25.config%25nushell%25config.nu
[20:46:53.666][info] [#0:script/workspace/loading.lua:160]: Load files from disk:	file:///Users/florian/.dotfiles/.config/nvim/undodir/%25Users%25florian%25.dotfiles%25.config%25nushell%25config.nu
[20:46:53.666][info] [#0:script/workspace/loading.lua:172]: Loaded files takes [0.000] sec: file:///Users/florian/.dotfiles/.config/nvim/undodir/%25Users%25florian%25.dotfiles%25.config%25nushell%25config.nu
[20:46:53.666][info] [#0:script/workspace/loading.lua:181]: Compile files takes [0.000] sec: file:///Users/florian/.dotfiles/.config/nvim/undodir/%25Users%25florian%25.dotfiles%25.config%25nushell%25config.nu
[20:46:53.666][info] [#0:script/workspace/loading.lua:182]: Loaded finish:	file:///Users/florian/.dotfiles/.config/nvim/undodir/%25Users%25florian%25.dotfiles%25.config%25nushell%25config.nu
[20:48:47.905][info] [#0:script/workspace/workspace.lua:290]: Scan files at:	file:///Users/florian/.dotfiles/.config/nvim/undodir/%25Users%25florian%25.dotfiles%25.config%25nushell%25config.nu
[20:48:47.907][info] [#0:script/workspace/loading.lua:160]: Load files from disk:	file:///Users/florian/.dotfiles/.config/nvim/undodir/%25Users%25florian%25.dotfiles%25.config%25nushell%25config.nu
[20:48:47.907][info] [#0:script/workspace/loading.lua:172]: Loaded files takes [0.000] sec: file:///Users/florian/.dotfiles/.config/nvim/undodir/%25Users%25florian%25.dotfiles%25.config%25nushell%25config.nu
[20:48:47.907][info] [#0:script/workspace/loading.lua:181]: Compile files takes [0.000] sec: file:///Users/florian/.dotfiles/.config/nvim/undodir/%25Users%25florian%25.dotfiles%25.config%25nushell%25config.nu
[20:48:47.907][info] [#0:script/workspace/loading.lua:182]: Loaded finish:	file:///Users/florian/.dotfiles/.config/nvim/undodir/%25Users%25florian%25.dotfiles%25.config%25nushell%25config.nu
[20:48:48.067][info] [#0:script/workspace/workspace.lua:290]: Scan files at:	file:///Users/florian/.dotfiles/.config/nvim/undodir/%25Users%25florian%25.dotfiles%25.config%25nushell%25config.nu
[20:48:48.068][info] [#0:script/workspace/loading.lua:160]: Load files from disk:	file:///Users/florian/.dotfiles/.config/nvim/undodir/%25Users%25florian%25.dotfiles%25.config%25nushell%25config.nu
[20:48:48.068][info] [#0:script/workspace/loading.lua:172]: Loaded files takes [0.000] sec: file:///Users/florian/.dotfiles/.config/nvim/undodir/%25Users%25florian%25.dotfiles%25.config%25nushell%25config.nu
[20:48:48.068][info] [#0:script/workspace/loading.lua:181]: Compile files takes [0.000] sec: file:///Users/florian/.dotfiles/.config/nvim/undodir/%25Users%25florian%25.dotfiles%25.config%25nushell%25config.nu
[20:48:48.068][info] [#0:script/workspace/loading.lua:182]: Loaded finish:	file:///Users/florian/.dotfiles/.config/nvim/undodir/%25Users%25florian%25.dotfiles%25.config%25nushell%25config.nu
[20:50:26.248][info] [#0:script/workspace/workspace.lua:290]: Scan files at:	file:///Users/florian/.dotfiles/.config/nvim/undodir/%25Users%25florian%25.dotfiles%25.config%25nushell%25env.nu
[20:50:26.249][info] [#0:script/workspace/loading.lua:160]: Load files from disk:	file:///Users/florian/.dotfiles/.config/nvim/undodir/%25Users%25florian%25.dotfiles%25.config%25nushell%25env.nu
[20:50:26.250][info] [#0:script/workspace/loading.lua:172]: Loaded files takes [0.000] sec: file:///Users/florian/.dotfiles/.config/nvim/undodir/%25Users%25florian%25.dotfiles%25.config%25nushell%25env.nu
[20:50:26.250][info] [#0:script/workspace/loading.lua:181]: Compile files takes [0.000] sec: file:///Users/florian/.dotfiles/.config/nvim/undodir/%25Users%25florian%25.dotfiles%25.config%25nushell%25env.nu
[20:50:26.250][info] [#0:script/workspace/loading.lua:182]: Loaded finish:	file:///Users/florian/.dotfiles/.config/nvim/undodir/%25Users%25florian%25.dotfiles%25.config%25nushell%25env.nu
[20:50:26.431][info] [#0:script/workspace/workspace.lua:290]: Scan files at:	file:///Users/florian/.dotfiles/.config/nvim/undodir/%25Users%25florian%25.dotfiles%25.config%25nushell%25env.nu
[20:50:26.431][info] [#0:script/workspace/loading.lua:160]: Load files from disk:	file:///Users/florian/.dotfiles/.config/nvim/undodir/%25Users%25florian%25.dotfiles%25.config%25nushell%25env.nu
[20:50:26.431][info] [#0:script/workspace/loading.lua:172]: Loaded files takes [0.000] sec: file:///Users/florian/.dotfiles/.config/nvim/undodir/%25Users%25florian%25.dotfiles%25.config%25nushell%25env.nu
[20:50:26.431][info] [#0:script/workspace/loading.lua:181]: Compile files takes [0.000] sec: file:///Users/florian/.dotfiles/.config/nvim/undodir/%25Users%25florian%25.dotfiles%25.config%25nushell%25env.nu
[20:50:26.431][info] [#0:script/workspace/loading.lua:182]: Loaded finish:	file:///Users/florian/.dotfiles/.config/nvim/undodir/%25Users%25florian%25.dotfiles%25.config%25nushell%25env.nu
[20:50:32.277][info] [#0:script/workspace/workspace.lua:290]: Scan files at:	file:///Users/florian/.dotfiles/.config/nvim/undodir/%25Users%25florian%25.dotfiles%25.config%25nushell%25env.nu
[20:50:32.277][info] [#0:script/workspace/loading.lua:160]: Load files from disk:	file:///Users/florian/.dotfiles/.config/nvim/undodir/%25Users%25florian%25.dotfiles%25.config%25nushell%25env.nu
[20:50:32.277][info] [#0:script/workspace/loading.lua:172]: Loaded files takes [0.000] sec: file:///Users/florian/.dotfiles/.config/nvim/undodir/%25Users%25florian%25.dotfiles%25.config%25nushell%25env.nu
[20:50:32.277][info] [#0:script/workspace/loading.lua:181]: Compile files takes [0.000] sec: file:///Users/florian/.dotfiles/.config/nvim/undodir/%25Users%25florian%25.dotfiles%25.config%25nushell%25env.nu
[20:50:32.278][info] [#0:script/workspace/loading.lua:182]: Loaded finish:	file:///Users/florian/.dotfiles/.config/nvim/undodir/%25Users%25florian%25.dotfiles%25.config%25nushell%25env.nu
[20:50:32.454][info] [#0:script/workspace/workspace.lua:290]: Scan files at:	file:///Users/florian/.dotfiles/.config/nvim/undodir/%25Users%25florian%25.dotfiles%25.config%25nushell%25env.nu
[20:50:32.455][info] [#0:script/workspace/loading.lua:160]: Load files from disk:	file:///Users/florian/.dotfiles/.config/nvim/undodir/%25Users%25florian%25.dotfiles%25.config%25nushell%25env.nu
[20:50:32.455][info] [#0:script/workspace/loading.lua:172]: Loaded files takes [0.000] sec: file:///Users/florian/.dotfiles/.config/nvim/undodir/%25Users%25florian%25.dotfiles%25.config%25nushell%25env.nu
[20:50:32.455][info] [#0:script/workspace/loading.lua:181]: Compile files takes [0.000] sec: file:///Users/florian/.dotfiles/.config/nvim/undodir/%25Users%25florian%25.dotfiles%25.config%25nushell%25env.nu
[20:50:32.455][info] [#0:script/workspace/loading.lua:182]: Loaded finish:	file:///Users/florian/.dotfiles/.config/nvim/undodir/%25Users%25florian%25.dotfiles%25.config%25nushell%25env.nu
[20:50:56.352][info] [#0:script/workspace/workspace.lua:290]: Scan files at:	file:///Users/florian/.dotfiles/.config/nvim/undodir/%25Users%25florian%25.dotfiles%25.config%25nushell%25config.nu
[20:50:56.353][info] [#0:script/workspace/loading.lua:160]: Load files from disk:	file:///Users/florian/.dotfiles/.config/nvim/undodir/%25Users%25florian%25.dotfiles%25.config%25nushell%25config.nu
[20:50:56.353][info] [#0:script/workspace/loading.lua:172]: Loaded files takes [0.000] sec: file:///Users/florian/.dotfiles/.config/nvim/undodir/%25Users%25florian%25.dotfiles%25.config%25nushell%25config.nu
[20:50:56.353][info] [#0:script/workspace/loading.lua:181]: Compile files takes [0.000] sec: file:///Users/florian/.dotfiles/.config/nvim/undodir/%25Users%25florian%25.dotfiles%25.config%25nushell%25config.nu
[20:50:56.353][info] [#0:script/workspace/loading.lua:182]: Loaded finish:	file:///Users/florian/.dotfiles/.config/nvim/undodir/%25Users%25florian%25.dotfiles%25.config%25nushell%25config.nu
[20:50:56.545][info] [#0:script/workspace/workspace.lua:290]: Scan files at:	file:///Users/florian/.dotfiles/.config/nvim/undodir/%25Users%25florian%25.dotfiles%25.config%25nushell%25config.nu
[20:50:56.546][info] [#0:script/workspace/loading.lua:160]: Load files from disk:	file:///Users/florian/.dotfiles/.config/nvim/undodir/%25Users%25florian%25.dotfiles%25.config%25nushell%25config.nu
[20:50:56.546][info] [#0:script/workspace/loading.lua:172]: Loaded files takes [0.000] sec: file:///Users/florian/.dotfiles/.config/nvim/undodir/%25Users%25florian%25.dotfiles%25.config%25nushell%25config.nu
[20:50:56.546][info] [#0:script/workspace/loading.lua:181]: Compile files takes [0.000] sec: file:///Users/florian/.dotfiles/.config/nvim/undodir/%25Users%25florian%25.dotfiles%25.config%25nushell%25config.nu
[20:50:56.546][info] [#0:script/workspace/loading.lua:182]: Loaded finish:	file:///Users/florian/.dotfiles/.config/nvim/undodir/%25Users%25florian%25.dotfiles%25.config%25nushell%25config.nu
[20:52:48.979][info] [#0:script/workspace/workspace.lua:290]: Scan files at:	file:///Users/florian/.dotfiles/.config/nvim/undodir/%25Users%25florian%25.dotfiles%25.config%25nushell%25env.nu
[20:52:48.980][info] [#0:script/workspace/loading.lua:160]: Load files from disk:	file:///Users/florian/.dotfiles/.config/nvim/undodir/%25Users%25florian%25.dotfiles%25.config%25nushell%25env.nu
[20:52:48.981][info] [#0:script/workspace/loading.lua:172]: Loaded files takes [0.000] sec: file:///Users/florian/.dotfiles/.config/nvim/undodir/%25Users%25florian%25.dotfiles%25.config%25nushell%25env.nu
[20:52:48.981][info] [#0:script/workspace/loading.lua:181]: Compile files takes [0.000] sec: file:///Users/florian/.dotfiles/.config/nvim/undodir/%25Users%25florian%25.dotfiles%25.config%25nushell%25env.nu
[20:52:48.981][info] [#0:script/workspace/loading.lua:182]: Loaded finish:	file:///Users/florian/.dotfiles/.config/nvim/undodir/%25Users%25florian%25.dotfiles%25.config%25nushell%25env.nu
[20:52:49.779][info] [#0:script/workspace/workspace.lua:290]: Scan files at:	file:///Users/florian/.dotfiles/.config/nvim/undodir/%25Users%25florian%25.dotfiles%25.config%25nushell%25env.nu
[20:52:49.779][info] [#0:script/workspace/loading.lua:160]: Load files from disk:	file:///Users/florian/.dotfiles/.config/nvim/undodir/%25Users%25florian%25.dotfiles%25.config%25nushell%25env.nu
[20:52:49.779][info] [#0:script/workspace/loading.lua:172]: Loaded files takes [0.000] sec: file:///Users/florian/.dotfiles/.config/nvim/undodir/%25Users%25florian%25.dotfiles%25.config%25nushell%25env.nu
[20:52:49.780][info] [#0:script/workspace/loading.lua:181]: Compile files takes [0.000] sec: file:///Users/florian/.dotfiles/.config/nvim/undodir/%25Users%25florian%25.dotfiles%25.config%25nushell%25env.nu
[20:52:49.780][info] [#0:script/workspace/loading.lua:182]: Loaded finish:	file:///Users/florian/.dotfiles/.config/nvim/undodir/%25Users%25florian%25.dotfiles%25.config%25nushell%25env.nu
[20:53:33.193][info] [#0:script/service/service.lua:145]: 
========= Medical Examination Report =========
    --------------- Memory ---------------
        Total: 1664.455 MB
        # 00 : 1659.457 MB
        # 01 : 0.053 MB
        # 02 : 1.462 MB
        # 03 : 0.053 MB
        # 04 : 3.430 MB
    --------------- Coroutine ---------------
        Total:     185
        Running:   0
        Suspended: 0
        Normal:    0
        Dead:      185
    --------------- Cache ---------------
        Total: 1
        Dead:  0
    ---------------  RPC  ---------------
        Holdon:   0
        Waiting:  0
==============================================
[20:54:14.071][info] [#0:script/workspace/workspace.lua:290]: Scan files at:	file:///Users/florian/.dotfiles/.config/nvim/undodir/%25Users%25florian%25.dotfiles%25.config%25nushell%25env.nu
[20:54:14.071][info] [#0:script/workspace/loading.lua:160]: Load files from disk:	file:///Users/florian/.dotfiles/.config/nvim/undodir/%25Users%25florian%25.dotfiles%25.config%25nushell%25env.nu
[20:54:14.071][info] [#0:script/workspace/loading.lua:172]: Loaded files takes [0.000] sec: file:///Users/florian/.dotfiles/.config/nvim/undodir/%25Users%25florian%25.dotfiles%25.config%25nushell%25env.nu
[20:54:14.071][info] [#0:script/workspace/loading.lua:181]: Compile files takes [0.000] sec: file:///Users/florian/.dotfiles/.config/nvim/undodir/%25Users%25florian%25.dotfiles%25.config%25nushell%25env.nu
[20:54:14.071][info] [#0:script/workspace/loading.lua:182]: Loaded finish:	file:///Users/florian/.dotfiles/.config/nvim/undodir/%25Users%25florian%25.dotfiles%25.config%25nushell%25env.nu
[20:54:14.324][info] [#0:script/workspace/workspace.lua:290]: Scan files at:	file:///Users/florian/.dotfiles/.config/nvim/undodir/%25Users%25florian%25.dotfiles%25.config%25nushell%25env.nu
[20:54:14.325][info] [#0:script/workspace/loading.lua:160]: Load files from disk:	file:///Users/florian/.dotfiles/.config/nvim/undodir/%25Users%25florian%25.dotfiles%25.config%25nushell%25env.nu
[20:54:14.325][info] [#0:script/workspace/loading.lua:172]: Loaded files takes [0.000] sec: file:///Users/florian/.dotfiles/.config/nvim/undodir/%25Users%25florian%25.dotfiles%25.config%25nushell%25env.nu
[20:54:14.325][info] [#0:script/workspace/loading.lua:181]: Compile files takes [0.000] sec: file:///Users/florian/.dotfiles/.config/nvim/undodir/%25Users%25florian%25.dotfiles%25.config%25nushell%25env.nu
[20:54:14.325][info] [#0:script/workspace/loading.lua:182]: Loaded finish:	file:///Users/florian/.dotfiles/.config/nvim/undodir/%25Users%25florian%25.dotfiles%25.config%25nushell%25env.nu
[20:54:51.448][info] [#0:script/workspace/workspace.lua:290]: Scan files at:	file:///Users/florian/.dotfiles/.config/nvim/undodir/%25Users%25florian%25.dotfiles%25.config%25nushell%25env.nu
[20:54:51.448][info] [#0:script/workspace/loading.lua:160]: Load files from disk:	file:///Users/florian/.dotfiles/.config/nvim/undodir/%25Users%25florian%25.dotfiles%25.config%25nushell%25env.nu
[20:54:51.448][info] [#0:script/workspace/loading.lua:172]: Loaded files takes [0.000] sec: file:///Users/florian/.dotfiles/.config/nvim/undodir/%25Users%25florian%25.dotfiles%25.config%25nushell%25env.nu
[20:54:51.448][info] [#0:script/workspace/loading.lua:181]: Compile files takes [0.000] sec: file:///Users/florian/.dotfiles/.config/nvim/undodir/%25Users%25florian%25.dotfiles%25.config%25nushell%25env.nu
[20:54:51.449][info] [#0:script/workspace/loading.lua:182]: Loaded finish:	file:///Users/florian/.dotfiles/.config/nvim/undodir/%25Users%25florian%25.dotfiles%25.config%25nushell%25env.nu
[20:54:52.240][info] [#0:script/workspace/workspace.lua:290]: Scan files at:	file:///Users/florian/.dotfiles/.config/nvim/undodir/%25Users%25florian%25.dotfiles%25.config%25nushell%25env.nu
[20:54:52.240][info] [#0:script/workspace/loading.lua:160]: Load files from disk:	file:///Users/florian/.dotfiles/.config/nvim/undodir/%25Users%25florian%25.dotfiles%25.config%25nushell%25env.nu
[20:54:52.240][info] [#0:script/workspace/loading.lua:172]: Loaded files takes [0.000] sec: file:///Users/florian/.dotfiles/.config/nvim/undodir/%25Users%25florian%25.dotfiles%25.config%25nushell%25env.nu
[20:54:52.240][info] [#0:script/workspace/loading.lua:181]: Compile files takes [0.000] sec: file:///Users/florian/.dotfiles/.config/nvim/undodir/%25Users%25florian%25.dotfiles%25.config%25nushell%25env.nu
[20:54:52.240][info] [#0:script/workspace/loading.lua:182]: Loaded finish:	file:///Users/florian/.dotfiles/.config/nvim/undodir/%25Users%25florian%25.dotfiles%25.config%25nushell%25env.nu
[20:55:00.515][info] [#0:script/workspace/workspace.lua:290]: Scan files at:	file:///Users/florian/.dotfiles/.config/nvim/undodir/%25Users%25florian%25.dotfiles%25.config%25nushell%25config.nu
[20:55:00.515][info] [#0:script/workspace/loading.lua:160]: Load files from disk:	file:///Users/florian/.dotfiles/.config/nvim/undodir/%25Users%25florian%25.dotfiles%25.config%25nushell%25config.nu
[20:55:00.516][info] [#0:script/workspace/loading.lua:172]: Loaded files takes [0.000] sec: file:///Users/florian/.dotfiles/.config/nvim/undodir/%25Users%25florian%25.dotfiles%25.config%25nushell%25config.nu
[20:55:00.516][info] [#0:script/workspace/loading.lua:181]: Compile files takes [0.000] sec: file:///Users/florian/.dotfiles/.config/nvim/undodir/%25Users%25florian%25.dotfiles%25.config%25nushell%25config.nu
[20:55:00.516][info] [#0:script/workspace/loading.lua:182]: Loaded finish:	file:///Users/florian/.dotfiles/.config/nvim/undodir/%25Users%25florian%25.dotfiles%25.config%25nushell%25config.nu
[20:55:01.235][info] [#0:script/workspace/workspace.lua:290]: Scan files at:	file:///Users/florian/.dotfiles/.config/nvim/undodir/%25Users%25florian%25.dotfiles%25.config%25nushell%25config.nu
[20:55:01.235][info] [#0:script/workspace/loading.lua:160]: Load files from disk:	file:///Users/florian/.dotfiles/.config/nvim/undodir/%25Users%25florian%25.dotfiles%25.config%25nushell%25config.nu
[20:55:01.235][info] [#0:script/workspace/loading.lua:172]: Loaded files takes [0.000] sec: file:///Users/florian/.dotfiles/.config/nvim/undodir/%25Users%25florian%25.dotfiles%25.config%25nushell%25config.nu
[20:55:01.235][info] [#0:script/workspace/loading.lua:181]: Compile files takes [0.000] sec: file:///Users/florian/.dotfiles/.config/nvim/undodir/%25Users%25florian%25.dotfiles%25.config%25nushell%25config.nu
[20:55:01.235][info] [#0:script/workspace/loading.lua:182]: Loaded finish:	file:///Users/florian/.dotfiles/.config/nvim/undodir/%25Users%25florian%25.dotfiles%25.config%25nushell%25config.nu
[20:55:44.432][info] [#0:script/workspace/workspace.lua:290]: Scan files at:	file:///Users/florian/.dotfiles/.config/nvim/undodir/%25Users%25florian%25.dotfiles%25.config%25nushell%25env.nu
[20:55:44.432][info] [#0:script/workspace/loading.lua:160]: Load files from disk:	file:///Users/florian/.dotfiles/.config/nvim/undodir/%25Users%25florian%25.dotfiles%25.config%25nushell%25env.nu
[20:55:44.432][info] [#0:script/workspace/loading.lua:172]: Loaded files takes [0.000] sec: file:///Users/florian/.dotfiles/.config/nvim/undodir/%25Users%25florian%25.dotfiles%25.config%25nushell%25env.nu
[20:55:44.432][info] [#0:script/workspace/loading.lua:181]: Compile files takes [0.000] sec: file:///Users/florian/.dotfiles/.config/nvim/undodir/%25Users%25florian%25.dotfiles%25.config%25nushell%25env.nu
[20:55:44.432][info] [#0:script/workspace/loading.lua:182]: Loaded finish:	file:///Users/florian/.dotfiles/.config/nvim/undodir/%25Users%25florian%25.dotfiles%25.config%25nushell%25env.nu
[20:55:44.682][info] [#0:script/workspace/workspace.lua:290]: Scan files at:	file:///Users/florian/.dotfiles/.config/nvim/undodir/%25Users%25florian%25.dotfiles%25.config%25nushell%25env.nu
[20:55:44.682][info] [#0:script/workspace/loading.lua:160]: Load files from disk:	file:///Users/florian/.dotfiles/.config/nvim/undodir/%25Users%25florian%25.dotfiles%25.config%25nushell%25env.nu
[20:55:44.682][info] [#0:script/workspace/loading.lua:172]: Loaded files takes [0.000] sec: file:///Users/florian/.dotfiles/.config/nvim/undodir/%25Users%25florian%25.dotfiles%25.config%25nushell%25env.nu
[20:55:44.682][info] [#0:script/workspace/loading.lua:181]: Compile files takes [0.000] sec: file:///Users/florian/.dotfiles/.config/nvim/undodir/%25Users%25florian%25.dotfiles%25.config%25nushell%25env.nu
[20:55:44.682][info] [#0:script/workspace/loading.lua:182]: Loaded finish:	file:///Users/florian/.dotfiles/.config/nvim/undodir/%25Users%25florian%25.dotfiles%25.config%25nushell%25env.nu
[20:56:20.809][info] [#0:script/workspace/workspace.lua:290]: Scan files at:	file:///Users/florian/.dotfiles/.config/nvim/undodir/%25Users%25florian%25.dotfiles%25.config%25nushell%25env.nu
[20:56:20.810][info] [#0:script/workspace/loading.lua:160]: Load files from disk:	file:///Users/florian/.dotfiles/.config/nvim/undodir/%25Users%25florian%25.dotfiles%25.config%25nushell%25env.nu
[20:56:20.810][info] [#0:script/workspace/loading.lua:172]: Loaded files takes [0.000] sec: file:///Users/florian/.dotfiles/.config/nvim/undodir/%25Users%25florian%25.dotfiles%25.config%25nushell%25env.nu
[20:56:20.810][info] [#0:script/workspace/loading.lua:181]: Compile files takes [0.000] sec: file:///Users/florian/.dotfiles/.config/nvim/undodir/%25Users%25florian%25.dotfiles%25.config%25nushell%25env.nu
[20:56:20.810][info] [#0:script/workspace/loading.lua:182]: Loaded finish:	file:///Users/florian/.dotfiles/.config/nvim/undodir/%25Users%25florian%25.dotfiles%25.config%25nushell%25env.nu
[20:56:21.529][info] [#0:script/workspace/workspace.lua:290]: Scan files at:	file:///Users/florian/.dotfiles/.config/nvim/undodir/%25Users%25florian%25.dotfiles%25.config%25nushell%25env.nu
[20:56:21.529][info] [#0:script/workspace/loading.lua:160]: Load files from disk:	file:///Users/florian/.dotfiles/.config/nvim/undodir/%25Users%25florian%25.dotfiles%25.config%25nushell%25env.nu
[20:56:21.529][info] [#0:script/workspace/loading.lua:172]: Loaded files takes [0.000] sec: file:///Users/florian/.dotfiles/.config/nvim/undodir/%25Users%25florian%25.dotfiles%25.config%25nushell%25env.nu
[20:56:21.529][info] [#0:script/workspace/loading.lua:181]: Compile files takes [0.000] sec: file:///Users/florian/.dotfiles/.config/nvim/undodir/%25Users%25florian%25.dotfiles%25.config%25nushell%25env.nu
[20:56:21.529][info] [#0:script/workspace/loading.lua:182]: Loaded finish:	file:///Users/florian/.dotfiles/.config/nvim/undodir/%25Users%25florian%25.dotfiles%25.config%25nushell%25env.nu
[20:56:33.833][info] [#0:script/service/service.lua:145]: 
========= Medical Examination Report =========
    --------------- Memory ---------------
        Total: 1636.006 MB
        # 00 : 1630.338 MB
        # 01 : 5.317 MB
        # 02 : 0.053 MB
        # 03 : 0.053 MB
        # 04 : 0.245 MB
    --------------- Coroutine ---------------
        Total:     205
        Running:   0
        Suspended: 0
        Normal:    0
        Dead:      205
    --------------- Cache ---------------
        Total: 1
        Dead:  0
    ---------------  RPC  ---------------
        Holdon:   0
        Waiting:  0
==============================================
[20:56:52.694][info] [#0:script/workspace/workspace.lua:290]: Scan files at:	file:///Users/florian/.dotfiles/.config/nvim/undodir/%25Users%25florian%25.dotfiles%25.config%25nushell%25env.nu
[20:56:52.695][info] [#0:script/workspace/loading.lua:160]: Load files from disk:	file:///Users/florian/.dotfiles/.config/nvim/undodir/%25Users%25florian%25.dotfiles%25.config%25nushell%25env.nu
[20:56:52.695][info] [#0:script/workspace/loading.lua:172]: Loaded files takes [0.000] sec: file:///Users/florian/.dotfiles/.config/nvim/undodir/%25Users%25florian%25.dotfiles%25.config%25nushell%25env.nu
[20:56:52.695][info] [#0:script/workspace/loading.lua:181]: Compile files takes [0.000] sec: file:///Users/florian/.dotfiles/.config/nvim/undodir/%25Users%25florian%25.dotfiles%25.config%25nushell%25env.nu
[20:56:52.695][info] [#0:script/workspace/loading.lua:182]: Loaded finish:	file:///Users/florian/.dotfiles/.config/nvim/undodir/%25Users%25florian%25.dotfiles%25.config%25nushell%25env.nu
[20:56:52.925][info] [#0:script/workspace/workspace.lua:290]: Scan files at:	file:///Users/florian/.dotfiles/.config/nvim/undodir/%25Users%25florian%25.dotfiles%25.config%25nushell%25env.nu
[20:56:52.925][info] [#0:script/workspace/loading.lua:160]: Load files from disk:	file:///Users/florian/.dotfiles/.config/nvim/undodir/%25Users%25florian%25.dotfiles%25.config%25nushell%25env.nu
[20:56:52.925][info] [#0:script/workspace/loading.lua:172]: Loaded files takes [0.000] sec: file:///Users/florian/.dotfiles/.config/nvim/undodir/%25Users%25florian%25.dotfiles%25.config%25nushell%25env.nu
[20:56:52.925][info] [#0:script/workspace/loading.lua:181]: Compile files takes [0.000] sec: file:///Users/florian/.dotfiles/.config/nvim/undodir/%25Users%25florian%25.dotfiles%25.config%25nushell%25env.nu
[20:56:52.925][info] [#0:script/workspace/loading.lua:182]: Loaded finish:	file:///Users/florian/.dotfiles/.config/nvim/undodir/%25Users%25florian%25.dotfiles%25.config%25nushell%25env.nu
[20:58:12.978][info] [#0:script/workspace/workspace.lua:290]: Scan files at:	file:///Users/florian/.dotfiles/.config/nvim/undodir/%25Users%25florian%25.dotfiles%25.config%25nushell%25env.nu
[20:58:12.978][info] [#0:script/workspace/loading.lua:160]: Load files from disk:	file:///Users/florian/.dotfiles/.config/nvim/undodir/%25Users%25florian%25.dotfiles%25.config%25nushell%25env.nu
[20:58:12.978][info] [#0:script/workspace/loading.lua:172]: Loaded files takes [0.000] sec: file:///Users/florian/.dotfiles/.config/nvim/undodir/%25Users%25florian%25.dotfiles%25.config%25nushell%25env.nu
[20:58:12.978][info] [#0:script/workspace/loading.lua:181]: Compile files takes [0.000] sec: file:///Users/florian/.dotfiles/.config/nvim/undodir/%25Users%25florian%25.dotfiles%25.config%25nushell%25env.nu
[20:58:12.978][info] [#0:script/workspace/loading.lua:182]: Loaded finish:	file:///Users/florian/.dotfiles/.config/nvim/undodir/%25Users%25florian%25.dotfiles%25.config%25nushell%25env.nu
[20:58:13.225][info] [#0:script/workspace/workspace.lua:290]: Scan files at:	file:///Users/florian/.dotfiles/.config/nvim/undodir/%25Users%25florian%25.dotfiles%25.config%25nushell%25env.nu
[20:58:13.226][info] [#0:script/workspace/loading.lua:160]: Load files from disk:	file:///Users/florian/.dotfiles/.config/nvim/undodir/%25Users%25florian%25.dotfiles%25.config%25nushell%25env.nu
[20:58:13.226][info] [#0:script/workspace/loading.lua:172]: Loaded files takes [0.000] sec: file:///Users/florian/.dotfiles/.config/nvim/undodir/%25Users%25florian%25.dotfiles%25.config%25nushell%25env.nu
[20:58:13.226][info] [#0:script/workspace/loading.lua:181]: Compile files takes [0.000] sec: file:///Users/florian/.dotfiles/.config/nvim/undodir/%25Users%25florian%25.dotfiles%25.config%25nushell%25env.nu
[20:58:13.226][info] [#0:script/workspace/loading.lua:182]: Loaded finish:	file:///Users/florian/.dotfiles/.config/nvim/undodir/%25Users%25florian%25.dotfiles%25.config%25nushell%25env.nu
[20:59:48.566][info] [#0:script/workspace/workspace.lua:290]: Scan files at:	file:///Users/florian/.dotfiles/.config/nvim/undodir/%25Users%25florian%25.dotfiles%25.config%25nushell%25config.nu
[20:59:48.566][info] [#0:script/workspace/loading.lua:160]: Load files from disk:	file:///Users/florian/.dotfiles/.config/nvim/undodir/%25Users%25florian%25.dotfiles%25.config%25nushell%25config.nu
[20:59:48.566][info] [#0:script/workspace/loading.lua:172]: Loaded files takes [0.000] sec: file:///Users/florian/.dotfiles/.config/nvim/undodir/%25Users%25florian%25.dotfiles%25.config%25nushell%25config.nu
[20:59:48.566][info] [#0:script/workspace/loading.lua:181]: Compile files takes [0.000] sec: file:///Users/florian/.dotfiles/.config/nvim/undodir/%25Users%25florian%25.dotfiles%25.config%25nushell%25config.nu
[20:59:48.566][info] [#0:script/workspace/loading.lua:182]: Loaded finish:	file:///Users/florian/.dotfiles/.config/nvim/undodir/%25Users%25florian%25.dotfiles%25.config%25nushell%25config.nu
[20:59:49.330][info] [#0:script/workspace/workspace.lua:290]: Scan files at:	file:///Users/florian/.dotfiles/.config/nvim/undodir/%25Users%25florian%25.dotfiles%25.config%25nushell%25config.nu
[20:59:49.330][info] [#0:script/workspace/loading.lua:160]: Load files from disk:	file:///Users/florian/.dotfiles/.config/nvim/undodir/%25Users%25florian%25.dotfiles%25.config%25nushell%25config.nu
[20:59:49.330][info] [#0:script/workspace/loading.lua:172]: Loaded files takes [0.000] sec: file:///Users/florian/.dotfiles/.config/nvim/undodir/%25Users%25florian%25.dotfiles%25.config%25nushell%25config.nu
[20:59:49.330][info] [#0:script/workspace/loading.lua:181]: Compile files takes [0.000] sec: file:///Users/florian/.dotfiles/.config/nvim/undodir/%25Users%25florian%25.dotfiles%25.config%25nushell%25config.nu
[20:59:49.330][info] [#0:script/workspace/loading.lua:182]: Loaded finish:	file:///Users/florian/.dotfiles/.config/nvim/undodir/%25Users%25florian%25.dotfiles%25.config%25nushell%25config.nu
[21:00:07.389][info] [#0:script/workspace/workspace.lua:290]: Scan files at:	file:///Users/florian/.dotfiles/.config/nvim/undodir/%25Users%25florian%25.dotfiles%25.config%25nushell%25config.nu
[21:00:07.390][info] [#0:script/workspace/loading.lua:160]: Load files from disk:	file:///Users/florian/.dotfiles/.config/nvim/undodir/%25Users%25florian%25.dotfiles%25.config%25nushell%25config.nu
[21:00:07.390][info] [#0:script/workspace/loading.lua:172]: Loaded files takes [0.000] sec: file:///Users/florian/.dotfiles/.config/nvim/undodir/%25Users%25florian%25.dotfiles%25.config%25nushell%25config.nu
[21:00:07.390][info] [#0:script/workspace/loading.lua:181]: Compile files takes [0.000] sec: file:///Users/florian/.dotfiles/.config/nvim/undodir/%25Users%25florian%25.dotfiles%25.config%25nushell%25config.nu
[21:00:07.390][info] [#0:script/workspace/loading.lua:182]: Loaded finish:	file:///Users/florian/.dotfiles/.config/nvim/undodir/%25Users%25florian%25.dotfiles%25.config%25nushell%25config.nu
[21:00:07.667][info] [#0:script/workspace/workspace.lua:290]: Scan files at:	file:///Users/florian/.dotfiles/.config/nvim/undodir/%25Users%25florian%25.dotfiles%25.config%25nushell%25config.nu
[21:00:07.667][info] [#0:script/workspace/loading.lua:160]: Load files from disk:	file:///Users/florian/.dotfiles/.config/nvim/undodir/%25Users%25florian%25.dotfiles%25.config%25nushell%25config.nu
[21:00:07.667][info] [#0:script/workspace/loading.lua:172]: Loaded files takes [0.000] sec: file:///Users/florian/.dotfiles/.config/nvim/undodir/%25Users%25florian%25.dotfiles%25.config%25nushell%25config.nu
[21:00:07.667][info] [#0:script/workspace/loading.lua:181]: Compile files takes [0.000] sec: file:///Users/florian/.dotfiles/.config/nvim/undodir/%25Users%25florian%25.dotfiles%25.config%25nushell%25config.nu
[21:00:07.667][info] [#0:script/workspace/loading.lua:182]: Loaded finish:	file:///Users/florian/.dotfiles/.config/nvim/undodir/%25Users%25florian%25.dotfiles%25.config%25nushell%25config.nu
[21:01:34.668][info] [#0:script/workspace/workspace.lua:290]: Scan files at:	file:///Users/florian/.dotfiles/.config/nvim/undodir/%25Users%25florian%25.dotfiles%25.config%25nushell%25config.nu
[21:01:34.669][info] [#0:script/workspace/loading.lua:160]: Load files from disk:	file:///Users/florian/.dotfiles/.config/nvim/undodir/%25Users%25florian%25.dotfiles%25.config%25nushell%25config.nu
[21:01:34.669][info] [#0:script/workspace/loading.lua:172]: Loaded files takes [0.000] sec: file:///Users/florian/.dotfiles/.config/nvim/undodir/%25Users%25florian%25.dotfiles%25.config%25nushell%25config.nu
[21:01:34.669][info] [#0:script/workspace/loading.lua:181]: Compile files takes [0.000] sec: file:///Users/florian/.dotfiles/.config/nvim/undodir/%25Users%25florian%25.dotfiles%25.config%25nushell%25config.nu
[21:01:34.669][info] [#0:script/workspace/loading.lua:182]: Loaded finish:	file:///Users/florian/.dotfiles/.config/nvim/undodir/%25Users%25florian%25.dotfiles%25.config%25nushell%25config.nu
[21:01:34.940][info] [#0:script/workspace/workspace.lua:290]: Scan files at:	file:///Users/florian/.dotfiles/.config/nvim/undodir/%25Users%25florian%25.dotfiles%25.config%25nushell%25config.nu
[21:01:34.941][info] [#0:script/workspace/loading.lua:160]: Load files from disk:	file:///Users/florian/.dotfiles/.config/nvim/undodir/%25Users%25florian%25.dotfiles%25.config%25nushell%25config.nu
[21:01:34.941][info] [#0:script/workspace/loading.lua:172]: Loaded files takes [0.000] sec: file:///Users/florian/.dotfiles/.config/nvim/undodir/%25Users%25florian%25.dotfiles%25.config%25nushell%25config.nu
[21:01:34.941][info] [#0:script/workspace/loading.lua:181]: Compile files takes [0.000] sec: file:///Users/florian/.dotfiles/.config/nvim/undodir/%25Users%25florian%25.dotfiles%25.config%25nushell%25config.nu
[21:01:34.941][info] [#0:script/workspace/loading.lua:182]: Loaded finish:	file:///Users/florian/.dotfiles/.config/nvim/undodir/%25Users%25florian%25.dotfiles%25.config%25nushell%25config.nu
[21:01:41.717][info] [#0:script/workspace/workspace.lua:290]: Scan files at:	file:///Users/florian/.dotfiles/.config/nvim/undodir/%25Users%25florian%25.dotfiles%25.config%25nushell%25config.nu
[21:01:41.717][info] [#0:script/workspace/loading.lua:160]: Load files from disk:	file:///Users/florian/.dotfiles/.config/nvim/undodir/%25Users%25florian%25.dotfiles%25.config%25nushell%25config.nu
[21:01:41.717][info] [#0:script/workspace/loading.lua:172]: Loaded files takes [0.000] sec: file:///Users/florian/.dotfiles/.config/nvim/undodir/%25Users%25florian%25.dotfiles%25.config%25nushell%25config.nu
[21:01:41.717][info] [#0:script/workspace/loading.lua:181]: Compile files takes [0.000] sec: file:///Users/florian/.dotfiles/.config/nvim/undodir/%25Users%25florian%25.dotfiles%25.config%25nushell%25config.nu
[21:01:41.717][info] [#0:script/workspace/loading.lua:182]: Loaded finish:	file:///Users/florian/.dotfiles/.config/nvim/undodir/%25Users%25florian%25.dotfiles%25.config%25nushell%25config.nu
[21:01:42.001][info] [#0:script/workspace/workspace.lua:290]: Scan files at:	file:///Users/florian/.dotfiles/.config/nvim/undodir/%25Users%25florian%25.dotfiles%25.config%25nushell%25config.nu
[21:01:42.001][info] [#0:script/workspace/loading.lua:160]: Load files from disk:	file:///Users/florian/.dotfiles/.config/nvim/undodir/%25Users%25florian%25.dotfiles%25.config%25nushell%25config.nu
[21:01:42.001][info] [#0:script/workspace/loading.lua:172]: Loaded files takes [0.000] sec: file:///Users/florian/.dotfiles/.config/nvim/undodir/%25Users%25florian%25.dotfiles%25.config%25nushell%25config.nu
[21:01:42.001][info] [#0:script/workspace/loading.lua:181]: Compile files takes [0.000] sec: file:///Users/florian/.dotfiles/.config/nvim/undodir/%25Users%25florian%25.dotfiles%25.config%25nushell%25config.nu
[21:01:42.001][info] [#0:script/workspace/loading.lua:182]: Loaded finish:	file:///Users/florian/.dotfiles/.config/nvim/undodir/%25Users%25florian%25.dotfiles%25.config%25nushell%25config.nu
[21:01:49.759][info] [#0:script/workspace/workspace.lua:290]: Scan files at:	file:///Users/florian/.dotfiles/.config/nvim/undodir/%25Users%25florian%25.dotfiles%25.config%25nushell%25config.nu
[21:01:49.760][info] [#0:script/workspace/loading.lua:160]: Load files from disk:	file:///Users/florian/.dotfiles/.config/nvim/undodir/%25Users%25florian%25.dotfiles%25.config%25nushell%25config.nu
[21:01:49.760][info] [#0:script/workspace/loading.lua:172]: Loaded files takes [0.000] sec: file:///Users/florian/.dotfiles/.config/nvim/undodir/%25Users%25florian%25.dotfiles%25.config%25nushell%25config.nu
[21:01:49.760][info] [#0:script/workspace/loading.lua:181]: Compile files takes [0.000] sec: file:///Users/florian/.dotfiles/.config/nvim/undodir/%25Users%25florian%25.dotfiles%25.config%25nushell%25config.nu
[21:01:49.760][info] [#0:script/workspace/loading.lua:182]: Loaded finish:	file:///Users/florian/.dotfiles/.config/nvim/undodir/%25Users%25florian%25.dotfiles%25.config%25nushell%25config.nu
[21:01:50.024][info] [#0:script/workspace/workspace.lua:290]: Scan files at:	file:///Users/florian/.dotfiles/.config/nvim/undodir/%25Users%25florian%25.dotfiles%25.config%25nushell%25config.nu
[21:01:50.024][info] [#0:script/workspace/loading.lua:160]: Load files from disk:	file:///Users/florian/.dotfiles/.config/nvim/undodir/%25Users%25florian%25.dotfiles%25.config%25nushell%25config.nu
[21:01:50.024][info] [#0:script/workspace/loading.lua:172]: Loaded files takes [0.000] sec: file:///Users/florian/.dotfiles/.config/nvim/undodir/%25Users%25florian%25.dotfiles%25.config%25nushell%25config.nu
[21:01:50.024][info] [#0:script/workspace/loading.lua:181]: Compile files takes [0.000] sec: file:///Users/florian/.dotfiles/.config/nvim/undodir/%25Users%25florian%25.dotfiles%25.config%25nushell%25config.nu
[21:01:50.024][info] [#0:script/workspace/loading.lua:182]: Loaded finish:	file:///Users/florian/.dotfiles/.config/nvim/undodir/%25Users%25florian%25.dotfiles%25.config%25nushell%25config.nu
[21:01:55.777][info] [#0:script/workspace/workspace.lua:290]: Scan files at:	file:///Users/florian/.dotfiles/.config/nvim/undodir/%25Users%25florian%25.dotfiles%25.config%25nushell%25config.nu
[21:01:55.778][info] [#0:script/workspace/loading.lua:160]: Load files from disk:	file:///Users/florian/.dotfiles/.config/nvim/undodir/%25Users%25florian%25.dotfiles%25.config%25nushell%25config.nu
[21:01:55.778][info] [#0:script/workspace/loading.lua:172]: Loaded files takes [0.000] sec: file:///Users/florian/.dotfiles/.config/nvim/undodir/%25Users%25florian%25.dotfiles%25.config%25nushell%25config.nu
[21:01:55.778][info] [#0:script/workspace/loading.lua:181]: Compile files takes [0.000] sec: file:///Users/florian/.dotfiles/.config/nvim/undodir/%25Users%25florian%25.dotfiles%25.config%25nushell%25config.nu
[21:01:55.778][info] [#0:script/workspace/loading.lua:182]: Loaded finish:	file:///Users/florian/.dotfiles/.config/nvim/undodir/%25Users%25florian%25.dotfiles%25.config%25nushell%25config.nu
[21:01:56.052][info] [#0:script/workspace/workspace.lua:290]: Scan files at:	file:///Users/florian/.dotfiles/.config/nvim/undodir/%25Users%25florian%25.dotfiles%25.config%25nushell%25config.nu
[21:01:56.052][info] [#0:script/workspace/loading.lua:160]: Load files from disk:	file:///Users/florian/.dotfiles/.config/nvim/undodir/%25Users%25florian%25.dotfiles%25.config%25nushell%25config.nu
[21:01:56.052][info] [#0:script/workspace/loading.lua:172]: Loaded files takes [0.000] sec: file:///Users/florian/.dotfiles/.config/nvim/undodir/%25Users%25florian%25.dotfiles%25.config%25nushell%25config.nu
[21:01:56.052][info] [#0:script/workspace/loading.lua:181]: Compile files takes [0.000] sec: file:///Users/florian/.dotfiles/.config/nvim/undodir/%25Users%25florian%25.dotfiles%25.config%25nushell%25config.nu
[21:01:56.052][info] [#0:script/workspace/loading.lua:182]: Loaded finish:	file:///Users/florian/.dotfiles/.config/nvim/undodir/%25Users%25florian%25.dotfiles%25.config%25nushell%25config.nu
[21:01:59.792][info] [#0:script/workspace/workspace.lua:290]: Scan files at:	file:///Users/florian/.dotfiles/.config/nvim/undodir/%25Users%25florian%25.dotfiles%25.config%25nushell%25config.nu
[21:01:59.792][info] [#0:script/workspace/loading.lua:160]: Load files from disk:	file:///Users/florian/.dotfiles/.config/nvim/undodir/%25Users%25florian%25.dotfiles%25.config%25nushell%25config.nu
[21:01:59.792][info] [#0:script/workspace/loading.lua:172]: Loaded files takes [0.000] sec: file:///Users/florian/.dotfiles/.config/nvim/undodir/%25Users%25florian%25.dotfiles%25.config%25nushell%25config.nu
[21:01:59.792][info] [#0:script/workspace/loading.lua:181]: Compile files takes [0.000] sec: file:///Users/florian/.dotfiles/.config/nvim/undodir/%25Users%25florian%25.dotfiles%25.config%25nushell%25config.nu
[21:01:59.792][info] [#0:script/workspace/loading.lua:182]: Loaded finish:	file:///Users/florian/.dotfiles/.config/nvim/undodir/%25Users%25florian%25.dotfiles%25.config%25nushell%25config.nu
[21:02:00.055][info] [#0:script/workspace/workspace.lua:290]: Scan files at:	file:///Users/florian/.dotfiles/.config/nvim/undodir/%25Users%25florian%25.dotfiles%25.config%25nushell%25config.nu
[21:02:00.055][info] [#0:script/workspace/loading.lua:160]: Load files from disk:	file:///Users/florian/.dotfiles/.config/nvim/undodir/%25Users%25florian%25.dotfiles%25.config%25nushell%25config.nu
[21:02:00.055][info] [#0:script/workspace/loading.lua:172]: Loaded files takes [0.000] sec: file:///Users/florian/.dotfiles/.config/nvim/undodir/%25Users%25florian%25.dotfiles%25.config%25nushell%25config.nu
[21:02:00.055][info] [#0:script/workspace/loading.lua:181]: Compile files takes [0.000] sec: file:///Users/florian/.dotfiles/.config/nvim/undodir/%25Users%25florian%25.dotfiles%25.config%25nushell%25config.nu
[21:02:00.055][info] [#0:script/workspace/loading.lua:182]: Loaded finish:	file:///Users/florian/.dotfiles/.config/nvim/undodir/%25Users%25florian%25.dotfiles%25.config%25nushell%25config.nu
[21:02:31.902][info] [#0:script/workspace/workspace.lua:290]: Scan files at:	file:///Users/florian/.dotfiles/.config/nvim/undodir/%25Users%25florian%25.dotfiles%25.config%25nushell%25config.nu
[21:02:31.902][info] [#0:script/workspace/loading.lua:160]: Load files from disk:	file:///Users/florian/.dotfiles/.config/nvim/undodir/%25Users%25florian%25.dotfiles%25.config%25nushell%25config.nu
[21:02:31.902][info] [#0:script/workspace/loading.lua:172]: Loaded files takes [0.000] sec: file:///Users/florian/.dotfiles/.config/nvim/undodir/%25Users%25florian%25.dotfiles%25.config%25nushell%25config.nu
[21:02:31.902][info] [#0:script/workspace/loading.lua:181]: Compile files takes [0.000] sec: file:///Users/florian/.dotfiles/.config/nvim/undodir/%25Users%25florian%25.dotfiles%25.config%25nushell%25config.nu
[21:02:31.902][info] [#0:script/workspace/loading.lua:182]: Loaded finish:	file:///Users/florian/.dotfiles/.config/nvim/undodir/%25Users%25florian%25.dotfiles%25.config%25nushell%25config.nu
[21:02:32.190][info] [#0:script/workspace/workspace.lua:290]: Scan files at:	file:///Users/florian/.dotfiles/.config/nvim/undodir/%25Users%25florian%25.dotfiles%25.config%25nushell%25config.nu
[21:02:32.190][info] [#0:script/workspace/loading.lua:160]: Load files from disk:	file:///Users/florian/.dotfiles/.config/nvim/undodir/%25Users%25florian%25.dotfiles%25.config%25nushell%25config.nu
[21:02:32.190][info] [#0:script/workspace/loading.lua:172]: Loaded files takes [0.000] sec: file:///Users/florian/.dotfiles/.config/nvim/undodir/%25Users%25florian%25.dotfiles%25.config%25nushell%25config.nu
[21:02:32.191][info] [#0:script/workspace/loading.lua:181]: Compile files takes [0.000] sec: file:///Users/florian/.dotfiles/.config/nvim/undodir/%25Users%25florian%25.dotfiles%25.config%25nushell%25config.nu
[21:02:32.191][info] [#0:script/workspace/loading.lua:182]: Loaded finish:	file:///Users/florian/.dotfiles/.config/nvim/undodir/%25Users%25florian%25.dotfiles%25.config%25nushell%25config.nu
[21:03:06.015][info] [#0:script/workspace/workspace.lua:290]: Scan files at:	file:///Users/florian/.dotfiles/.config/nvim/undodir/%25Users%25florian%25.dotfiles%25.config%25nushell%25config.nu
[21:03:06.016][info] [#0:script/workspace/loading.lua:160]: Load files from disk:	file:///Users/florian/.dotfiles/.config/nvim/undodir/%25Users%25florian%25.dotfiles%25.config%25nushell%25config.nu
[21:03:06.016][info] [#0:script/workspace/loading.lua:172]: Loaded files takes [0.000] sec: file:///Users/florian/.dotfiles/.config/nvim/undodir/%25Users%25florian%25.dotfiles%25.config%25nushell%25config.nu
[21:03:06.016][info] [#0:script/workspace/loading.lua:181]: Compile files takes [0.000] sec: file:///Users/florian/.dotfiles/.config/nvim/undodir/%25Users%25florian%25.dotfiles%25.config%25nushell%25config.nu
[21:03:06.016][info] [#0:script/workspace/loading.lua:182]: Loaded finish:	file:///Users/florian/.dotfiles/.config/nvim/undodir/%25Users%25florian%25.dotfiles%25.config%25nushell%25config.nu
[21:03:06.302][info] [#0:script/workspace/workspace.lua:290]: Scan files at:	file:///Users/florian/.dotfiles/.config/nvim/undodir/%25Users%25florian%25.dotfiles%25.config%25nushell%25config.nu
[21:03:06.302][info] [#0:script/workspace/loading.lua:160]: Load files from disk:	file:///Users/florian/.dotfiles/.config/nvim/undodir/%25Users%25florian%25.dotfiles%25.config%25nushell%25config.nu
[21:03:06.302][info] [#0:script/workspace/loading.lua:172]: Loaded files takes [0.000] sec: file:///Users/florian/.dotfiles/.config/nvim/undodir/%25Users%25florian%25.dotfiles%25.config%25nushell%25config.nu
[21:03:06.302][info] [#0:script/workspace/loading.lua:181]: Compile files takes [0.000] sec: file:///Users/florian/.dotfiles/.config/nvim/undodir/%25Users%25florian%25.dotfiles%25.config%25nushell%25config.nu
[21:03:06.302][info] [#0:script/workspace/loading.lua:182]: Loaded finish:	file:///Users/florian/.dotfiles/.config/nvim/undodir/%25Users%25florian%25.dotfiles%25.config%25nushell%25config.nu
[21:03:08.026][info] [#0:script/workspace/workspace.lua:290]: Scan files at:	file:///Users/florian/.dotfiles/.config/nvim/undodir/%25Users%25florian%25.dotfiles%25.config%25nushell%25config.nu
[21:03:08.027][info] [#0:script/workspace/loading.lua:160]: Load files from disk:	file:///Users/florian/.dotfiles/.config/nvim/undodir/%25Users%25florian%25.dotfiles%25.config%25nushell%25config.nu
[21:03:08.027][info] [#0:script/workspace/loading.lua:172]: Loaded files takes [0.000] sec: file:///Users/florian/.dotfiles/.config/nvim/undodir/%25Users%25florian%25.dotfiles%25.config%25nushell%25config.nu
[21:03:08.027][info] [#0:script/workspace/loading.lua:181]: Compile files takes [0.000] sec: file:///Users/florian/.dotfiles/.config/nvim/undodir/%25Users%25florian%25.dotfiles%25.config%25nushell%25config.nu
[21:03:08.027][info] [#0:script/workspace/loading.lua:182]: Loaded finish:	file:///Users/florian/.dotfiles/.config/nvim/undodir/%25Users%25florian%25.dotfiles%25.config%25nushell%25config.nu
[21:03:08.320][info] [#0:script/workspace/workspace.lua:290]: Scan files at:	file:///Users/florian/.dotfiles/.config/nvim/undodir/%25Users%25florian%25.dotfiles%25.config%25nushell%25config.nu
[21:03:08.321][info] [#0:script/workspace/loading.lua:160]: Load files from disk:	file:///Users/florian/.dotfiles/.config/nvim/undodir/%25Users%25florian%25.dotfiles%25.config%25nushell%25config.nu
[21:03:08.321][info] [#0:script/workspace/loading.lua:172]: Loaded files takes [0.000] sec: file:///Users/florian/.dotfiles/.config/nvim/undodir/%25Users%25florian%25.dotfiles%25.config%25nushell%25config.nu
[21:03:08.321][info] [#0:script/workspace/loading.lua:181]: Compile files takes [0.000] sec: file:///Users/florian/.dotfiles/.config/nvim/undodir/%25Users%25florian%25.dotfiles%25.config%25nushell%25config.nu
[21:03:08.321][info] [#0:script/workspace/loading.lua:182]: Loaded finish:	file:///Users/florian/.dotfiles/.config/nvim/undodir/%25Users%25florian%25.dotfiles%25.config%25nushell%25config.nu
[21:03:33.280][info] [#0:script/service/service.lua:145]: 
========= Medical Examination Report =========
    --------------- Memory ---------------
        Total: 1664.735 MB
        # 00 : 1659.737 MB
        # 01 : 0.053 MB
        # 02 : 1.462 MB
        # 03 : 0.053 MB
        # 04 : 3.430 MB
    --------------- Coroutine ---------------
        Total:     253
        Running:   0
        Suspended: 0
        Normal:    0
        Dead:      253
    --------------- Cache ---------------
        Total: 1
        Dead:  0
    ---------------  RPC  ---------------
        Holdon:   0
        Waiting:  0
==============================================
[21:03:42.138][info] [#0:script/workspace/workspace.lua:290]: Scan files at:	file:///Users/florian/.dotfiles/.config/nvim/undodir/%25Users%25florian%25.dotfiles%25.config%25nushell%25config.nu
[21:03:42.138][info] [#0:script/workspace/loading.lua:160]: Load files from disk:	file:///Users/florian/.dotfiles/.config/nvim/undodir/%25Users%25florian%25.dotfiles%25.config%25nushell%25config.nu
[21:03:42.138][info] [#0:script/workspace/loading.lua:172]: Loaded files takes [0.000] sec: file:///Users/florian/.dotfiles/.config/nvim/undodir/%25Users%25florian%25.dotfiles%25.config%25nushell%25config.nu
[21:03:42.138][info] [#0:script/workspace/loading.lua:181]: Compile files takes [0.000] sec: file:///Users/florian/.dotfiles/.config/nvim/undodir/%25Users%25florian%25.dotfiles%25.config%25nushell%25config.nu
[21:03:42.138][info] [#0:script/workspace/loading.lua:182]: Loaded finish:	file:///Users/florian/.dotfiles/.config/nvim/undodir/%25Users%25florian%25.dotfiles%25.config%25nushell%25config.nu
[21:03:42.449][info] [#0:script/workspace/workspace.lua:290]: Scan files at:	file:///Users/florian/.dotfiles/.config/nvim/undodir/%25Users%25florian%25.dotfiles%25.config%25nushell%25config.nu
[21:03:42.450][info] [#0:script/workspace/loading.lua:160]: Load files from disk:	file:///Users/florian/.dotfiles/.config/nvim/undodir/%25Users%25florian%25.dotfiles%25.config%25nushell%25config.nu
[21:03:42.450][info] [#0:script/workspace/loading.lua:172]: Loaded files takes [0.000] sec: file:///Users/florian/.dotfiles/.config/nvim/undodir/%25Users%25florian%25.dotfiles%25.config%25nushell%25config.nu
[21:03:42.450][info] [#0:script/workspace/loading.lua:181]: Compile files takes [0.000] sec: file:///Users/florian/.dotfiles/.config/nvim/undodir/%25Users%25florian%25.dotfiles%25.config%25nushell%25config.nu
[21:03:42.450][info] [#0:script/workspace/loading.lua:182]: Loaded finish:	file:///Users/florian/.dotfiles/.config/nvim/undodir/%25Users%25florian%25.dotfiles%25.config%25nushell%25config.nu
[21:03:51.133][info] [#0:script/workspace/workspace.lua:290]: Scan files at:	file:///Users/florian/.dotfiles/.config/nvim/undodir/%25Users%25florian%25.dotfiles%25.config%25nushell%25env.nu
[21:03:51.134][info] [#0:script/workspace/loading.lua:160]: Load files from disk:	file:///Users/florian/.dotfiles/.config/nvim/undodir/%25Users%25florian%25.dotfiles%25.config%25nushell%25env.nu
[21:03:51.134][info] [#0:script/workspace/loading.lua:172]: Loaded files takes [0.000] sec: file:///Users/florian/.dotfiles/.config/nvim/undodir/%25Users%25florian%25.dotfiles%25.config%25nushell%25env.nu
[21:03:51.134][info] [#0:script/workspace/loading.lua:181]: Compile files takes [0.000] sec: file:///Users/florian/.dotfiles/.config/nvim/undodir/%25Users%25florian%25.dotfiles%25.config%25nushell%25env.nu
[21:03:51.134][info] [#0:script/workspace/loading.lua:182]: Loaded finish:	file:///Users/florian/.dotfiles/.config/nvim/undodir/%25Users%25florian%25.dotfiles%25.config%25nushell%25env.nu
[21:03:51.445][info] [#0:script/workspace/workspace.lua:290]: Scan files at:	file:///Users/florian/.dotfiles/.config/nvim/undodir/%25Users%25florian%25.dotfiles%25.config%25nushell%25env.nu
[21:03:51.445][info] [#0:script/workspace/loading.lua:160]: Load files from disk:	file:///Users/florian/.dotfiles/.config/nvim/undodir/%25Users%25florian%25.dotfiles%25.config%25nushell%25env.nu
[21:03:51.445][info] [#0:script/workspace/loading.lua:172]: Loaded files takes [0.000] sec: file:///Users/florian/.dotfiles/.config/nvim/undodir/%25Users%25florian%25.dotfiles%25.config%25nushell%25env.nu
[21:03:51.445][info] [#0:script/workspace/loading.lua:181]: Compile files takes [0.000] sec: file:///Users/florian/.dotfiles/.config/nvim/undodir/%25Users%25florian%25.dotfiles%25.config%25nushell%25env.nu
[21:03:51.446][info] [#0:script/workspace/loading.lua:182]: Loaded finish:	file:///Users/florian/.dotfiles/.config/nvim/undodir/%25Users%25florian%25.dotfiles%25.config%25nushell%25env.nu
[21:03:59.154][info] [#0:script/workspace/workspace.lua:290]: Scan files at:	file:///Users/florian/.dotfiles/.config/nvim/undodir/%25Users%25florian%25.dotfiles%25.config%25nushell%25env.nu
[21:03:59.154][info] [#0:script/workspace/loading.lua:160]: Load files from disk:	file:///Users/florian/.dotfiles/.config/nvim/undodir/%25Users%25florian%25.dotfiles%25.config%25nushell%25env.nu
[21:03:59.154][info] [#0:script/workspace/loading.lua:172]: Loaded files takes [0.000] sec: file:///Users/florian/.dotfiles/.config/nvim/undodir/%25Users%25florian%25.dotfiles%25.config%25nushell%25env.nu
[21:03:59.154][info] [#0:script/workspace/loading.lua:181]: Compile files takes [0.000] sec: file:///Users/florian/.dotfiles/.config/nvim/undodir/%25Users%25florian%25.dotfiles%25.config%25nushell%25env.nu
[21:03:59.154][info] [#0:script/workspace/loading.lua:182]: Loaded finish:	file:///Users/florian/.dotfiles/.config/nvim/undodir/%25Users%25florian%25.dotfiles%25.config%25nushell%25env.nu
[21:03:59.482][info] [#0:script/workspace/workspace.lua:290]: Scan files at:	file:///Users/florian/.dotfiles/.config/nvim/undodir/%25Users%25florian%25.dotfiles%25.config%25nushell%25env.nu
[21:03:59.483][info] [#0:script/workspace/loading.lua:160]: Load files from disk:	file:///Users/florian/.dotfiles/.config/nvim/undodir/%25Users%25florian%25.dotfiles%25.config%25nushell%25env.nu
[21:03:59.483][info] [#0:script/workspace/loading.lua:172]: Loaded files takes [0.000] sec: file:///Users/florian/.dotfiles/.config/nvim/undodir/%25Users%25florian%25.dotfiles%25.config%25nushell%25env.nu
[21:03:59.483][info] [#0:script/workspace/loading.lua:181]: Compile files takes [0.000] sec: file:///Users/florian/.dotfiles/.config/nvim/undodir/%25Users%25florian%25.dotfiles%25.config%25nushell%25env.nu
[21:03:59.483][info] [#0:script/workspace/loading.lua:182]: Loaded finish:	file:///Users/florian/.dotfiles/.config/nvim/undodir/%25Users%25florian%25.dotfiles%25.config%25nushell%25env.nu
[21:06:26.717][info] [#0:script/workspace/workspace.lua:290]: Scan files at:	file:///Users/florian/.dotfiles/.config/nvim/undodir/%25Volumes%25ExternalStorage%25private%25repositories%25reddit-notifier%25main.py
[21:06:26.719][info] [#0:script/workspace/loading.lua:160]: Load files from disk:	file:///Users/florian/.dotfiles/.config/nvim/undodir/%25Volumes%25ExternalStorage%25private%25repositories%25reddit-notifier%25main.py
[21:06:26.719][info] [#0:script/workspace/loading.lua:172]: Loaded files takes [0.000] sec: file:///Users/florian/.dotfiles/.config/nvim/undodir/%25Volumes%25ExternalStorage%25private%25repositories%25reddit-notifier%25main.py
[21:06:26.719][info] [#0:script/workspace/loading.lua:181]: Compile files takes [0.000] sec: file:///Users/florian/.dotfiles/.config/nvim/undodir/%25Volumes%25ExternalStorage%25private%25repositories%25reddit-notifier%25main.py
[21:06:26.719][info] [#0:script/workspace/loading.lua:182]: Loaded finish:	file:///Users/florian/.dotfiles/.config/nvim/undodir/%25Volumes%25ExternalStorage%25private%25repositories%25reddit-notifier%25main.py
[21:06:27.082][info] [#0:script/workspace/workspace.lua:290]: Scan files at:	file:///Users/florian/.dotfiles/.config/nvim/undodir/%25Volumes%25ExternalStorage%25private%25repositories%25reddit-notifier%25main.py
[21:06:27.082][info] [#0:script/workspace/loading.lua:160]: Load files from disk:	file:///Users/florian/.dotfiles/.config/nvim/undodir/%25Volumes%25ExternalStorage%25private%25repositories%25reddit-notifier%25main.py
[21:06:27.082][info] [#0:script/workspace/loading.lua:172]: Loaded files takes [0.000] sec: file:///Users/florian/.dotfiles/.config/nvim/undodir/%25Volumes%25ExternalStorage%25private%25repositories%25reddit-notifier%25main.py
[21:06:27.083][info] [#0:script/workspace/loading.lua:181]: Compile files takes [0.000] sec: file:///Users/florian/.dotfiles/.config/nvim/undodir/%25Volumes%25ExternalStorage%25private%25repositories%25reddit-notifier%25main.py
[21:06:27.083][info] [#0:script/workspace/loading.lua:182]: Loaded finish:	file:///Users/florian/.dotfiles/.config/nvim/undodir/%25Volumes%25ExternalStorage%25private%25repositories%25reddit-notifier%25main.py
[21:06:28.735][info] [#0:script/workspace/workspace.lua:290]: Scan files at:	file:///Users/florian/.dotfiles/.config/nvim/undodir/%25Users%25florian%25.dotfiles%25.config%25nushell%25config.nu
[21:06:28.735][info] [#0:script/workspace/loading.lua:160]: Load files from disk:	file:///Users/florian/.dotfiles/.config/nvim/undodir/%25Users%25florian%25.dotfiles%25.config%25nushell%25config.nu
[21:06:28.735][info] [#0:script/workspace/loading.lua:172]: Loaded files takes [0.000] sec: file:///Users/florian/.dotfiles/.config/nvim/undodir/%25Users%25florian%25.dotfiles%25.config%25nushell%25config.nu
[21:06:28.735][info] [#0:script/workspace/loading.lua:181]: Compile files takes [0.000] sec: file:///Users/florian/.dotfiles/.config/nvim/undodir/%25Users%25florian%25.dotfiles%25.config%25nushell%25config.nu
[21:06:28.735][info] [#0:script/workspace/loading.lua:182]: Loaded finish:	file:///Users/florian/.dotfiles/.config/nvim/undodir/%25Users%25florian%25.dotfiles%25.config%25nushell%25config.nu
[21:06:28.735][info] [#0:script/workspace/workspace.lua:290]: Scan files at:	file:///Users/florian/.dotfiles/.config/nvim/undodir/%25Users%25florian%25.dotfiles%25.config%25nushell%25env.nu
[21:06:28.735][info] [#0:script/workspace/loading.lua:160]: Load files from disk:	file:///Users/florian/.dotfiles/.config/nvim/undodir/%25Users%25florian%25.dotfiles%25.config%25nushell%25env.nu
[21:06:28.735][info] [#0:script/workspace/loading.lua:172]: Loaded files takes [0.000] sec: file:///Users/florian/.dotfiles/.config/nvim/undodir/%25Users%25florian%25.dotfiles%25.config%25nushell%25env.nu
[21:06:28.736][info] [#0:script/workspace/loading.lua:181]: Compile files takes [0.000] sec: file:///Users/florian/.dotfiles/.config/nvim/undodir/%25Users%25florian%25.dotfiles%25.config%25nushell%25env.nu
[21:06:28.736][info] [#0:script/workspace/loading.lua:182]: Loaded finish:	file:///Users/florian/.dotfiles/.config/nvim/undodir/%25Users%25florian%25.dotfiles%25.config%25nushell%25env.nu
[21:06:29.095][info] [#0:script/workspace/workspace.lua:290]: Scan files at:	file:///Users/florian/.dotfiles/.config/nvim/undodir/%25Users%25florian%25.dotfiles%25.config%25nushell%25config.nu
[21:06:29.095][info] [#0:script/workspace/loading.lua:160]: Load files from disk:	file:///Users/florian/.dotfiles/.config/nvim/undodir/%25Users%25florian%25.dotfiles%25.config%25nushell%25config.nu
[21:06:29.095][info] [#0:script/workspace/loading.lua:172]: Loaded files takes [0.000] sec: file:///Users/florian/.dotfiles/.config/nvim/undodir/%25Users%25florian%25.dotfiles%25.config%25nushell%25config.nu
[21:06:29.095][info] [#0:script/workspace/loading.lua:181]: Compile files takes [0.000] sec: file:///Users/florian/.dotfiles/.config/nvim/undodir/%25Users%25florian%25.dotfiles%25.config%25nushell%25config.nu
[21:06:29.095][info] [#0:script/workspace/loading.lua:182]: Loaded finish:	file:///Users/florian/.dotfiles/.config/nvim/undodir/%25Users%25florian%25.dotfiles%25.config%25nushell%25config.nu
[21:06:29.095][info] [#0:script/workspace/workspace.lua:290]: Scan files at:	file:///Users/florian/.dotfiles/.config/nvim/undodir/%25Users%25florian%25.dotfiles%25.config%25nushell%25env.nu
[21:06:29.095][info] [#0:script/workspace/loading.lua:160]: Load files from disk:	file:///Users/florian/.dotfiles/.config/nvim/undodir/%25Users%25florian%25.dotfiles%25.config%25nushell%25env.nu
[21:06:29.096][info] [#0:script/workspace/loading.lua:172]: Loaded files takes [0.000] sec: file:///Users/florian/.dotfiles/.config/nvim/undodir/%25Users%25florian%25.dotfiles%25.config%25nushell%25env.nu
[21:06:29.096][info] [#0:script/workspace/loading.lua:181]: Compile files takes [0.000] sec: file:///Users/florian/.dotfiles/.config/nvim/undodir/%25Users%25florian%25.dotfiles%25.config%25nushell%25env.nu
[21:06:29.096][info] [#0:script/workspace/loading.lua:182]: Loaded finish:	file:///Users/florian/.dotfiles/.config/nvim/undodir/%25Users%25florian%25.dotfiles%25.config%25nushell%25env.nu
[21:06:32.596][warn] [#0:script/pub/report.lua:24]: Load proto error:	Disconnected!
[21:06:36.447][info] [#0:script/provider/provider.lua:176]: Server shutdown.
[21:06:36.448][warn] [#0:script/pub/report.lua:24]: Load proto error:	Disconnected!
